listing_id,target_key,grade,score_total,denominator,calc_version,dict_version,history.lien(10),history.not_join(25),history.owner(15),history.usage(30),spec.options(20),spec.trim(25),state.accident(40),state.consumable(10),state.frame(30),state.integrity(5),state.leak(10),state.outer(20),state.repair(20),state.special(15),taste.color(10),taste.hud(15),taste.picked(15),taste.sunroof(10),value.depreciation(80),value.market(100),value.mileage(70),warranty.general(20),warranty.power(30),warranty.site(50)
3,GRANDEUR_LPG,E,245.0,675.0,c1,d1,0.0,0.0,0.0,0.0,18.0,25.0,0.0,0.0,0.0,0.0,0.0,0.0,0.0,0.0,10.0,15.0,15.0,10.0,80.0,0.0,70.0,12.0,30.0,10.0
4,KOLEOS_HEV,C,417.0,675.0,c1,d1,10.0,20.0,11.0,30.0,14.0,5.0,40.0,0.0,30.0,0.0,10.0,20.0,20.0,15.0,10.0,15.0,15.0,0.0,46.0,1.0,70.0,15.0,30.0,10.0
5,KOLEOS_HEV,D,171.0,675.0,c1,d1,10.0,0.0,0.0,0.0,14.0,5.0,0.0,0.0,0.0,0.0,0.0,0.0,0.0,0.0,10.0,15.0,15.0,0.0,46.0,1.0,70.0,15.0,30.0,10.0
6,KOLEOS_HEV,B,499.0,675.0,c1,d1,10.0,25.0,15.0,30.0,12.0,12.0,40.0,0.0,30.0,3.0,10.0,20.0,20.0,15.0,10.0,15.0,15.0,0.0,72.0,49.0,39.0,17.0,30.0,10.0
7,KOLEOS_HEV,D,241.0,675.0,c1,d1,10.0,0.0,0.0,0.0,12.0,12.0,0.0,0.0,0.0,0.0,0.0,0.0,0.0,0.0,10.0,15.0,15.0,0.0,72.0,49.0,39.0,17.0,30.0,10.0
8,KOLEOS_HEV,C,459.0,675.0,c1,d1,10.0,25.0,11.0,30.0,12.0,2.0,40.0,0.0,30.0,3.0,10.0,20.0,20.0,15.0,10.0,15.0,15.0,0.0,80.0,64.0,0.0,7.0,30.0,10.0
9,KOLEOS_HEV,E,367.0,675.0,c1,d1,0.0,25.0,15.0,10.0,0.0,8.0,40.0,0.0,0.0,0.0,0.0,0.0,20.0,15.0,7.0,15.0,15.0,0.0,67.0,0.0,70.0,20.0,30.0,10.0
10,KOLEOS_HEV,D,298.0,675.0,c1,d1,10.0,0.0,0.0,0.0,0.0,2.0,0.0,0.0,30.0,0.0,10.0,20.0,0.0,0.0,10.0,0.0,15.0,0.0,80.0,68.0,70.0,13.0,30.0,10.0
11,KOLEOS_HEV,E,296.0,675.0,c1,d1,0.0,20.0,15.0,0.0,18.0,8.0,40.0,0.0,0.0,0.0,0.0,0.0,20.0,15.0,10.0,15.0,15.0,0.0,80.0,0.0,70.0,20.0,30.0,0.0
12,KOLEOS_HEV,D,366.0,675.0,c1,d1,10.0,4.0,11.0,0.0,6.0,5.0,40.0,0.0,30.0,3.0,10.0,20.0,20.0,15.0,10.0,0.0,15.0,0.0,74.0,58.0,57.0,18.0,30.0,20.0
13,KOLEOS_HEV,D,253.0,675.0,c1,d1,10.0,0.0,0.0,0.0,6.0,5.0,0.0,0.0,0.0,0.0,0.0,0.0,0.0,0.0,10.0,0.0,15.0,0.0,74.0,58.0,57.0,18.0,30.0,20.0
14,KOLEOS_HEV,B,488.0,675.0,c1,d1,10.0,23.0,0.0,30.0,13.0,15.0,22.0,0.0,30.0,3.0,10.0,20.0,20.0,15.0,10.0,15.0,15.0,0.0,71.0,33.0,70.0,13.0,30.0,20.0
15,KOLEOS_HEV,D,265.0,675.0,c1,d1,10.0,0.0,0.0,0.0,13.0,15.0,0.0,0.0,0.0,0.0,0.0,0.0,0.0,0.0,10.0,15.0,15.0,0.0,71.0,33.0,70.0,13.0,30.0,20.0
16,KOLEOS_HEV,E,438.0,675.0,c1,d1,10.0,25.0,15.0,30.0,20.0,5.0,10.0,0.0,18.0,3.0,10.0,0.0,8.0,15.0,10.0,15.0,15.0,0.0,80.0,68.0,61.0,20.0,30.0,10.0
17,KOLEOS_HEV,E,365.0,675.0,c1,d1,10.0,25.0,3.0,30.0,13.0,15.0,22.0,0.0,0.0,3.0,10.0,0.0,0.0,15.0,10.0,15.0,15.0,0.0,80.0,82.0,43.0,14.0,30.0,10.0
18,KOLEOS_HEV,C,417.0,675.0,c1,d1,10.0,3.0,11.0,30.0,12.0,5.0,40.0,0.0,30.0,3.0,10.0,20.0,20.0,15.0,10.0,0.0,15.0,0.0,70.0,47.0,50.0,16.0,30.0,10.0
19,KOLEOS_HEV,B,463.0,675.0,c1,d1,10.0,25.0,11.0,30.0,7.0,15.0,22.0,0.0,30.0,3.0,10.0,20.0,20.0,15.0,10.0,0.0,15.0,0.0,74.0,46.0,47.0,13.0,30.0,10.0
20,KOLEOS_HEV,B,481.0,675.0,c1,d1,10.0,25.0,15.0,30.0,14.0,2.0,22.0,0.0,30.0,3.0,10.0,20.0,20.0,15.0,10.0,15.0,15.0,0.0,75.0,39.0,47.0,14.0,30.0,20.0
21,KOLEOS_HEV,D,241.0,675.0,c1,d1,10.0,0.0,0.0,0.0,14.0,2.0,0.0,0.0,0.0,0.0,0.0,0.0,0.0,0.0,10.0,15.0,15.0,0.0,75.0,39.0,47.0,14.0,30.0,20.0
22,KOLEOS_HEV,B,529.0,675.0,c1,d1,10.0,25.0,11.0,30.0,14.0,15.0,40.0,0.0,30.0,3.0,10.0,20.0,20.0,15.0,10.0,15.0,15.0,0.0,75.0,40.0,68.0,13.0,30.0,20.0
23,KOLEOS_HEV,D,275.0,675.0,c1,d1,10.0,0.0,0.0,0.0,14.0,15.0,0.0,0.0,0.0,0.0,0.0,0.0,0.0,0.0,10.0,15.0,15.0,0.0,75.0,40.0,68.0,13.0,30.0,20.0
24,KOLEOS_HEV,B,484.0,675.0,c1,d1,10.0,25.0,11.0,30.0,13.0,15.0,40.0,0.0,30.0,3.0,10.0,20.0,20.0,15.0,10.0,15.0,15.0,0.0,80.0,52.0,16.0,14.0,30.0,10.0
25,KOLEOS_HEV,D,20.0,675.0,c1,d1,0.0,0.0,0.0,0.0,0.0,0.0,0.0,0.0,0.0,0.0,0.0,0.0,0.0,0.0,,,15.0,,0.0,15.0,70.0,0.0,0.0,0.0
26,KOLEOS_HEV,D,20.0,675.0,c1,d1,0.0,0.0,0.0,0.0,0.0,0.0,0.0,0.0,0.0,0.0,0.0,0.0,0.0,0.0,,,15.0,,0.0,15.0,70.0,0.0,0.0,0.0
27,KOLEOS_HEV,B,528.0,675.0,c1,d1,10.0,25.0,15.0,30.0,6.0,12.0,40.0,0.0,30.0,3.0,10.0,20.0,20.0,15.0,10.0,15.0,15.0,0.0,72.0,56.0,59.0,15.0,30.0,20.0
28,KOLEOS_HEV,D,270.0,675.0,c1,d1,10.0,0.0,0.0,0.0,6.0,12.0,0.0,0.0,0.0,0.0,0.0,0.0,0.0,0.0,10.0,15.0,15.0,0.0,72.0,56.0,59.0,15.0,30.0,20.0
29,KOLEOS_HEV,E,428.0,675.0,c1,d1,0.0,25.0,11.0,30.0,14.0,15.0,0.0,0.0,30.0,3.0,10.0,20.0,8.0,15.0,10.0,15.0,15.0,0.0,80.0,55.0,39.0,13.0,30.0,20.0
30,KOLEOS_HEV,B,516.0,675.0,c1,d1,10.0,25.0,15.0,30.0,12.0,15.0,40.0,0.0,30.0,3.0,10.0,20.0,20.0,15.0,10.0,15.0,15.0,0.0,68.0,29.0,70.0,14.0,30.0,20.0
31,KOLEOS_HEV,E,226.0,675.0,c1,d1,0.0,0.0,0.0,0.0,14.0,15.0,0.0,0.0,0.0,0.0,0.0,0.0,0.0,0.0,10.0,15.0,15.0,0.0,80.0,55.0,39.0,13.0,30.0,20.0
32,KOLEOS_HEV,D,258.0,675.0,c1,d1,10.0,0.0,0.0,0.0,12.0,15.0,0.0,0.0,0.0,0.0,0.0,0.0,0.0,0.0,10.0,15.0,15.0,0.0,68.0,29.0,70.0,14.0,30.0,20.0
33,KOLEOS_HEV,B,515.0,675.0,c1,d1,10.0,25.0,15.0,30.0,13.0,15.0,40.0,0.0,30.0,3.0,10.0,20.0,20.0,15.0,10.0,15.0,15.0,0.0,67.0,40.0,67.0,15.0,30.0,10.0
34,KOLEOS_HEV,D,276.0,675.0,c1,d1,10.0,3.0,11.0,0.0,12.0,2.0,10.0,0.0,30.0,3.0,10.0,0.0,12.0,15.0,10.0,15.0,15.0,0.0,76.0,44.0,33.0,15.0,30.0,10.0
35,KOLEOS_HEV,B,499.0,675.0,c1,d1,0.0,25.0,11.0,30.0,1.0,15.0,40.0,0.0,30.0,3.0,10.0,20.0,20.0,15.0,10.0,0.0,15.0,0.0,71.0,50.0,69.0,14.0,30.0,20.0
36,KOLEOS_HEV,D,222.0,675.0,c1,d1,10.0,0.0,0.0,0.0,12.0,2.0,0.0,0.0,0.0,0.0,0.0,0.0,0.0,0.0,10.0,15.0,15.0,0.0,76.0,44.0,33.0,15.0,30.0,10.0
37,KOLEOS_HEV,D,245.0,675.0,c1,d1,0.0,0.0,0.0,0.0,1.0,15.0,0.0,0.0,0.0,0.0,0.0,0.0,0.0,0.0,10.0,0.0,15.0,0.0,71.0,50.0,69.0,14.0,30.0,20.0
38,KOLEOS_HEV,E,175.0,675.0,c1,d1,0.0,0.0,0.0,0.0,12.0,8.0,0.0,0.0,0.0,0.0,0.0,0.0,0.0,0.0,10.0,0.0,15.0,10.0,80.0,0.0,70.0,20.0,30.0,0.0
39,KOLEOS_HEV,D,37.0,675.0,c1,d1,0.0,0.0,0.0,0.0,0.0,0.0,0.0,0.0,0.0,0.0,0.0,0.0,0.0,0.0,,,15.0,,0.0,53.0,49.0,0.0,0.0,0.0
40,KOLEOS_HEV,D,37.0,675.0,c1,d1,0.0,0.0,0.0,0.0,0.0,0.0,0.0,0.0,0.0,0.0,0.0,0.0,0.0,0.0,,,15.0,,0.0,53.0,49.0,0.0,0.0,0.0
41,KOLEOS_HEV,B,485.0,675.0,c1,d1,10.0,25.0,15.0,30.0,6.0,5.0,22.0,0.0,30.0,3.0,10.0,20.0,8.0,15.0,10.0,0.0,15.0,0.0,80.0,69.0,55.0,17.0,30.0,10.0
42,KOLEOS_HEV,B,498.0,675.0,c1,d1,10.0,25.0,15.0,30.0,1.0,15.0,40.0,0.0,30.0,3.0,10.0,20.0,20.0,15.0,10.0,0.0,15.0,0.0,73.0,53.0,48.0,15.0,30.0,20.0
43,KOLEOS_HEV,D,240.0,675.0,c1,d1,10.0,0.0,0.0,0.0,1.0,15.0,0.0,0.0,0.0,0.0,0.0,0.0,0.0,0.0,10.0,0.0,15.0,0.0,73.0,53.0,48.0,15.0,30.0,20.0
44,KOLEOS_HEV,B,505.0,675.0,c1,d1,10.0,25.0,15.0,30.0,8.0,15.0,22.0,0.0,30.0,3.0,10.0,20.0,20.0,15.0,10.0,15.0,15.0,0.0,77.0,52.0,50.0,13.0,30.0,20.0
45,KOLEOS_HEV,D,265.0,675.0,c1,d1,10.0,0.0,0.0,0.0,8.0,15.0,0.0,0.0,0.0,0.0,0.0,0.0,0.0,0.0,10.0,15.0,15.0,0.0,77.0,52.0,50.0,13.0,30.0,20.0
46,KOLEOS_HEV,D,28.0,675.0,c1,d1,0.0,0.0,0.0,0.0,0.0,0.0,0.0,0.0,0.0,0.0,0.0,0.0,0.0,0.0,,,15.0,,0.0,24.0,69.0,0.0,0.0,0.0
47,KOLEOS_HEV,D,28.0,675.0,c1,d1,0.0,0.0,0.0,0.0,0.0,0.0,0.0,0.0,0.0,0.0,0.0,0.0,0.0,0.0,,,15.0,,0.0,24.0,69.0,0.0,0.0,0.0
48,KOLEOS_HEV,B,482.0,675.0,c1,d1,10.0,25.0,7.0,30.0,13.0,12.0,40.0,0.0,30.0,3.0,10.0,20.0,20.0,15.0,10.0,15.0,15.0,0.0,57.0,23.0,57.0,20.0,30.0,20.0
49,KOLEOS_HEV,D,232.0,675.0,c1,d1,10.0,0.0,0.0,0.0,13.0,12.0,0.0,0.0,0.0,0.0,0.0,0.0,0.0,0.0,10.0,15.0,15.0,0.0,57.0,23.0,57.0,20.0,30.0,20.0
50,KOLEOS_HEV,C,465.0,675.0,c1,d1,0.0,25.0,3.0,30.0,8.0,2.0,22.0,0.0,30.0,3.0,10.0,20.0,4.0,15.0,10.0,15.0,15.0,0.0,75.0,49.0,64.0,15.0,30.0,20.0
51,KOLEOS_HEV,D,253.0,675.0,c1,d1,0.0,0.0,0.0,0.0,8.0,2.0,0.0,0.0,0.0,0.0,0.0,0.0,0.0,0.0,10.0,15.0,15.0,0.0,75.0,49.0,64.0,15.0,30.0,20.0
52,KOLEOS_HEV,B,494.0,675.0,c1,d1,10.0,25.0,15.0,30.0,0.0,5.0,40.0,0.0,30.0,3.0,10.0,20.0,20.0,15.0,10.0,0.0,15.0,0.0,60.0,47.0,70.0,19.0,30.0,20.0
53,KOLEOS_HEV,D,346.0,675.0,c1,d1,0.0,3.0,11.0,8.0,12.0,15.0,22.0,0.0,30.0,3.0,10.0,20.0,8.0,15.0,10.0,15.0,15.0,0.0,76.0,45.0,13.0,15.0,30.0,10.0
54,KOLEOS_HEV,D,236.0,675.0,c1,d1,10.0,0.0,0.0,0.0,0.0,5.0,0.0,0.0,0.0,0.0,0.0,0.0,0.0,0.0,10.0,0.0,15.0,0.0,60.0,47.0,70.0,19.0,30.0,20.0
55,KOLEOS_HEV,B,465.0,675.0,c1,d1,10.0,25.0,15.0,30.0,8.0,5.0,40.0,0.0,30.0,3.0,10.0,20.0,20.0,15.0,10.0,0.0,15.0,0.0,73.0,55.0,23.0,18.0,30.0,10.0
56,KOLEOS_HEV,B,526.0,675.0,c1,d1,10.0,25.0,15.0,30.0,7.0,15.0,40.0,0.0,30.0,3.0,10.0,20.0,20.0,15.0,10.0,15.0,15.0,0.0,74.0,49.0,58.0,15.0,30.0,20.0
57,KOLEOS_HEV,D,268.0,675.0,c1,d1,10.0,0.0,0.0,0.0,7.0,15.0,0.0,0.0,0.0,0.0,0.0,0.0,0.0,0.0,10.0,15.0,15.0,0.0,74.0,49.0,58.0,15.0,30.0,20.0
58,KOLEOS_HEV,E,224.0,675.0,c1,d1,0.0,3.0,15.0,0.0,14.0,5.0,22.0,0.0,0.0,0.0,0.0,0.0,8.0,15.0,10.0,0.0,15.0,0.0,80.0,0.0,70.0,17.0,30.0,10.0
59,KOLEOS_HEV,C,470.0,675.0,c1,d1,10.0,25.0,15.0,30.0,8.0,2.0,10.0,0.0,30.0,3.0,10.0,20.0,16.0,15.0,10.0,15.0,15.0,0.0,79.0,54.0,39.0,14.0,30.0,20.0
60,KOLEOS_HEV,D,246.0,675.0,c1,d1,10.0,0.0,0.0,0.0,8.0,2.0,0.0,0.0,0.0,0.0,0.0,0.0,0.0,0.0,10.0,15.0,15.0,0.0,79.0,54.0,39.0,14.0,30.0,20.0
61,KOLEOS_HEV,B,515.0,675.0,c1,d1,10.0,22.0,11.0,30.0,7.0,15.0,40.0,0.0,30.0,3.0,10.0,20.0,20.0,15.0,10.0,0.0,15.0,0.0,70.0,52.0,70.0,15.0,30.0,20.0
62,KOLEOS_HEV,D,264.0,675.0,c1,d1,10.0,0.0,0.0,0.0,7.0,15.0,0.0,0.0,0.0,0.0,0.0,0.0,0.0,0.0,10.0,0.0,15.0,0.0,70.0,52.0,70.0,15.0,30.0,20.0
63,KOLEOS_HEV,D,9.0,675.0,c1,d1,0.0,0.0,0.0,0.0,0.0,0.0,0.0,0.0,0.0,0.0,0.0,0.0,0.0,0.0,,,15.0,,0.0,56.0,18.0,0.0,0.0,0.0
64,KOLEOS_HEV,B,508.0,675.0,c1,d1,10.0,25.0,11.0,30.0,13.0,12.0,40.0,0.0,30.0,3.0,10.0,20.0,20.0,15.0,10.0,15.0,15.0,0.0,73.0,51.0,46.0,19.0,30.0,10.0
65,KOLEOS_HEV,E,388.0,675.0,c1,d1,10.0,25.0,15.0,30.0,8.0,5.0,22.0,0.0,30.0,3.0,10.0,0.0,20.0,15.0,10.0,15.0,15.0,0.0,51.0,23.0,22.0,19.0,30.0,10.0
66,KOLEOS_HEV,D,9.0,675.0,c1,d1,0.0,0.0,0.0,0.0,0.0,0.0,0.0,0.0,0.0,0.0,0.0,0.0,0.0,0.0,,,15.0,,0.0,56.0,18.0,0.0,0.0,0.0
67,KOLEOS_HEV,C,448.0,675.0,c1,d1,10.0,25.0,15.0,30.0,0.0,5.0,10.0,0.0,30.0,3.0,10.0,20.0,20.0,15.0,10.0,0.0,15.0,0.0,80.0,73.0,22.0,15.0,30.0,10.0
68,KOLEOS_HEV,D,41.0,675.0,c1,d1,0.0,0.0,0.0,0.0,0.0,0.0,0.0,0.0,0.0,0.0,0.0,0.0,0.0,0.0,,,15.0,,0.0,51.0,55.0,0.0,0.0,0.0
69,KOLEOS_HEV,B,508.0,675.0,c1,d1,10.0,25.0,11.0,30.0,20.0,2.0,40.0,0.0,30.0,3.0,10.0,20.0,20.0,15.0,10.0,15.0,15.0,0.0,77.0,36.0,56.0,13.0,30.0,20.0
70,KOLEOS_HEV,D,41.0,675.0,c1,d1,0.0,0.0,0.0,0.0,0.0,0.0,0.0,0.0,0.0,0.0,0.0,0.0,0.0,0.0,,,15.0,,0.0,51.0,55.0,0.0,0.0,0.0
71,KOLEOS_HEV,D,254.0,675.0,c1,d1,10.0,0.0,0.0,0.0,20.0,2.0,0.0,0.0,0.0,0.0,0.0,0.0,0.0,0.0,10.0,15.0,15.0,0.0,77.0,36.0,56.0,13.0,30.0,20.0
72,KOLEOS_HEV,B,507.0,675.0,c1,d1,10.0,25.0,15.0,30.0,6.0,5.0,40.0,0.0,30.0,3.0,10.0,20.0,20.0,15.0,10.0,15.0,15.0,0.0,67.0,50.0,52.0,19.0,30.0,20.0
73,KOLEOS_HEV,D,249.0,675.0,c1,d1,10.0,0.0,0.0,0.0,6.0,5.0,0.0,0.0,0.0,0.0,0.0,0.0,0.0,0.0,10.0,15.0,15.0,0.0,67.0,50.0,52.0,19.0,30.0,20.0
74,KOLEOS_HEV,C,467.0,675.0,c1,d1,10.0,22.0,11.0,30.0,12.0,15.0,10.0,0.0,30.0,3.0,10.0,0.0,8.0,15.0,10.0,15.0,15.0,0.0,80.0,61.0,54.0,16.0,30.0,10.0
75,KOLEOS_HEV,B,505.0,675.0,c1,d1,10.0,25.0,15.0,30.0,8.0,5.0,40.0,0.0,30.0,3.0,10.0,20.0,20.0,15.0,10.0,15.0,15.0,0.0,62.0,40.0,63.0,19.0,30.0,20.0
76,KOLEOS_HEV,D,247.0,675.0,c1,d1,10.0,0.0,0.0,0.0,8.0,5.0,0.0,0.0,0.0,0.0,0.0,0.0,0.0,0.0,10.0,15.0,15.0,0.0,62.0,40.0,63.0,19.0,30.0,20.0
77,KOLEOS_HEV,B,475.0,675.0,c1,d1,10.0,25.0,11.0,30.0,1.0,15.0,40.0,0.0,30.0,3.0,10.0,20.0,20.0,15.0,10.0,0.0,15.0,0.0,68.0,45.0,52.0,15.0,30.0,10.0
78,KOLEOS_HEV,B,465.0,675.0,c1,d1,10.0,25.0,15.0,30.0,0.0,5.0,40.0,0.0,30.0,3.0,10.0,20.0,20.0,15.0,10.0,0.0,15.0,0.0,58.0,45.0,57.0,17.0,30.0,10.0
79,KOLEOS_HEV,C,467.0,675.0,c1,d1,10.0,17.0,15.0,30.0,20.0,2.0,0.0,0.0,30.0,3.0,10.0,20.0,4.0,15.0,10.0,15.0,15.0,0.0,79.0,40.0,67.0,15.0,30.0,20.0
80,KOLEOS_HEV,E,308.0,675.0,c1,d1,0.0,25.0,15.0,0.0,0.0,8.0,40.0,0.0,0.0,0.0,0.0,0.0,20.0,15.0,10.0,0.0,15.0,0.0,80.0,0.0,70.0,20.0,30.0,10.0
81,KOLEOS_HEV,D,273.0,675.0,c1,d1,10.0,0.0,0.0,0.0,20.0,2.0,0.0,0.0,0.0,0.0,0.0,0.0,0.0,0.0,10.0,15.0,15.0,0.0,79.0,40.0,67.0,15.0,30.0,20.0
82,KOLEOS_HEV,E,308.0,675.0,c1,d1,0.0,25.0,15.0,0.0,0.0,8.0,40.0,0.0,0.0,0.0,0.0,0.0,20.0,15.0,10.0,0.0,15.0,0.0,80.0,0.0,70.0,20.0,30.0,10.0
83,KOLEOS_HEV,B,469.0,675.0,c1,d1,10.0,25.0,15.0,30.0,0.0,8.0,40.0,0.0,30.0,3.0,10.0,20.0,20.0,15.0,10.0,0.0,15.0,0.0,59.0,55.0,34.0,20.0,30.0,20.0
84,KOLEOS_HEV,D,211.0,675.0,c1,d1,10.0,0.0,0.0,0.0,0.0,8.0,0.0,0.0,0.0,0.0,0.0,0.0,0.0,0.0,10.0,0.0,15.0,0.0,59.0,55.0,34.0,20.0,30.0,20.0
85,KOLEOS_HEV,C,448.0,675.0,c1,d1,10.0,25.0,3.0,30.0,18.0,2.0,0.0,0.0,30.0,3.0,10.0,0.0,4.0,15.0,10.0,15.0,15.0,0.0,80.0,75.0,38.0,15.0,30.0,20.0
86,KOLEOS_HEV,B,481.0,675.0,c1,d1,10.0,25.0,11.0,30.0,14.0,12.0,40.0,0.0,30.0,3.0,10.0,12.0,20.0,15.0,10.0,15.0,15.0,0.0,68.0,40.0,44.0,17.0,30.0,10.0
87,KOLEOS_HEV,D,278.0,675.0,c1,d1,10.0,0.0,0.0,0.0,18.0,2.0,0.0,0.0,0.0,0.0,0.0,0.0,0.0,0.0,10.0,15.0,15.0,0.0,80.0,75.0,38.0,15.0,30.0,20.0
88,KOLEOS_HEV,D,397.0,675.0,c1,d1,10.0,25.0,15.0,30.0,6.0,2.0,10.0,0.0,30.0,3.0,10.0,0.0,4.0,15.0,10.0,0.0,15.0,0.0,80.0,61.0,8.0,13.0,30.0,20.0
89,KOLEOS_HEV,D,205.0,675.0,c1,d1,10.0,0.0,0.0,0.0,6.0,2.0,0.0,0.0,0.0,0.0,0.0,0.0,0.0,0.0,10.0,0.0,15.0,0.0,80.0,61.0,8.0,13.0,30.0,20.0
90,KOLEOS_HEV,D,18.0,675.0,c1,d1,0.0,0.0,0.0,0.0,0.0,0.0,0.0,0.0,0.0,0.0,0.0,0.0,0.0,0.0,,,15.0,,0.0,74.0,9.0,0.0,0.0,0.0
91,KOLEOS_HEV,E,308.0,675.0,c1,d1,0.0,25.0,15.0,0.0,0.0,8.0,40.0,0.0,0.0,0.0,0.0,0.0,20.0,15.0,10.0,0.0,15.0,0.0,80.0,0.0,70.0,20.0,30.0,10.0
92,KOLEOS_HEV,D,105.0,675.0,c1,d1,0.0,0.0,0.0,0.0,0.0,0.0,0.0,0.0,0.0,0.0,0.0,0.0,0.0,0.0,,,15.0,,0.0,100.0,70.0,0.0,0.0,0.0
93,KOLEOS_HEV,D,2.0,675.0,c1,d1,0.0,0.0,0.0,0.0,0.0,0.0,0.0,0.0,0.0,0.0,0.0,0.0,0.0,0.0,,,15.0,,0.0,25.0,42.0,0.0,0.0,0.0
94,KOLEOS_HEV,D,298.0,675.0,c1,d1,10.0,3.0,11.0,0.0,8.0,12.0,10.0,0.0,30.0,3.0,10.0,0.0,20.0,15.0,10.0,15.0,15.0,0.0,80.0,72.0,5.0,19.0,30.0,10.0
95,KOLEOS_HEV,B,500.0,675.0,c1,d1,10.0,18.0,11.0,30.0,1.0,15.0,40.0,0.0,30.0,3.0,10.0,20.0,20.0,15.0,10.0,0.0,15.0,0.0,80.0,63.0,46.0,13.0,30.0,20.0
96,KOLEOS_HEV,B,485.0,675.0,c1,d1,10.0,25.0,15.0,30.0,0.0,15.0,40.0,0.0,30.0,3.0,10.0,20.0,20.0,15.0,10.0,0.0,15.0,0.0,75.0,56.0,41.0,15.0,30.0,10.0
97,KOLEOS_HEV,E,308.0,675.0,c1,d1,0.0,25.0,15.0,0.0,0.0,8.0,40.0,0.0,0.0,0.0,0.0,0.0,20.0,15.0,10.0,0.0,15.0,0.0,80.0,0.0,70.0,20.0,30.0,10.0
98,KOLEOS_HEV,D,253.0,675.0,c1,d1,10.0,0.0,0.0,0.0,1.0,15.0,0.0,0.0,0.0,0.0,0.0,0.0,0.0,0.0,10.0,0.0,15.0,0.0,80.0,63.0,46.0,13.0,30.0,20.0
99,KOLEOS_HEV,E,308.0,675.0,c1,d1,0.0,25.0,15.0,0.0,0.0,8.0,40.0,0.0,0.0,0.0,0.0,0.0,20.0,15.0,10.0,0.0,15.0,0.0,80.0,0.0,70.0,20.0,30.0,10.0
100,KOLEOS_HEV,E,297.0,675.0,c1,d1,0.0,14.0,15.0,0.0,0.0,8.0,40.0,0.0,0.0,0.0,0.0,0.0,20.0,15.0,10.0,0.0,15.0,0.0,80.0,0.0,70.0,20.0,30.0,10.0
101,KOLEOS_HEV,E,421.0,675.0,c1,d1,0.0,25.0,11.0,30.0,1.0,12.0,40.0,0.0,30.0,3.0,10.0,20.0,20.0,15.0,7.0,0.0,15.0,0.0,60.0,44.0,49.0,19.0,30.0,10.0
102,KOLEOS_HEV,C,462.0,675.0,c1,d1,10.0,25.0,11.0,30.0,6.0,5.0,10.0,0.0,30.0,3.0,10.0,20.0,8.0,15.0,10.0,0.0,15.0,0.0,75.0,59.0,54.0,16.0,30.0,20.0
103,KOLEOS_HEV,D,250.0,675.0,c1,d1,10.0,0.0,0.0,0.0,6.0,5.0,0.0,0.0,0.0,0.0,0.0,0.0,0.0,0.0,10.0,0.0,15.0,0.0,75.0,59.0,54.0,16.0,30.0,20.0
104,KOLEOS_HEV,D,25.0,675.0,c1,d1,0.0,0.0,0.0,0.0,0.0,0.0,0.0,0.0,0.0,0.0,0.0,0.0,0.0,0.0,,,15.0,,0.0,55.0,35.0,0.0,0.0,0.0
105,KOLEOS_HEV,E,308.0,675.0,c1,d1,0.0,25.0,15.0,0.0,0.0,8.0,40.0,0.0,0.0,0.0,0.0,0.0,20.0,15.0,10.0,0.0,15.0,0.0,80.0,0.0,70.0,20.0,30.0,10.0
106,KOLEOS_HEV,C,459.0,675.0,c1,d1,10.0,25.0,15.0,30.0,0.0,15.0,40.0,0.0,30.0,3.0,10.0,20.0,20.0,15.0,10.0,0.0,15.0,0.0,80.0,85.0,0.0,0.0,16.0,20.0
107,KOLEOS_HEV,D,201.0,675.0,c1,d1,10.0,0.0,0.0,0.0,0.0,15.0,0.0,0.0,0.0,0.0,0.0,0.0,0.0,0.0,10.0,0.0,15.0,0.0,80.0,85.0,0.0,0.0,16.0,20.0
108,KOLEOS_HEV,C,469.0,675.0,c1,d1,10.0,20.0,7.0,30.0,20.0,5.0,40.0,0.0,30.0,3.0,10.0,20.0,20.0,15.0,10.0,15.0,15.0,0.0,74.0,44.0,11.0,20.0,30.0,20.0
109,KOLEOS_HEV,D,224.0,675.0,c1,d1,10.0,0.0,0.0,0.0,20.0,5.0,0.0,0.0,0.0,0.0,0.0,0.0,0.0,0.0,10.0,15.0,15.0,0.0,74.0,44.0,11.0,20.0,30.0,20.0
110,KOLEOS_HEV,E,464.0,675.0,c1,d1,10.0,25.0,11.0,30.0,6.0,2.0,22.0,0.0,30.0,3.0,10.0,0.0,0.0,15.0,10.0,0.0,15.0,0.0,80.0,83.0,57.0,15.0,30.0,10.0
111,KOLEOS_HEV,E,428.0,675.0,c1,d1,10.0,25.0,15.0,30.0,20.0,5.0,10.0,0.0,18.0,3.0,10.0,0.0,20.0,0.0,10.0,0.0,15.0,0.0,80.0,74.0,63.0,20.0,30.0,10.0
112,KOLEOS_HEV,D,361.0,675.0,c1,d1,10.0,3.0,11.0,8.0,12.0,2.0,40.0,0.0,30.0,3.0,10.0,0.0,20.0,15.0,10.0,15.0,15.0,0.0,80.0,74.0,0.0,0.0,23.0,20.0
113,KOLEOS_HEV,B,493.0,675.0,c1,d1,10.0,25.0,15.0,30.0,20.0,25.0,40.0,0.0,30.0,3.0,10.0,20.0,20.0,15.0,10.0,15.0,15.0,0.0,71.0,0.0,49.0,20.0,30.0,20.0
114,KOLEOS_HEV,D,211.0,675.0,c1,d1,10.0,0.0,0.0,0.0,12.0,2.0,0.0,0.0,0.0,0.0,0.0,0.0,0.0,0.0,10.0,15.0,15.0,0.0,80.0,74.0,0.0,0.0,23.0,20.0
115,KOLEOS_HEV,D,235.0,675.0,c1,d1,10.0,0.0,0.0,0.0,20.0,25.0,0.0,0.0,0.0,0.0,0.0,0.0,0.0,0.0,10.0,15.0,15.0,0.0,71.0,0.0,49.0,20.0,30.0,20.0
116,KOLEOS_HEV,E,234.0,675.0,c1,d1,0.0,3.0,15.0,0.0,8.0,8.0,40.0,0.0,0.0,0.0,0.0,0.0,20.0,15.0,10.0,15.0,15.0,0.0,80.0,0.0,35.0,20.0,30.0,10.0
117,KOLEOS_HEV,D,28.0,675.0,c1,d1,0.0,0.0,0.0,0.0,0.0,0.0,0.0,0.0,0.0,0.0,0.0,0.0,0.0,0.0,,,15.0,,0.0,54.0,39.0,0.0,0.0,0.0
118,KOLEOS_HEV,D,45.0,675.0,c1,d1,0.0,0.0,0.0,0.0,0.0,0.0,0.0,0.0,0.0,0.0,0.0,0.0,0.0,0.0,,,15.0,,0.0,41.0,69.0,0.0,0.0,0.0
119,KOLEOS_HEV,D,45.0,675.0,c1,d1,0.0,0.0,0.0,0.0,0.0,0.0,0.0,0.0,0.0,0.0,0.0,0.0,0.0,0.0,,,15.0,,0.0,41.0,69.0,0.0,0.0,0.0
120,KOLEOS_HEV,D,28.0,675.0,c1,d1,0.0,0.0,0.0,0.0,0.0,0.0,0.0,0.0,0.0,0.0,0.0,0.0,0.0,0.0,,,15.0,,0.0,54.0,39.0,0.0,0.0,0.0
121,KOLEOS_HEV,B,504.0,675.0,c1,d1,10.0,25.0,15.0,30.0,12.0,12.0,40.0,0.0,30.0,3.0,10.0,20.0,20.0,15.0,10.0,15.0,15.0,0.0,75.0,54.0,24.0,19.0,30.0,20.0
122,KOLEOS_HEV,D,246.0,675.0,c1,d1,10.0,0.0,0.0,0.0,12.0,12.0,0.0,0.0,0.0,0.0,0.0,0.0,0.0,0.0,10.0,15.0,15.0,0.0,75.0,54.0,24.0,19.0,30.0,20.0
123,KOLEOS_HEV,C,457.0,675.0,c1,d1,10.0,25.0,11.0,30.0,6.0,2.0,40.0,0.0,30.0,3.0,10.0,20.0,20.0,15.0,10.0,0.0,15.0,0.0,74.0,49.0,22.0,15.0,30.0,20.0
124,KOLEOS_HEV,C,466.0,675.0,c1,d1,10.0,25.0,11.0,30.0,20.0,2.0,22.0,0.0,30.0,3.0,10.0,20.0,8.0,15.0,10.0,15.0,15.0,0.0,78.0,37.0,40.0,15.0,30.0,20.0
125,KOLEOS_HEV,B,484.0,675.0,c1,d1,10.0,25.0,15.0,30.0,18.0,5.0,40.0,0.0,30.0,3.0,10.0,20.0,20.0,15.0,10.0,15.0,15.0,0.0,76.0,50.0,18.0,19.0,30.0,10.0
126,KOLEOS_HEV,D,242.0,675.0,c1,d1,10.0,0.0,0.0,0.0,20.0,2.0,0.0,0.0,0.0,0.0,0.0,0.0,0.0,0.0,10.0,15.0,15.0,0.0,78.0,37.0,40.0,15.0,30.0,20.0
127,KOLEOS_HEV,C,458.0,675.0,c1,d1,10.0,25.0,11.0,30.0,6.0,15.0,22.0,0.0,30.0,0.0,10.0,20.0,20.0,15.0,10.0,15.0,15.0,0.0,71.0,55.0,43.0,15.0,30.0,10.0
128,KOLEOS_HEV,D,203.0,675.0,c1,d1,10.0,0.0,0.0,0.0,6.0,2.0,0.0,0.0,0.0,0.0,0.0,0.0,0.0,0.0,10.0,0.0,15.0,0.0,74.0,49.0,22.0,15.0,30.0,20.0
129,KOLEOS_HEV,D,332.0,675.0,c1,d1,10.0,3.0,11.0,0.0,14.0,5.0,40.0,0.0,30.0,3.0,10.0,20.0,20.0,15.0,10.0,15.0,15.0,0.0,78.0,57.0,0.0,16.0,30.0,20.0
130,KOLEOS_HEV,D,220.0,675.0,c1,d1,10.0,0.0,0.0,0.0,14.0,5.0,0.0,0.0,0.0,0.0,0.0,0.0,0.0,0.0,10.0,15.0,15.0,0.0,78.0,57.0,0.0,16.0,30.0,20.0
131,KOLEOS_HEV,B,483.0,675.0,c1,d1,10.0,25.0,11.0,30.0,14.0,5.0,22.0,0.0,30.0,3.0,10.0,0.0,4.0,15.0,10.0,15.0,15.0,0.0,75.0,52.0,70.0,17.0,30.0,20.0
132,KOLEOS_HEV,D,283.0,675.0,c1,d1,10.0,0.0,0.0,0.0,14.0,5.0,0.0,0.0,0.0,0.0,0.0,0.0,0.0,0.0,10.0,15.0,15.0,0.0,75.0,52.0,70.0,17.0,30.0,20.0
133,KOLEOS_HEV,B,498.0,675.0,c1,d1,10.0,25.0,15.0,30.0,18.0,2.0,40.0,0.0,30.0,3.0,10.0,20.0,20.0,15.0,10.0,15.0,15.0,0.0,61.0,24.0,70.0,15.0,30.0,20.0
134,KOLEOS_HEV,D,240.0,675.0,c1,d1,10.0,0.0,0.0,0.0,18.0,2.0,0.0,0.0,0.0,0.0,0.0,0.0,0.0,0.0,10.0,15.0,15.0,0.0,61.0,24.0,70.0,15.0,30.0,20.0
135,KOLEOS_HEV,C,467.0,675.0,c1,d1,10.0,25.0,11.0,30.0,12.0,5.0,22.0,0.0,30.0,3.0,10.0,20.0,16.0,15.0,7.0,15.0,15.0,0.0,57.0,25.0,70.0,19.0,30.0,20.0
136,KOLEOS_HEV,D,235.0,675.0,c1,d1,10.0,0.0,0.0,0.0,12.0,5.0,0.0,0.0,0.0,0.0,0.0,0.0,0.0,0.0,7.0,15.0,15.0,0.0,57.0,25.0,70.0,19.0,30.0,20.0
137,KOLEOS_HEV,E,487.0,675.0,c1,d1,10.0,25.0,11.0,30.0,13.0,12.0,40.0,0.0,30.0,3.0,10.0,20.0,20.0,15.0,10.0,15.0,15.0,0.0,72.0,48.0,20.0,18.0,30.0,20.0
138,KOLEOS_HEV,C,471.0,675.0,c1,d1,10.0,25.0,11.0,30.0,12.0,15.0,0.0,0.0,30.0,3.0,10.0,20.0,4.0,15.0,10.0,15.0,15.0,0.0,78.0,49.0,56.0,13.0,30.0,20.0
139,KOLEOS_HEV,E,176.0,675.0,c1,d1,10.0,3.0,15.0,0.0,15.0,2.0,22.0,0.0,0.0,0.0,0.0,0.0,4.0,15.0,10.0,0.0,15.0,0.0,80.0,0.0,20.0,15.0,30.0,10.0
140,KOLEOS_HEV,D,273.0,675.0,c1,d1,10.0,0.0,0.0,0.0,12.0,15.0,0.0,0.0,0.0,0.0,0.0,0.0,0.0,0.0,10.0,15.0,15.0,0.0,78.0,49.0,56.0,13.0,30.0,20.0
141,KOLEOS_HEV,C,475.0,675.0,c1,d1,10.0,25.0,11.0,30.0,12.0,12.0,22.0,0.0,30.0,3.0,10.0,20.0,20.0,15.0,10.0,15.0,15.0,0.0,71.0,48.0,26.0,20.0,30.0,20.0
142,KOLEOS_HEV,D,239.0,675.0,c1,d1,10.0,0.0,0.0,0.0,12.0,12.0,0.0,0.0,0.0,0.0,0.0,0.0,0.0,0.0,10.0,15.0,15.0,0.0,71.0,48.0,26.0,20.0,30.0,20.0
143,KOLEOS_HEV,C,460.0,675.0,c1,d1,10.0,25.0,15.0,30.0,12.0,2.0,40.0,0.0,30.0,3.0,10.0,20.0,20.0,15.0,10.0,15.0,15.0,0.0,80.0,68.0,0.0,0.0,20.0,20.0
144,KOLEOS_HEV,E,233.0,675.0,c1,d1,10.0,0.0,0.0,0.0,13.0,12.0,0.0,0.0,0.0,0.0,0.0,0.0,0.0,0.0,10.0,15.0,15.0,0.0,72.0,48.0,20.0,18.0,30.0,20.0
145,KOLEOS_HEV,B,487.0,675.0,c1,d1,10.0,25.0,15.0,30.0,13.0,12.0,40.0,0.0,30.0,3.0,10.0,20.0,20.0,15.0,10.0,15.0,15.0,0.0,73.0,50.0,11.0,20.0,30.0,20.0
146,KOLEOS_HEV,C,459.0,675.0,c1,d1,10.0,25.0,15.0,30.0,12.0,15.0,22.0,0.0,30.0,3.0,10.0,0.0,4.0,15.0,10.0,15.0,15.0,0.0,76.0,45.0,53.0,14.0,30.0,10.0
147,KOLEOS_HEV,D,229.0,675.0,c1,d1,10.0,0.0,0.0,0.0,13.0,12.0,0.0,0.0,0.0,0.0,0.0,0.0,0.0,0.0,10.0,15.0,15.0,0.0,73.0,50.0,11.0,20.0,30.0,20.0
148,KOLEOS_HEV,B,497.0,675.0,c1,d1,10.0,25.0,15.0,30.0,12.0,15.0,22.0,0.0,30.0,3.0,10.0,20.0,8.0,15.0,10.0,15.0,15.0,0.0,80.0,56.0,42.0,14.0,30.0,20.0
149,KOLEOS_HEV,B,488.0,675.0,c1,d1,10.0,25.0,15.0,30.0,0.0,5.0,40.0,0.0,30.0,3.0,10.0,20.0,20.0,15.0,10.0,0.0,15.0,0.0,67.0,56.0,62.0,15.0,30.0,10.0
150,KOLEOS_HEV,C,474.0,675.0,c1,d1,10.0,25.0,15.0,30.0,12.0,5.0,40.0,0.0,30.0,3.0,10.0,20.0,20.0,15.0,10.0,15.0,15.0,0.0,74.0,53.0,15.0,17.0,30.0,10.0
151,KOLEOS_HEV,D,32.0,675.0,c1,d1,0.0,0.0,0.0,0.0,0.0,0.0,0.0,0.0,0.0,0.0,0.0,0.0,0.0,0.0,,,15.0,,0.0,42.0,55.0,0.0,0.0,0.0
152,KOLEOS_HEV,D,32.0,675.0,c1,d1,0.0,0.0,0.0,0.0,0.0,0.0,0.0,0.0,0.0,0.0,0.0,0.0,0.0,0.0,,,15.0,,0.0,42.0,55.0,0.0,0.0,0.0
153,KOLEOS_HEV,D,269.0,675.0,c1,d1,10.0,0.0,0.0,0.0,12.0,15.0,0.0,0.0,0.0,0.0,0.0,0.0,0.0,0.0,10.0,15.0,15.0,0.0,80.0,56.0,42.0,14.0,30.0,20.0
154,KOLEOS_HEV,D,202.0,675.0,c1,d1,10.0,0.0,0.0,0.0,12.0,2.0,0.0,0.0,0.0,0.0,0.0,0.0,0.0,0.0,10.0,15.0,15.0,0.0,80.0,68.0,0.0,0.0,20.0,20.0
155,KOLEOS_HEV,B,486.0,675.0,c1,d1,10.0,25.0,15.0,30.0,12.0,12.0,40.0,0.0,30.0,3.0,10.0,20.0,20.0,15.0,10.0,15.0,15.0,0.0,76.0,55.0,14.0,19.0,30.0,10.0
156,KOLEOS_HEV,B,484.0,675.0,c1,d1,10.0,25.0,11.0,30.0,12.0,12.0,10.0,0.0,30.0,3.0,10.0,20.0,8.0,15.0,10.0,15.0,15.0,0.0,71.0,48.0,62.0,17.0,30.0,20.0
157,KOLEOS_HEV,D,272.0,675.0,c1,d1,10.0,0.0,0.0,0.0,12.0,12.0,0.0,0.0,0.0,0.0,0.0,0.0,0.0,0.0,10.0,15.0,15.0,0.0,71.0,48.0,62.0,17.0,30.0,20.0
158,KOLEOS_HEV,D,341.0,675.0,c1,d1,0.0,3.0,15.0,30.0,20.0,20.0,40.0,0.0,0.0,0.0,0.0,0.0,20.0,15.0,3.0,15.0,15.0,10.0,45.0,0.0,70.0,20.0,30.0,10.0
159,KOLEOS_HEV,B,484.0,675.0,c1,d1,10.0,25.0,11.0,30.0,12.0,12.0,40.0,0.0,30.0,3.0,10.0,20.0,20.0,15.0,10.0,15.0,15.0,0.0,54.0,20.0,62.0,20.0,30.0,20.0
160,KOLEOS_HEV,E,390.0,675.0,c1,d1,10.0,25.0,15.0,30.0,14.0,5.0,0.0,0.0,8.0,3.0,10.0,0.0,20.0,15.0,10.0,15.0,15.0,0.0,80.0,87.0,8.0,20.0,30.0,10.0
161,KOLEOS_HEV,E,407.0,675.0,c1,d1,10.0,25.0,15.0,30.0,12.0,2.0,22.0,0.0,18.0,3.0,10.0,0.0,20.0,15.0,10.0,0.0,15.0,0.0,79.0,51.0,56.0,14.0,30.0,10.0
162,KOLEOS_HEV,D,230.0,675.0,c1,d1,10.0,0.0,0.0,0.0,12.0,12.0,0.0,0.0,0.0,0.0,0.0,0.0,0.0,0.0,10.0,15.0,15.0,0.0,54.0,20.0,62.0,20.0,30.0,20.0
163,KOLEOS_HEV,C,466.0,675.0,c1,d1,10.0,25.0,15.0,30.0,6.0,12.0,22.0,0.0,30.0,3.0,10.0,20.0,12.0,15.0,10.0,15.0,15.0,0.0,80.0,73.0,0.0,13.0,30.0,20.0
164,KOLEOS_HEV,D,30.0,675.0,c1,d1,0.0,0.0,0.0,0.0,0.0,0.0,0.0,0.0,0.0,0.0,0.0,0.0,0.0,0.0,,,15.0,,0.0,33.0,62.0,0.0,0.0,0.0
165,KOLEOS_HEV,D,30.0,675.0,c1,d1,0.0,0.0,0.0,0.0,0.0,0.0,0.0,0.0,0.0,0.0,0.0,0.0,0.0,0.0,,,15.0,,0.0,33.0,62.0,0.0,0.0,0.0
166,KOLEOS_HEV,B,478.0,675.0,c1,d1,10.0,25.0,15.0,30.0,8.0,15.0,40.0,0.0,30.0,3.0,10.0,20.0,20.0,15.0,10.0,15.0,15.0,0.0,80.0,74.0,0.0,3.0,30.0,10.0
167,KOLEOS_HEV,D,234.0,675.0,c1,d1,10.0,0.0,0.0,0.0,6.0,12.0,0.0,0.0,0.0,0.0,0.0,0.0,0.0,0.0,10.0,15.0,15.0,0.0,80.0,73.0,0.0,13.0,30.0,20.0
168,KOLEOS_HEV,D,84.0,675.0,c1,d1,0.0,0.0,0.0,0.0,0.0,0.0,0.0,0.0,0.0,0.0,0.0,0.0,0.0,0.0,,,15.0,,0.0,100.0,49.0,0.0,0.0,0.0
169,KOLEOS_HEV,D,399.0,675.0,c1,d1,10.0,25.0,11.0,30.0,6.0,2.0,0.0,0.0,30.0,3.0,10.0,20.0,4.0,15.0,10.0,0.0,15.0,0.0,80.0,66.0,9.0,13.0,30.0,10.0
170,KOLEOS_HEV,D,390.0,675.0,c1,d1,10.0,25.0,11.0,30.0,14.0,15.0,10.0,0.0,30.0,3.0,10.0,20.0,8.0,15.0,10.0,15.0,15.0,0.0,55.0,10.0,21.0,13.0,30.0,20.0
171,KOLEOS_HEV,B,480.0,675.0,c1,d1,10.0,25.0,15.0,30.0,12.0,12.0,22.0,0.0,30.0,3.0,10.0,20.0,12.0,15.0,10.0,15.0,15.0,0.0,73.0,51.0,30.0,20.0,30.0,20.0
172,KOLEOS_HEV,D,248.0,675.0,c1,d1,10.0,0.0,0.0,0.0,12.0,12.0,0.0,0.0,0.0,0.0,0.0,0.0,0.0,0.0,10.0,15.0,15.0,0.0,73.0,51.0,30.0,20.0,30.0,20.0
173,KOLEOS_HEV,D,178.0,675.0,c1,d1,10.0,0.0,0.0,0.0,14.0,15.0,0.0,0.0,0.0,0.0,0.0,0.0,0.0,0.0,10.0,15.0,15.0,0.0,55.0,10.0,21.0,13.0,30.0,20.0
174,KOLEOS_HEV,B,489.0,675.0,c1,d1,10.0,22.0,3.0,30.0,20.0,5.0,40.0,0.0,30.0,3.0,10.0,20.0,20.0,15.0,10.0,15.0,15.0,0.0,66.0,29.0,60.0,16.0,30.0,20.0
175,KOLEOS_HEV,D,246.0,675.0,c1,d1,10.0,0.0,0.0,0.0,20.0,5.0,0.0,0.0,0.0,0.0,0.0,0.0,0.0,0.0,10.0,15.0,15.0,0.0,66.0,29.0,60.0,16.0,30.0,20.0
176,KOLEOS_HEV,C,470.0,675.0,c1,d1,10.0,25.0,15.0,30.0,18.0,2.0,40.0,0.0,30.0,3.0,10.0,20.0,20.0,15.0,10.0,15.0,15.0,0.0,78.0,39.0,11.0,14.0,30.0,20.0
177,KOLEOS_HEV,D,212.0,675.0,c1,d1,10.0,0.0,0.0,0.0,18.0,2.0,0.0,0.0,0.0,0.0,0.0,0.0,0.0,0.0,10.0,15.0,15.0,0.0,78.0,39.0,11.0,14.0,30.0,20.0
178,KOLEOS_HEV,B,504.0,675.0,c1,d1,10.0,25.0,15.0,30.0,12.0,15.0,40.0,0.0,30.0,3.0,10.0,20.0,20.0,15.0,10.0,15.0,15.0,0.0,80.0,56.0,30.0,13.0,30.0,10.0
179,KOLEOS_HEV,C,477.0,675.0,c1,d1,10.0,25.0,15.0,30.0,14.0,5.0,40.0,0.0,30.0,3.0,10.0,20.0,20.0,15.0,10.0,15.0,15.0,0.0,80.0,63.0,0.0,7.0,30.0,20.0
180,KOLEOS_HEV,D,-2.0,675.0,c1,d1,0.0,0.0,0.0,0.0,0.0,0.0,0.0,0.0,0.0,0.0,0.0,0.0,0.0,0.0,,,15.0,,0.0,14.0,49.0,0.0,0.0,0.0
181,KOLEOS_HEV,D,-2.0,675.0,c1,d1,0.0,0.0,0.0,0.0,0.0,0.0,0.0,0.0,0.0,0.0,0.0,0.0,0.0,0.0,,,15.0,,0.0,14.0,49.0,0.0,0.0,0.0
182,KOLEOS_HEV,E,300.0,675.0,c1,d1,0.0,11.0,15.0,0.0,6.0,8.0,40.0,0.0,0.0,0.0,0.0,0.0,20.0,15.0,10.0,0.0,15.0,0.0,80.0,0.0,70.0,20.0,30.0,10.0
183,KOLEOS_HEV,E,300.0,675.0,c1,d1,0.0,11.0,15.0,0.0,6.0,8.0,40.0,0.0,0.0,0.0,0.0,0.0,20.0,15.0,10.0,0.0,15.0,0.0,80.0,0.0,70.0,20.0,30.0,10.0
184,KOLEOS_HEV,D,219.0,675.0,c1,d1,10.0,0.0,0.0,0.0,14.0,5.0,0.0,0.0,0.0,0.0,0.0,0.0,0.0,0.0,10.0,15.0,15.0,0.0,80.0,63.0,0.0,7.0,30.0,20.0
185,KOLEOS_HEV,D,387.0,675.0,c1,d1,10.0,3.0,11.0,0.0,20.0,2.0,40.0,0.0,30.0,3.0,10.0,20.0,20.0,15.0,10.0,15.0,15.0,0.0,79.0,40.0,70.0,14.0,30.0,20.0
186,KOLEOS_HEV,B,480.0,675.0,c1,d1,10.0,25.0,15.0,30.0,14.0,5.0,10.0,0.0,30.0,3.0,10.0,20.0,8.0,15.0,10.0,15.0,15.0,0.0,75.0,52.0,62.0,16.0,30.0,10.0
187,KOLEOS_HEV,D,275.0,675.0,c1,d1,10.0,0.0,0.0,0.0,20.0,2.0,0.0,0.0,0.0,0.0,0.0,0.0,0.0,0.0,10.0,15.0,15.0,0.0,79.0,40.0,70.0,14.0,30.0,20.0
188,KOLEOS_HEV,B,483.0,675.0,c1,d1,10.0,25.0,15.0,30.0,6.0,8.0,40.0,0.0,30.0,3.0,10.0,20.0,20.0,15.0,3.0,0.0,15.0,0.0,53.0,40.0,70.0,20.0,30.0,20.0
189,KOLEOS_HEV,D,31.0,675.0,c1,d1,0.0,0.0,0.0,0.0,0.0,0.0,0.0,0.0,0.0,0.0,0.0,0.0,0.0,0.0,,,15.0,,0.0,68.0,28.0,0.0,0.0,0.0
190,KOLEOS_HEV,E,314.0,675.0,c1,d1,0.0,25.0,15.0,0.0,6.0,8.0,40.0,0.0,0.0,0.0,0.0,0.0,20.0,15.0,10.0,0.0,15.0,0.0,80.0,0.0,70.0,20.0,30.0,10.0
191,KOLEOS_HEV,D,22.0,675.0,c1,d1,0.0,0.0,0.0,0.0,0.0,0.0,0.0,0.0,0.0,0.0,0.0,0.0,0.0,0.0,,,15.0,,0.0,72.0,15.0,0.0,0.0,0.0
192,KOLEOS_HEV,D,225.0,675.0,c1,d1,10.0,0.0,0.0,0.0,6.0,8.0,0.0,0.0,0.0,0.0,0.0,0.0,0.0,0.0,3.0,0.0,15.0,0.0,53.0,40.0,70.0,20.0,30.0,20.0
193,KOLEOS_HEV,B,501.0,675.0,c1,d1,10.0,25.0,11.0,30.0,14.0,5.0,40.0,0.0,30.0,3.0,10.0,20.0,20.0,15.0,10.0,15.0,15.0,0.0,64.0,33.0,65.0,16.0,30.0,20.0
194,KOLEOS_HEV,D,247.0,675.0,c1,d1,10.0,0.0,0.0,0.0,14.0,5.0,0.0,0.0,0.0,0.0,0.0,0.0,0.0,0.0,10.0,15.0,15.0,0.0,64.0,33.0,65.0,16.0,30.0,20.0
195,KOLEOS_HEV,D,22.0,675.0,c1,d1,0.0,0.0,0.0,0.0,0.0,0.0,0.0,0.0,0.0,0.0,0.0,0.0,0.0,0.0,,,15.0,,0.0,72.0,15.0,0.0,0.0,0.0
196,KOLEOS_HEV,D,193.0,675.0,c1,d1,0.0,0.0,0.0,0.0,7.0,15.0,0.0,0.0,0.0,0.0,0.0,0.0,0.0,0.0,3.0,0.0,15.0,0.0,71.0,43.0,34.0,15.0,30.0,10.0
197,KOLEOS_HEV,D,53.0,675.0,c1,d1,0.0,0.0,0.0,0.0,0.0,0.0,0.0,0.0,0.0,0.0,0.0,0.0,0.0,0.0,,,15.0,,0.0,53.0,65.0,0.0,0.0,0.0
198,KOLEOS_HEV,C,432.0,675.0,c1,d1,10.0,25.0,15.0,30.0,12.0,22.0,40.0,0.0,30.0,3.0,10.0,20.0,20.0,15.0,10.0,15.0,15.0,0.0,58.0,0.0,15.0,17.0,30.0,20.0
199,KOLEOS_HEV,D,329.0,675.0,c1,d1,10.0,3.0,11.0,0.0,8.0,5.0,22.0,0.0,30.0,3.0,10.0,12.0,8.0,15.0,10.0,0.0,15.0,0.0,73.0,55.0,59.0,20.0,30.0,20.0
200,KOLEOS_HEV,D,53.0,675.0,c1,d1,0.0,0.0,0.0,0.0,0.0,0.0,0.0,0.0,0.0,0.0,0.0,0.0,0.0,0.0,,,15.0,,0.0,53.0,65.0,0.0,0.0,0.0
201,KOLEOS_HEV,D,174.0,675.0,c1,d1,10.0,0.0,0.0,0.0,12.0,22.0,0.0,0.0,0.0,0.0,0.0,0.0,0.0,0.0,10.0,15.0,15.0,0.0,58.0,0.0,15.0,17.0,30.0,20.0
202,KOLEOS_HEV,B,489.0,675.0,c1,d1,10.0,25.0,15.0,30.0,20.0,2.0,40.0,0.0,30.0,3.0,10.0,20.0,20.0,15.0,10.0,15.0,15.0,0.0,79.0,39.0,28.0,13.0,30.0,20.0
203,KOLEOS_HEV,D,255.0,675.0,c1,d1,10.0,0.0,0.0,0.0,8.0,5.0,0.0,0.0,0.0,0.0,0.0,0.0,0.0,0.0,10.0,0.0,15.0,0.0,73.0,55.0,59.0,20.0,30.0,20.0
204,KOLEOS_HEV,B,522.0,675.0,c1,d1,10.0,25.0,11.0,30.0,6.0,15.0,40.0,0.0,30.0,3.0,10.0,20.0,20.0,15.0,10.0,15.0,15.0,0.0,78.0,63.0,41.0,15.0,30.0,20.0
205,KOLEOS_HEV,D,231.0,675.0,c1,d1,10.0,0.0,0.0,0.0,20.0,2.0,0.0,0.0,0.0,0.0,0.0,0.0,0.0,0.0,10.0,15.0,15.0,0.0,79.0,39.0,28.0,13.0,30.0,20.0
206,KOLEOS_HEV,D,268.0,675.0,c1,d1,10.0,0.0,0.0,0.0,6.0,15.0,0.0,0.0,0.0,0.0,0.0,0.0,0.0,0.0,10.0,15.0,15.0,0.0,78.0,63.0,41.0,15.0,30.0,20.0
207,G70_25T,D,202.0,675.0,c1,d1,10.0,0.0,0.0,0.0,17.0,19.0,0.0,0.0,0.0,0.0,0.0,0.0,0.0,0.0,10.0,15.0,15.0,10.0,20.0,4.0,70.0,20.0,22.0,20.0
208,G70_20T,E,341.0,675.0,c1,d1,10.0,24.0,0.0,30.0,6.0,5.0,0.0,0.0,30.0,3.0,10.0,0.0,0.0,15.0,10.0,15.0,15.0,0.0,37.0,76.0,45.0,0.0,0.0,10.0
209,G70_25T,C,442.0,675.0,c1,d1,10.0,25.0,15.0,30.0,17.0,19.0,22.0,0.0,30.0,3.0,10.0,20.0,20.0,15.0,10.0,15.0,15.0,10.0,20.0,4.0,70.0,20.0,22.0,20.0
212,G70_25T,D,205.0,675.0,c1,d1,0.0,0.0,0.0,0.0,8.0,19.0,0.0,0.0,0.0,0.0,0.0,0.0,0.0,0.0,10.0,15.0,15.0,0.0,28.0,42.0,66.0,20.0,22.0,10.0
213,G70_25T,D,335.0,675.0,c1,d1,0.0,24.0,7.0,30.0,8.0,19.0,0.0,0.0,0.0,0.0,0.0,0.0,4.0,15.0,10.0,15.0,15.0,0.0,28.0,42.0,66.0,20.0,22.0,10.0
214,G70_25T,D,219.0,675.0,c1,d1,10.0,0.0,0.0,0.0,11.0,13.0,0.0,0.0,0.0,0.0,0.0,0.0,0.0,0.0,10.0,0.0,15.0,0.0,70.0,50.0,20.0,20.0,30.0,20.0
215,G70_20T,D,189.0,675.0,c1,d1,10.0,0.0,0.0,0.0,8.0,5.0,0.0,0.0,0.0,0.0,0.0,0.0,0.0,0.0,3.0,0.0,15.0,10.0,44.0,57.0,61.0,3.0,3.0,20.0
216,G70_20T,D,390.0,675.0,c1,d1,10.0,25.0,15.0,30.0,12.0,5.0,40.0,0.0,30.0,3.0,10.0,20.0,20.0,15.0,10.0,0.0,15.0,0.0,14.0,36.0,70.0,0.0,0.0,10.0
217,G70_25T,B,477.0,675.0,c1,d1,10.0,25.0,15.0,30.0,11.0,13.0,40.0,0.0,30.0,3.0,10.0,20.0,20.0,15.0,10.0,0.0,15.0,0.0,70.0,50.0,20.0,20.0,30.0,20.0
219,G70_20T,C,420.0,675.0,c1,d1,10.0,24.0,7.0,30.0,8.0,5.0,22.0,0.0,30.0,3.0,10.0,20.0,20.0,15.0,3.0,0.0,15.0,10.0,44.0,57.0,61.0,3.0,3.0,20.0
220,G70_20T,D,227.0,675.0,c1,d1,10.0,3.0,7.0,0.0,11.0,5.0,10.0,0.0,30.0,3.0,10.0,0.0,20.0,15.0,10.0,15.0,15.0,10.0,57.0,68.0,8.0,0.0,0.0,10.0
221,G70_25T,D,244.0,675.0,c1,d1,10.0,0.0,0.0,0.0,20.0,4.0,0.0,0.0,0.0,0.0,0.0,0.0,0.0,0.0,10.0,15.0,15.0,10.0,61.0,50.0,50.0,19.0,20.0,10.0
222,G70_20T,D,189.0,675.0,c1,d1,10.0,0.0,0.0,0.0,6.0,15.0,0.0,0.0,0.0,0.0,0.0,0.0,0.0,0.0,10.0,15.0,15.0,0.0,52.0,55.0,35.0,3.0,3.0,20.0
223,G70_20T,E,150.0,675.0,c1,d1,10.0,3.0,11.0,0.0,6.0,5.0,10.0,0.0,0.0,3.0,10.0,0.0,4.0,15.0,10.0,15.0,15.0,0.0,56.0,97.0,40.0,0.0,0.0,10.0
224,G70_25T,E,402.0,675.0,c1,d1,10.0,25.0,15.0,30.0,20.0,4.0,22.0,0.0,8.0,3.0,10.0,0.0,20.0,15.0,10.0,15.0,15.0,10.0,61.0,50.0,50.0,19.0,20.0,10.0
225,G70_20T,D,387.0,675.0,c1,d1,10.0,25.0,3.0,30.0,6.0,15.0,0.0,0.0,30.0,3.0,10.0,20.0,12.0,15.0,10.0,15.0,15.0,0.0,52.0,55.0,35.0,3.0,3.0,20.0
226,G70_25T,C,423.0,675.0,c1,d1,10.0,0.0,0.0,30.0,5.0,6.0,0.0,0.0,30.0,3.0,10.0,20.0,0.0,0.0,10.0,15.0,15.0,0.0,76.0,53.0,70.0,20.0,30.0,20.0
227,G70_20T,D,156.0,675.0,c1,d1,10.0,0.0,0.0,0.0,20.0,15.0,0.0,0.0,0.0,0.0,0.0,0.0,0.0,0.0,10.0,15.0,15.0,0.0,31.0,12.0,44.0,7.0,7.0,20.0
228,G70_20T,E,277.0,675.0,c1,d1,10.0,24.0,7.0,30.0,16.0,5.0,0.0,0.0,0.0,2.0,10.0,0.0,0.0,15.0,10.0,15.0,15.0,0.0,71.0,79.0,32.0,3.0,3.0,10.0
229,G70_20T,D,414.0,675.0,c1,d1,10.0,25.0,15.0,30.0,20.0,15.0,40.0,0.0,30.0,3.0,10.0,20.0,20.0,15.0,10.0,15.0,15.0,0.0,31.0,12.0,44.0,7.0,7.0,20.0
230,G70_20T,D,119.0,675.0,c1,d1,10.0,0.0,0.0,0.0,9.0,5.0,0.0,0.0,0.0,0.0,0.0,0.0,0.0,0.0,7.0,0.0,15.0,0.0,8.0,35.0,70.0,0.0,0.0,10.0
231,G70_25T,D,215.0,675.0,c1,d1,10.0,0.0,0.0,0.0,13.0,10.0,0.0,0.0,0.0,0.0,0.0,0.0,0.0,0.0,7.0,0.0,15.0,10.0,73.0,0.0,57.0,20.0,30.0,20.0
232,G70_20T,D,144.0,675.0,c1,d1,10.0,0.0,0.0,0.0,3.0,15.0,0.0,0.0,0.0,0.0,0.0,0.0,0.0,0.0,10.0,0.0,15.0,0.0,25.0,20.0,70.0,3.0,3.0,20.0
233,G70_20T,D,190.0,675.0,c1,d1,10.0,0.0,0.0,0.0,20.0,5.0,0.0,0.0,0.0,0.0,0.0,0.0,0.0,0.0,7.0,15.0,15.0,10.0,34.0,34.0,70.0,0.0,0.0,20.0
235,G70_20T,D,232.0,675.0,c1,d1,10.0,0.0,0.0,0.0,20.0,15.0,0.0,0.0,0.0,0.0,0.0,0.0,0.0,0.0,7.0,0.0,15.0,10.0,59.0,66.0,36.0,12.0,12.0,20.0
237,G70_20T,E,229.0,675.0,c1,d1,10.0,3.0,11.0,30.0,9.0,5.0,22.0,0.0,18.0,3.0,10.0,20.0,8.0,15.0,7.0,0.0,15.0,0.0,8.0,35.0,70.0,0.0,0.0,10.0
238,G70_20T,D,300.0,675.0,c1,d1,10.0,3.0,11.0,0.0,7.0,5.0,22.0,0.0,30.0,0.0,10.0,20.0,20.0,15.0,10.0,0.0,15.0,0.0,59.0,68.0,57.0,18.0,20.0,10.0
239,G70_20T,D,146.0,675.0,c1,d1,10.0,0.0,0.0,0.0,6.0,5.0,0.0,0.0,0.0,0.0,0.0,0.0,0.0,0.0,10.0,15.0,15.0,0.0,5.0,21.0,47.0,11.0,11.0,40.0
240,G70_20T,D,205.0,675.0,c1,d1,10.0,0.0,0.0,0.0,16.0,15.0,0.0,0.0,0.0,0.0,0.0,0.0,0.0,0.0,3.0,15.0,15.0,0.0,41.0,51.0,57.0,6.0,6.0,20.0
241,G70_25T,B,473.0,675.0,c1,d1,10.0,25.0,15.0,30.0,13.0,10.0,40.0,0.0,30.0,3.0,10.0,20.0,20.0,15.0,7.0,0.0,15.0,10.0,73.0,0.0,57.0,20.0,30.0,20.0
242,G70_20T,D,222.0,675.0,c1,d1,10.0,3.0,7.0,0.0,20.0,5.0,0.0,0.0,30.0,3.0,10.0,0.0,4.0,15.0,7.0,15.0,15.0,10.0,34.0,34.0,70.0,0.0,0.0,20.0
244,G70_20T,D,340.0,675.0,c1,d1,10.0,23.0,11.0,30.0,3.0,15.0,0.0,0.0,30.0,3.0,10.0,20.0,4.0,15.0,10.0,0.0,15.0,0.0,25.0,20.0,70.0,3.0,3.0,20.0
245,G70_20T,D,268.0,675.0,c1,d1,10.0,3.0,11.0,0.0,20.0,15.0,0.0,0.0,30.0,3.0,10.0,0.0,4.0,15.0,7.0,0.0,15.0,10.0,59.0,66.0,36.0,12.0,12.0,20.0
247,G70_20T,D,180.0,675.0,c1,d1,10.0,0.0,0.0,0.0,11.0,25.0,0.0,0.0,0.0,0.0,0.0,0.0,0.0,0.0,10.0,15.0,15.0,10.0,32.0,2.0,45.0,17.0,18.0,20.0
248,G70_20T,C,437.0,675.0,c1,d1,10.0,25.0,15.0,30.0,16.0,15.0,22.0,0.0,30.0,3.0,10.0,20.0,12.0,15.0,3.0,15.0,15.0,0.0,41.0,51.0,57.0,6.0,6.0,20.0
249,G70_20T,D,216.0,675.0,c1,d1,10.0,0.0,0.0,0.0,20.0,15.0,0.0,0.0,0.0,0.0,0.0,0.0,0.0,0.0,10.0,15.0,15.0,10.0,74.0,61.0,8.0,4.0,4.0,20.0
251,G70_20T,D,414.0,675.0,c1,d1,10.0,23.0,11.0,30.0,11.0,25.0,22.0,0.0,30.0,3.0,10.0,20.0,20.0,15.0,10.0,15.0,15.0,10.0,32.0,2.0,45.0,17.0,18.0,20.0
252,G70_20T,D,394.0,675.0,c1,d1,10.0,25.0,15.0,30.0,20.0,15.0,0.0,0.0,30.0,3.0,10.0,0.0,0.0,15.0,10.0,15.0,15.0,10.0,74.0,61.0,8.0,4.0,4.0,20.0
253,G70_25T,D,244.0,675.0,c1,d1,0.0,0.0,0.0,0.0,10.0,19.0,0.0,0.0,0.0,0.0,0.0,0.0,0.0,0.0,3.0,15.0,15.0,0.0,67.0,49.0,53.0,20.0,23.0,20.0
254,G70_25T,D,345.0,675.0,c1,d1,0.0,3.0,0.0,0.0,10.0,19.0,40.0,0.0,30.0,3.0,10.0,20.0,20.0,15.0,3.0,15.0,15.0,0.0,67.0,49.0,53.0,20.0,23.0,20.0
255,G70_25T,C,450.0,675.0,c1,d1,10.0,25.0,11.0,30.0,20.0,17.0,40.0,0.0,30.0,3.0,10.0,20.0,20.0,15.0,7.0,15.0,15.0,10.0,40.0,17.0,46.0,19.0,20.0,10.0
256,G70_20T,D,411.0,675.0,c1,d1,10.0,10.0,7.0,30.0,9.0,15.0,22.0,0.0,30.0,3.0,10.0,0.0,8.0,15.0,7.0,15.0,15.0,10.0,59.0,60.0,60.0,3.0,3.0,10.0
257,G70_25T,D,358.0,675.0,c1,d1,10.0,3.0,15.0,0.0,17.0,19.0,40.0,0.0,30.0,3.0,10.0,20.0,20.0,15.0,10.0,0.0,15.0,0.0,72.0,77.0,22.0,19.0,21.0,10.0
258,G70_20T,D,399.0,675.0,c1,d1,10.0,25.0,11.0,30.0,14.0,5.0,40.0,0.0,30.0,3.0,10.0,20.0,20.0,15.0,10.0,15.0,15.0,10.0,14.0,0.0,65.0,13.0,14.0,10.0
260,G70_20T,D,186.0,675.0,c1,d1,10.0,0.0,0.0,0.0,20.0,15.0,0.0,0.0,0.0,0.0,0.0,0.0,0.0,0.0,7.0,15.0,15.0,10.0,47.0,50.0,27.0,0.0,0.0,20.0
261,G70_20T,D,197.0,675.0,c1,d1,10.0,0.0,0.0,0.0,13.0,15.0,0.0,0.0,0.0,0.0,0.0,0.0,0.0,0.0,7.0,15.0,15.0,0.0,49.0,37.0,40.0,13.0,13.0,20.0
262,G70_20T,D,120.0,675.0,c1,d1,10.0,0.0,0.0,0.0,11.0,15.0,0.0,0.0,0.0,0.0,0.0,0.0,0.0,0.0,10.0,15.0,15.0,10.0,15.0,18.0,31.0,0.0,0.0,20.0
263,G70_20T,D,190.0,675.0,c1,d1,10.0,0.0,0.0,0.0,14.0,5.0,0.0,0.0,0.0,0.0,0.0,0.0,0.0,0.0,7.0,15.0,15.0,0.0,39.0,50.0,45.0,10.0,10.0,20.0
264,G70_20T,D,369.0,675.0,c1,d1,10.0,21.0,0.0,30.0,20.0,15.0,0.0,0.0,30.0,3.0,10.0,20.0,4.0,15.0,7.0,15.0,15.0,10.0,47.0,50.0,27.0,0.0,0.0,20.0
265,G70_20T,D,216.0,675.0,c1,d1,10.0,3.0,7.0,0.0,10.0,5.0,22.0,0.0,30.0,3.0,10.0,20.0,20.0,15.0,10.0,15.0,15.0,0.0,12.0,0.0,62.0,13.0,14.0,10.0
266,G70_20T,C,425.0,675.0,c1,d1,10.0,25.0,11.0,30.0,13.0,15.0,22.0,0.0,30.0,3.0,10.0,20.0,12.0,15.0,7.0,15.0,15.0,0.0,49.0,37.0,40.0,13.0,13.0,20.0
267,G70_20T,D,119.0,675.0,c1,d1,10.0,0.0,0.0,0.0,0.0,5.0,0.0,0.0,0.0,0.0,0.0,0.0,0.0,0.0,10.0,0.0,15.0,0.0,13.0,63.0,63.0,0.0,0.0,10.0
268,G70_20T,D,249.0,675.0,c1,d1,10.0,4.0,0.0,30.0,11.0,15.0,0.0,0.0,30.0,2.0,10.0,20.0,8.0,15.0,10.0,15.0,15.0,10.0,15.0,18.0,31.0,0.0,0.0,20.0
269,G70_20T,D,402.0,675.0,c1,d1,10.0,25.0,15.0,30.0,14.0,5.0,22.0,0.0,30.0,3.0,10.0,0.0,12.0,15.0,7.0,15.0,15.0,0.0,39.0,50.0,45.0,10.0,10.0,20.0
271,G70_20T,D,110.0,675.0,c1,d1,10.0,0.0,0.0,0.0,12.0,5.0,0.0,0.0,0.0,0.0,0.0,0.0,0.0,0.0,10.0,15.0,15.0,0.0,15.0,37.0,51.0,0.0,0.0,10.0
273,G70_20T,D,168.0,675.0,c1,d1,10.0,0.0,0.0,0.0,9.0,5.0,0.0,0.0,0.0,0.0,0.0,0.0,0.0,0.0,10.0,0.0,15.0,0.0,40.0,50.0,51.0,4.0,4.0,20.0
274,G70_20T,D,119.0,675.0,c1,d1,10.0,0.0,0.0,0.0,20.0,5.0,0.0,0.0,0.0,0.0,0.0,0.0,0.0,0.0,10.0,15.0,15.0,10.0,24.0,0.0,40.0,5.0,5.0,10.0
275,G70_20T,D,171.0,675.0,c1,d1,10.0,3.0,0.0,0.0,0.0,5.0,10.0,0.0,30.0,0.0,10.0,20.0,4.0,15.0,10.0,0.0,15.0,0.0,13.0,63.0,63.0,0.0,0.0,10.0
276,G70_25T,C,405.0,675.0,c1,d1,10.0,25.0,11.0,30.0,2.0,15.0,10.0,0.0,30.0,3.0,10.0,12.0,8.0,15.0,7.0,0.0,15.0,0.0,63.0,62.0,21.0,20.0,26.0,10.0
277,G70_20T,E,287.0,675.0,c1,d1,10.0,15.0,7.0,30.0,12.0,5.0,0.0,0.0,30.0,0.0,10.0,20.0,0.0,15.0,10.0,15.0,15.0,0.0,15.0,37.0,51.0,0.0,0.0,10.0
279,G70_20T,D,234.0,675.0,c1,d1,10.0,3.0,7.0,0.0,9.0,5.0,10.0,0.0,30.0,3.0,10.0,20.0,8.0,15.0,10.0,0.0,15.0,0.0,40.0,50.0,51.0,4.0,4.0,20.0
280,G70_20T,D,323.0,675.0,c1,d1,10.0,22.0,7.0,30.0,20.0,5.0,10.0,0.0,30.0,2.0,10.0,20.0,8.0,15.0,10.0,15.0,15.0,10.0,24.0,0.0,40.0,5.0,5.0,10.0
281,G70_25T,E,220.0,675.0,c1,d1,10.0,0.0,0.0,0.0,12.0,19.0,0.0,0.0,0.0,0.0,0.0,0.0,0.0,0.0,10.0,15.0,15.0,10.0,36.0,37.0,46.0,19.0,21.0,20.0
282,G70_20T,D,108.0,675.0,c1,d1,10.0,0.0,0.0,0.0,10.0,5.0,0.0,0.0,0.0,0.0,0.0,0.0,0.0,0.0,10.0,0.0,15.0,0.0,0.0,20.0,68.0,0.0,0.0,20.0
283,G70_20T,D,214.0,675.0,c1,d1,10.0,0.0,0.0,0.0,15.0,15.0,0.0,0.0,0.0,0.0,0.0,0.0,0.0,0.0,10.0,0.0,15.0,10.0,52.0,64.0,63.0,0.0,0.0,10.0
284,G70_25T,E,448.0,675.0,c1,d1,10.0,25.0,15.0,30.0,12.0,19.0,22.0,0.0,30.0,3.0,10.0,20.0,8.0,15.0,10.0,15.0,15.0,10.0,36.0,37.0,46.0,19.0,21.0,20.0
286,G70_20T,D,328.0,675.0,c1,d1,10.0,25.0,7.0,30.0,10.0,5.0,22.0,0.0,30.0,3.0,10.0,20.0,8.0,15.0,10.0,0.0,15.0,0.0,0.0,20.0,68.0,0.0,0.0,20.0
287,G70_20T,E,276.0,675.0,c1,d1,10.0,23.0,11.0,30.0,15.0,15.0,0.0,0.0,0.0,3.0,10.0,0.0,0.0,15.0,10.0,0.0,15.0,10.0,52.0,64.0,63.0,0.0,0.0,10.0
288,G70_20T,D,89.0,675.0,c1,d1,10.0,0.0,0.0,0.0,3.0,5.0,0.0,0.0,0.0,0.0,0.0,0.0,0.0,0.0,10.0,15.0,15.0,0.0,0.0,1.0,70.0,0.0,0.0,10.0
289,G70_20T,D,329.0,675.0,c1,d1,10.0,25.0,15.0,30.0,3.0,5.0,22.0,0.0,30.0,3.0,10.0,20.0,20.0,15.0,10.0,15.0,15.0,0.0,0.0,1.0,70.0,0.0,0.0,10.0
292,G70_20T,D,205.0,675.0,c1,d1,10.0,0.0,0.0,0.0,3.0,15.0,0.0,0.0,0.0,0.0,0.0,0.0,0.0,0.0,3.0,0.0,15.0,0.0,65.0,100.0,18.0,3.0,3.0,20.0
293,G70_25T,E,360.0,675.0,c1,d1,10.0,25.0,11.0,30.0,1.0,6.0,10.0,0.0,18.0,3.0,10.0,0.0,8.0,15.0,10.0,0.0,15.0,0.0,56.0,64.0,49.0,20.0,29.0,10.0
294,G70_20T,D,295.0,675.0,c1,d1,10.0,19.0,0.0,30.0,20.0,15.0,0.0,0.0,30.0,3.0,10.0,12.0,4.0,15.0,10.0,15.0,15.0,10.0,9.0,0.0,58.0,0.0,0.0,10.0
295,G70_20T,E,291.0,675.0,c1,d1,10.0,18.0,3.0,30.0,3.0,15.0,0.0,0.0,0.0,3.0,10.0,0.0,0.0,15.0,10.0,0.0,15.0,0.0,64.0,100.0,65.0,0.0,0.0,10.0
297,G70_20T,E,372.0,675.0,c1,d1,0.0,25.0,7.0,30.0,0.0,5.0,10.0,0.0,30.0,0.0,10.0,20.0,0.0,15.0,10.0,0.0,15.0,0.0,50.0,79.0,70.0,3.0,3.0,10.0
298,G70_20T,D,291.0,675.0,c1,d1,10.0,3.0,11.0,0.0,3.0,15.0,22.0,0.0,30.0,3.0,10.0,20.0,12.0,15.0,3.0,0.0,15.0,0.0,65.0,100.0,18.0,3.0,3.0,20.0
300,G70_20T,D,200.0,675.0,c1,d1,10.0,3.0,11.0,0.0,13.0,15.0,22.0,0.0,30.0,3.0,10.0,0.0,4.0,15.0,7.0,15.0,15.0,10.0,19.0,17.0,61.0,0.0,0.0,10.0
301,G70_25T,D,268.0,675.0,c1,d1,10.0,0.0,0.0,0.0,5.0,6.0,0.0,0.0,0.0,0.0,0.0,0.0,0.0,0.0,10.0,0.0,15.0,10.0,77.0,53.0,62.0,20.0,30.0,20.0
302,G70_20T,D,180.0,675.0,c1,d1,10.0,0.0,0.0,0.0,13.0,5.0,0.0,0.0,0.0,0.0,0.0,0.0,0.0,0.0,7.0,0.0,15.0,0.0,51.0,57.0,44.0,4.0,4.0,20.0
303,G70_25T,B,480.0,675.0,c1,d1,10.0,25.0,15.0,30.0,5.0,6.0,10.0,0.0,30.0,3.0,10.0,20.0,4.0,15.0,10.0,0.0,15.0,10.0,77.0,53.0,62.0,20.0,30.0,20.0
304,G70_20T,D,273.0,675.0,c1,d1,10.0,3.0,11.0,0.0,7.0,20.0,22.0,0.0,30.0,3.0,10.0,20.0,4.0,15.0,10.0,15.0,15.0,0.0,50.0,40.0,42.0,13.0,13.0,10.0
305,G70_20T,E,304.0,675.0,c1,d1,10.0,10.0,0.0,30.0,7.0,15.0,0.0,0.0,8.0,3.0,10.0,0.0,0.0,15.0,10.0,15.0,15.0,0.0,67.0,75.0,42.0,1.0,1.0,10.0
306,G70_20T,D,195.0,675.0,c1,d1,10.0,0.0,0.0,0.0,3.0,5.0,0.0,0.0,0.0,0.0,0.0,0.0,0.0,0.0,10.0,0.0,15.0,0.0,63.0,100.0,29.0,0.0,0.0,10.0
307,G70_20T,D,148.0,675.0,c1,d1,10.0,0.0,0.0,0.0,8.0,5.0,0.0,0.0,0.0,0.0,0.0,0.0,0.0,0.0,10.0,0.0,15.0,10.0,22.0,56.0,42.0,0.0,0.0,20.0
308,G70_20T,D,343.0,675.0,c1,d1,10.0,18.0,3.0,30.0,13.0,5.0,0.0,0.0,30.0,3.0,10.0,0.0,4.0,15.0,7.0,0.0,15.0,0.0,51.0,57.0,44.0,4.0,4.0,20.0
309,G70_25T,D,291.0,675.0,c1,d1,10.0,0.0,0.0,0.0,0.0,19.0,0.0,0.0,0.0,0.0,0.0,0.0,0.0,0.0,10.0,0.0,15.0,0.0,80.0,92.0,50.0,20.0,25.0,20.0
310,G70_20T,E,316.0,675.0,c1,d1,10.0,24.0,11.0,30.0,3.0,5.0,0.0,0.0,18.0,3.0,10.0,0.0,0.0,15.0,10.0,0.0,15.0,0.0,63.0,100.0,29.0,0.0,0.0,10.0
311,G70_20T,D,361.0,675.0,c1,d1,10.0,22.0,3.0,30.0,8.0,5.0,22.0,0.0,30.0,3.0,10.0,20.0,8.0,15.0,10.0,0.0,15.0,10.0,22.0,56.0,42.0,0.0,0.0,20.0
312,G70_20T,E,189.0,675.0,c1,d1,10.0,0.0,0.0,0.0,10.0,5.0,0.0,0.0,0.0,0.0,0.0,0.0,0.0,0.0,10.0,15.0,15.0,0.0,43.0,76.0,35.0,0.0,0.0,20.0
313,G70_25T,E,456.0,675.0,c1,d1,10.0,22.0,11.0,30.0,11.0,19.0,0.0,0.0,30.0,3.0,10.0,0.0,0.0,15.0,3.0,15.0,15.0,0.0,77.0,61.0,70.0,20.0,24.0,10.0
315,G70_25T,D,379.0,675.0,c1,d1,10.0,3.0,7.0,0.0,0.0,19.0,40.0,0.0,30.0,3.0,10.0,0.0,20.0,15.0,10.0,0.0,15.0,0.0,80.0,92.0,50.0,20.0,25.0,20.0
316,G70_20T,E,367.0,675.0,c1,d1,10.0,25.0,11.0,30.0,10.0,5.0,0.0,0.0,30.0,3.0,10.0,0.0,4.0,15.0,10.0,15.0,15.0,0.0,43.0,76.0,35.0,0.0,0.0,20.0
317,G70_25T,C,446.0,675.0,c1,d1,10.0,25.0,11.0,30.0,15.0,19.0,0.0,0.0,30.0,3.0,10.0,0.0,20.0,15.0,10.0,0.0,15.0,0.0,74.0,50.0,56.0,20.0,23.0,10.0
318,G70_20T,D,108.0,675.0,c1,d1,10.0,0.0,0.0,0.0,3.0,5.0,0.0,0.0,0.0,0.0,0.0,0.0,0.0,0.0,10.0,0.0,15.0,0.0,0.0,19.0,60.0,8.0,8.0,20.0
319,G70_20T,D,283.0,675.0,c1,d1,10.0,0.0,0.0,0.0,16.0,25.0,0.0,0.0,0.0,0.0,0.0,0.0,0.0,0.0,10.0,15.0,15.0,10.0,67.0,49.0,69.0,13.0,14.0,20.0
320,G70_20T,D,362.0,675.0,c1,d1,10.0,25.0,11.0,30.0,3.0,5.0,40.0,0.0,30.0,3.0,10.0,20.0,20.0,15.0,10.0,0.0,15.0,0.0,0.0,19.0,60.0,8.0,8.0,20.0
321,G70_20T,D,379.0,675.0,c1,d1,10.0,3.0,15.0,0.0,16.0,25.0,40.0,0.0,30.0,3.0,10.0,0.0,20.0,15.0,10.0,15.0,15.0,10.0,67.0,49.0,69.0,13.0,14.0,20.0
322,G70_20T,E,78.0,675.0,c1,d1,10.0,3.0,3.0,0.0,3.0,5.0,40.0,0.0,0.0,3.0,10.0,0.0,20.0,15.0,10.0,0.0,15.0,0.0,0.0,41.0,60.0,0.0,0.0,10.0
323,G70_20T,D,176.0,675.0,c1,d1,10.0,0.0,0.0,0.0,9.0,15.0,0.0,0.0,0.0,0.0,0.0,0.0,0.0,0.0,10.0,0.0,15.0,10.0,42.0,63.0,32.0,0.0,0.0,20.0
324,G70_25T,D,222.0,675.0,c1,d1,10.0,0.0,0.0,0.0,20.0,23.0,0.0,0.0,0.0,0.0,0.0,0.0,0.0,0.0,7.0,15.0,15.0,10.0,65.0,7.0,30.0,20.0,30.0,20.0
325,G70_20T,D,139.0,675.0,c1,d1,0.0,0.0,0.0,0.0,10.0,5.0,0.0,0.0,0.0,0.0,0.0,0.0,0.0,0.0,3.0,15.0,15.0,0.0,19.0,49.0,53.0,0.0,0.0,20.0
327,G70_20T,D,152.0,675.0,c1,d1,10.0,0.0,0.0,0.0,9.0,5.0,0.0,0.0,0.0,0.0,0.0,0.0,0.0,0.0,10.0,15.0,15.0,10.0,14.0,46.0,48.0,0.0,0.0,20.0
328,G70_20T,E,374.0,675.0,c1,d1,10.0,25.0,15.0,30.0,9.0,15.0,0.0,0.0,30.0,3.0,10.0,20.0,0.0,15.0,10.0,0.0,15.0,10.0,42.0,63.0,32.0,0.0,0.0,20.0
329,G70_25T,C,480.0,675.0,c1,d1,10.0,25.0,15.0,30.0,20.0,23.0,40.0,0.0,30.0,3.0,10.0,20.0,20.0,15.0,7.0,15.0,15.0,10.0,65.0,7.0,30.0,20.0,30.0,20.0
330,G70_20T,D,367.0,675.0,c1,d1,0.0,25.0,15.0,30.0,10.0,5.0,22.0,0.0,30.0,3.0,10.0,20.0,8.0,15.0,3.0,15.0,15.0,0.0,19.0,49.0,53.0,0.0,0.0,20.0
331,G70_20T,D,318.0,675.0,c1,d1,10.0,23.0,15.0,30.0,9.0,15.0,0.0,0.0,30.0,3.0,10.0,0.0,4.0,15.0,7.0,15.0,15.0,0.0,20.0,30.0,57.0,0.0,0.0,10.0
334,G70_25T,D,305.0,675.0,c1,d1,10.0,3.0,0.0,0.0,19.0,19.0,10.0,0.0,30.0,3.0,10.0,20.0,20.0,15.0,7.0,15.0,15.0,0.0,66.0,20.0,59.0,20.0,24.0,10.0
335,G70_20T,D,392.0,675.0,c1,d1,10.0,25.0,15.0,30.0,9.0,5.0,22.0,0.0,30.0,3.0,10.0,20.0,20.0,15.0,10.0,15.0,15.0,10.0,14.0,46.0,48.0,0.0,0.0,20.0
336,G70_20T,C,440.0,675.0,c1,d1,10.0,25.0,7.0,30.0,7.0,20.0,40.0,0.0,30.0,3.0,10.0,20.0,20.0,15.0,7.0,15.0,15.0,0.0,34.0,19.0,68.0,17.0,18.0,10.0
337,G70_20T,E,243.0,675.0,c1,d1,10.0,3.0,7.0,30.0,11.0,5.0,10.0,0.0,30.0,3.0,10.0,0.0,0.0,15.0,10.0,15.0,15.0,0.0,12.0,36.0,51.0,0.0,0.0,10.0
338,G70_20T,D,310.0,675.0,c1,d1,10.0,24.0,7.0,30.0,16.0,5.0,0.0,0.0,30.0,3.0,10.0,12.0,4.0,15.0,3.0,15.0,15.0,10.0,15.0,24.0,52.0,0.0,0.0,10.0
339,G70_20T,D,372.0,675.0,c1,d1,10.0,25.0,11.0,30.0,12.0,5.0,10.0,0.0,30.0,3.0,10.0,0.0,8.0,15.0,10.0,0.0,15.0,10.0,42.0,29.0,61.0,13.0,13.0,10.0
341,G70_20T,D,210.0,675.0,c1,d1,10.0,0.0,0.0,0.0,15.0,5.0,0.0,0.0,0.0,0.0,0.0,0.0,0.0,0.0,10.0,15.0,15.0,0.0,80.0,100.0,0.0,0.0,0.0,10.0
342,G70_20T,D,408.0,675.0,c1,d1,10.0,25.0,11.0,30.0,15.0,5.0,0.0,0.0,30.0,3.0,10.0,20.0,4.0,15.0,10.0,15.0,15.0,0.0,80.0,100.0,0.0,0.0,0.0,10.0
343,G70_20T,D,253.0,675.0,c1,d1,10.0,3.0,11.0,0.0,16.0,15.0,40.0,0.0,30.0,3.0,10.0,20.0,20.0,15.0,10.0,15.0,15.0,10.0,36.0,6.0,42.0,3.0,3.0,10.0
344,G70_25T,D,417.0,675.0,c1,d1,10.0,25.0,11.0,30.0,20.0,6.0,10.0,0.0,30.0,3.0,10.0,0.0,8.0,15.0,7.0,15.0,15.0,10.0,53.0,46.0,43.0,19.0,21.0,10.0
345,G70_25T,D,208.0,675.0,c1,d1,10.0,0.0,0.0,0.0,2.0,15.0,0.0,0.0,0.0,0.0,0.0,0.0,0.0,0.0,7.0,0.0,15.0,0.0,43.0,37.0,63.0,20.0,26.0,20.0
346,G70_20T,D,94.0,675.0,c1,d1,10.0,0.0,0.0,0.0,17.0,5.0,0.0,0.0,0.0,0.0,0.0,0.0,0.0,0.0,7.0,0.0,15.0,0.0,0.0,0.0,70.0,0.0,0.0,20.0
347,G70_20T,D,193.0,675.0,c1,d1,10.0,0.0,0.0,0.0,15.0,5.0,0.0,0.0,0.0,0.0,0.0,0.0,0.0,0.0,3.0,0.0,15.0,10.0,71.0,81.0,13.0,0.0,0.0,20.0
348,G70_25T,D,263.0,675.0,c1,d1,10.0,0.0,0.0,0.0,17.0,13.0,0.0,0.0,0.0,0.0,0.0,0.0,0.0,0.0,10.0,0.0,15.0,0.0,80.0,70.0,38.0,20.0,30.0,10.0
349,G70_25T,E,430.0,675.0,c1,d1,10.0,25.0,11.0,30.0,7.0,19.0,0.0,0.0,18.0,3.0,10.0,0.0,0.0,15.0,10.0,0.0,15.0,0.0,80.0,93.0,64.0,20.0,30.0,10.0
350,G70_20T,E,373.0,675.0,c1,d1,10.0,24.0,3.0,30.0,15.0,5.0,0.0,0.0,30.0,3.0,10.0,0.0,0.0,15.0,3.0,0.0,15.0,0.0,56.0,83.0,61.0,0.0,0.0,10.0
351,G70_25T,B,462.0,675.0,c1,d1,10.0,25.0,11.0,30.0,2.0,15.0,40.0,0.0,30.0,3.0,10.0,20.0,20.0,15.0,7.0,0.0,15.0,0.0,43.0,37.0,63.0,20.0,26.0,20.0
352,G70_20T,D,340.0,675.0,c1,d1,10.0,25.0,3.0,30.0,17.0,5.0,40.0,0.0,30.0,3.0,10.0,20.0,20.0,15.0,7.0,0.0,15.0,0.0,0.0,0.0,70.0,0.0,0.0,20.0
353,G70_20T,C,417.0,675.0,c1,d1,10.0,25.0,11.0,30.0,15.0,5.0,22.0,0.0,30.0,3.0,10.0,20.0,8.0,15.0,3.0,0.0,15.0,10.0,71.0,81.0,13.0,0.0,0.0,20.0
354,G70_20T,E,347.0,675.0,c1,d1,0.0,25.0,15.0,30.0,8.0,5.0,10.0,0.0,0.0,0.0,0.0,0.0,0.0,15.0,10.0,15.0,15.0,0.0,48.0,53.0,52.0,17.0,19.0,10.0
356,G70_25T,E,337.0,675.0,c1,d1,10.0,25.0,11.0,30.0,17.0,13.0,10.0,0.0,0.0,3.0,10.0,0.0,0.0,15.0,10.0,0.0,15.0,0.0,80.0,70.0,38.0,20.0,30.0,10.0
358,G70_20T,E,285.0,675.0,c1,d1,10.0,23.0,11.0,30.0,11.0,5.0,0.0,0.0,0.0,3.0,10.0,0.0,0.0,15.0,10.0,15.0,15.0,0.0,58.0,78.0,37.0,12.0,12.0,10.0
359,G70_20T,D,395.0,675.0,c1,d1,10.0,13.0,3.0,30.0,13.0,20.0,22.0,0.0,30.0,3.0,10.0,12.0,12.0,15.0,10.0,0.0,15.0,10.0,55.0,31.0,43.0,14.0,14.0,10.0
360,G70_20T,D,317.0,675.0,c1,d1,10.0,3.0,11.0,30.0,17.0,5.0,0.0,0.0,30.0,3.0,6.0,12.0,8.0,15.0,10.0,15.0,15.0,10.0,47.0,53.0,35.0,6.0,6.0,10.0
361,G70_20T,D,127.0,675.0,c1,d1,10.0,0.0,0.0,0.0,4.0,5.0,0.0,0.0,0.0,0.0,0.0,0.0,0.0,0.0,10.0,0.0,15.0,0.0,29.0,70.0,44.0,0.0,0.0,10.0
362,G70_20T,D,113.0,675.0,c1,d1,10.0,0.0,0.0,0.0,20.0,5.0,0.0,0.0,0.0,0.0,0.0,0.0,0.0,0.0,10.0,15.0,15.0,10.0,0.0,0.0,68.0,0.0,0.0,10.0
363,G70_20T,E,291.0,675.0,c1,d1,10.0,25.0,15.0,30.0,20.0,5.0,0.0,0.0,30.0,3.0,10.0,0.0,0.0,15.0,10.0,15.0,15.0,10.0,0.0,0.0,68.0,0.0,0.0,10.0
364,G70_20T,D,374.0,675.0,c1,d1,10.0,25.0,7.0,30.0,4.0,5.0,40.0,0.0,30.0,0.0,10.0,20.0,20.0,15.0,10.0,0.0,15.0,0.0,29.0,70.0,44.0,0.0,0.0,10.0
365,G70_20T,D,229.0,675.0,c1,d1,10.0,0.0,0.0,0.0,10.0,5.0,0.0,0.0,0.0,0.0,0.0,0.0,0.0,0.0,3.0,0.0,15.0,10.0,70.0,86.0,46.0,2.0,2.0,20.0
366,G70_20T,D,178.0,675.0,c1,d1,10.0,0.0,0.0,0.0,6.0,15.0,0.0,0.0,0.0,0.0,0.0,0.0,0.0,0.0,7.0,15.0,15.0,0.0,52.0,79.0,9.0,0.0,0.0,20.0
367,G70_25T,C,401.0,675.0,c1,d1,10.0,25.0,15.0,30.0,4.0,10.0,40.0,0.0,30.0,3.0,10.0,20.0,20.0,15.0,3.0,0.0,15.0,0.0,21.0,0.0,70.0,20.0,30.0,10.0
368,G70_20T,C,411.0,675.0,c1,d1,10.0,25.0,11.0,30.0,10.0,5.0,0.0,0.0,30.0,3.0,10.0,0.0,8.0,15.0,3.0,0.0,15.0,10.0,70.0,86.0,46.0,2.0,2.0,20.0
369,G70_20T,D,214.0,675.0,c1,d1,10.0,0.0,0.0,0.0,5.0,15.0,0.0,0.0,0.0,0.0,0.0,0.0,0.0,0.0,7.0,0.0,15.0,0.0,45.0,50.0,61.0,17.0,19.0,20.0
371,G70_20T,D,270.0,675.0,c1,d1,10.0,3.0,11.0,0.0,9.0,5.0,0.0,0.0,30.0,3.0,10.0,0.0,4.0,15.0,7.0,15.0,15.0,10.0,54.0,77.0,44.0,9.0,9.0,20.0
372,G70_20T,D,394.0,675.0,c1,d1,10.0,25.0,15.0,30.0,6.0,15.0,10.0,0.0,30.0,3.0,10.0,20.0,8.0,15.0,7.0,15.0,15.0,0.0,52.0,79.0,9.0,0.0,0.0,20.0
374,G70_20T,D,272.0,675.0,c1,d1,10.0,3.0,11.0,0.0,5.0,15.0,22.0,0.0,30.0,3.0,10.0,0.0,4.0,15.0,7.0,0.0,15.0,0.0,45.0,50.0,61.0,17.0,19.0,20.0
375,G70_20T,D,175.0,675.0,c1,d1,10.0,0.0,0.0,0.0,4.0,20.0,0.0,0.0,0.0,0.0,0.0,0.0,0.0,0.0,10.0,0.0,15.0,0.0,32.0,50.0,42.0,11.0,11.0,20.0
376,G70_20T,D,257.0,675.0,c1,d1,10.0,3.0,11.0,0.0,4.0,20.0,22.0,0.0,30.0,3.0,10.0,20.0,8.0,15.0,10.0,0.0,15.0,0.0,32.0,50.0,42.0,11.0,11.0,20.0
378,G70_20T,E,148.0,675.0,c1,d1,10.0,0.0,0.0,0.0,15.0,15.0,0.0,0.0,0.0,0.0,0.0,0.0,0.0,0.0,10.0,15.0,15.0,10.0,0.0,0.0,70.0,9.0,9.0,20.0
379,G70_25T,D,260.0,675.0,c1,d1,10.0,0.0,0.0,0.0,8.0,13.0,0.0,0.0,0.0,0.0,0.0,0.0,0.0,0.0,10.0,0.0,15.0,10.0,64.0,50.0,60.0,20.0,30.0,20.0
381,G70_20T,E,238.0,675.0,c1,d1,10.0,3.0,11.0,0.0,15.0,15.0,22.0,0.0,30.0,3.0,10.0,20.0,16.0,15.0,10.0,15.0,15.0,10.0,0.0,0.0,70.0,9.0,9.0,20.0
382,G70_25T,C,425.0,675.0,c1,d1,10.0,6.0,15.0,30.0,8.0,13.0,22.0,0.0,30.0,3.0,10.0,20.0,4.0,15.0,10.0,0.0,15.0,10.0,64.0,50.0,60.0,20.0,30.0,20.0
384,G70_20T,D,374.0,675.0,c1,d1,0.0,25.0,11.0,30.0,17.0,5.0,22.0,0.0,30.0,3.0,10.0,20.0,8.0,15.0,10.0,15.0,15.0,0.0,31.0,28.0,53.0,8.0,8.0,10.0
385,G70_20T,E,223.0,675.0,c1,d1,10.0,0.0,0.0,0.0,8.0,5.0,0.0,0.0,0.0,0.0,0.0,0.0,0.0,0.0,10.0,0.0,15.0,10.0,77.0,87.0,13.0,9.0,9.0,20.0
386,G70_20T,E,301.0,675.0,c1,d1,10.0,3.0,15.0,0.0,8.0,5.0,22.0,0.0,30.0,3.0,10.0,12.0,8.0,15.0,10.0,0.0,15.0,10.0,77.0,87.0,13.0,9.0,9.0,20.0
387,G70_20T,D,115.0,675.0,c1,d1,10.0,0.0,0.0,0.0,5.0,5.0,0.0,0.0,0.0,0.0,0.0,0.0,0.0,0.0,10.0,15.0,15.0,10.0,3.0,11.0,57.0,2.0,2.0,20.0
388,G70_20T,D,140.0,675.0,c1,d1,10.0,0.0,0.0,0.0,11.0,5.0,0.0,0.0,0.0,0.0,0.0,0.0,0.0,0.0,10.0,15.0,15.0,0.0,15.0,11.0,70.0,4.0,4.0,20.0
389,G70_25T,D,237.0,675.0,c1,d1,10.0,0.0,0.0,0.0,16.0,6.0,0.0,0.0,0.0,0.0,0.0,0.0,0.0,0.0,3.0,0.0,15.0,0.0,72.0,50.0,50.0,20.0,25.0,20.0
390,G70_20T,D,198.0,675.0,c1,d1,10.0,0.0,0.0,0.0,12.0,5.0,0.0,0.0,0.0,0.0,0.0,0.0,0.0,0.0,3.0,15.0,15.0,0.0,49.0,41.0,58.0,15.0,15.0,10.0
391,G70_25T,D,238.0,675.0,c1,d1,10.0,0.0,0.0,0.0,17.0,19.0,0.0,0.0,0.0,0.0,0.0,0.0,0.0,0.0,10.0,15.0,15.0,10.0,48.0,30.0,44.0,20.0,30.0,20.0
392,G70_20T,D,374.0,675.0,c1,d1,10.0,25.0,11.0,30.0,11.0,5.0,40.0,0.0,30.0,3.0,10.0,0.0,20.0,15.0,10.0,15.0,15.0,0.0,15.0,11.0,70.0,4.0,4.0,20.0
393,G70_20T,D,333.0,675.0,c1,d1,10.0,23.0,7.0,30.0,5.0,5.0,22.0,0.0,30.0,3.0,10.0,20.0,8.0,15.0,10.0,15.0,15.0,10.0,3.0,11.0,57.0,2.0,2.0,20.0
394,G70_20T,E,372.0,675.0,c1,d1,10.0,25.0,11.0,30.0,12.0,5.0,0.0,0.0,30.0,3.0,10.0,0.0,0.0,15.0,3.0,15.0,15.0,0.0,49.0,41.0,58.0,15.0,15.0,10.0
395,G70_25T,B,469.0,675.0,c1,d1,10.0,25.0,15.0,30.0,16.0,6.0,22.0,0.0,30.0,3.0,10.0,20.0,12.0,15.0,3.0,0.0,15.0,0.0,72.0,50.0,50.0,20.0,25.0,20.0
396,G70_25T,B,492.0,675.0,c1,d1,10.0,25.0,11.0,30.0,17.0,19.0,40.0,0.0,30.0,3.0,10.0,20.0,20.0,15.0,10.0,15.0,15.0,10.0,48.0,30.0,44.0,20.0,30.0,20.0
397,G70_25T,D,195.0,675.0,c1,d1,10.0,0.0,0.0,0.0,20.0,4.0,0.0,0.0,0.0,0.0,0.0,0.0,0.0,0.0,10.0,15.0,15.0,10.0,29.0,2.0,70.0,19.0,21.0,20.0
398,G70_20T,D,123.0,675.0,c1,d1,10.0,0.0,0.0,0.0,16.0,10.0,0.0,0.0,0.0,0.0,0.0,0.0,0.0,0.0,7.0,15.0,15.0,10.0,0.0,0.0,70.0,0.0,0.0,20.0
399,G70_25T,D,252.0,675.0,c1,d1,10.0,0.0,0.0,0.0,8.0,19.0,0.0,0.0,0.0,0.0,0.0,0.0,0.0,0.0,10.0,0.0,15.0,0.0,46.0,55.0,70.0,20.0,29.0,20.0
400,G70_20T,D,381.0,675.0,c1,d1,10.0,25.0,15.0,30.0,16.0,10.0,40.0,0.0,30.0,3.0,10.0,20.0,20.0,15.0,7.0,15.0,15.0,10.0,0.0,0.0,70.0,0.0,0.0,20.0
401,G70_25T,C,433.0,675.0,c1,d1,10.0,25.0,15.0,30.0,20.0,4.0,40.0,0.0,30.0,3.0,10.0,0.0,20.0,15.0,10.0,15.0,15.0,10.0,29.0,2.0,70.0,19.0,21.0,20.0
402,G70_25T,B,492.0,675.0,c1,d1,10.0,25.0,15.0,30.0,8.0,19.0,22.0,0.0,30.0,3.0,10.0,20.0,20.0,15.0,10.0,0.0,15.0,0.0,46.0,55.0,70.0,20.0,29.0,20.0
403,G70_20T,D,209.0,675.0,c1,d1,10.0,0.0,0.0,0.0,3.0,15.0,0.0,0.0,0.0,0.0,0.0,0.0,0.0,0.0,3.0,0.0,15.0,0.0,66.0,100.0,19.0,4.0,4.0,20.0
404,G70_20T,D,265.0,675.0,c1,d1,10.0,3.0,11.0,0.0,3.0,15.0,0.0,0.0,30.0,3.0,10.0,20.0,4.0,15.0,3.0,0.0,15.0,0.0,66.0,100.0,19.0,4.0,4.0,20.0
405,G70_20T,E,233.0,675.0,c1,d1,10.0,25.0,7.0,30.0,6.0,15.0,0.0,0.0,0.0,3.0,10.0,0.0,0.0,15.0,7.0,15.0,15.0,0.0,34.0,58.0,53.0,0.0,0.0,10.0
408,G70_25T,D,248.0,675.0,c1,d1,10.0,0.0,0.0,0.0,12.0,25.0,0.0,0.0,0.0,0.0,0.0,0.0,0.0,0.0,3.0,15.0,15.0,0.0,75.0,42.0,31.0,20.0,30.0,20.0
409,G70_25T,D,330.0,675.0,c1,d1,10.0,3.0,11.0,0.0,12.0,25.0,22.0,0.0,30.0,3.0,10.0,20.0,8.0,15.0,3.0,15.0,15.0,0.0,75.0,42.0,31.0,20.0,30.0,20.0
411,G70_20T,D,199.0,675.0,c1,d1,10.0,0.0,0.0,0.0,10.0,20.0,0.0,0.0,0.0,0.0,0.0,0.0,0.0,0.0,7.0,15.0,15.0,0.0,47.0,22.0,55.0,14.0,14.0,20.0
413,G70_20T,C,453.0,675.0,c1,d1,10.0,25.0,11.0,30.0,10.0,20.0,40.0,0.0,30.0,3.0,10.0,20.0,20.0,15.0,7.0,15.0,15.0,0.0,47.0,22.0,55.0,14.0,14.0,20.0
414,G70_20T,D,114.0,675.0,c1,d1,10.0,0.0,0.0,0.0,8.0,5.0,0.0,0.0,0.0,0.0,0.0,0.0,0.0,0.0,10.0,15.0,15.0,0.0,1.0,0.0,53.0,13.0,14.0,20.0
415,G70_20T,E,255.0,675.0,c1,d1,10.0,25.0,11.0,30.0,9.0,15.0,0.0,0.0,0.0,3.0,10.0,0.0,4.0,15.0,10.0,15.0,15.0,10.0,37.0,57.0,49.0,0.0,0.0,10.0
416,G70_20T,D,368.0,675.0,c1,d1,10.0,25.0,11.0,30.0,8.0,5.0,40.0,0.0,30.0,3.0,10.0,20.0,20.0,15.0,10.0,15.0,15.0,0.0,1.0,0.0,53.0,13.0,14.0,20.0
417,G70_20T,D,131.0,675.0,c1,d1,10.0,0.0,0.0,0.0,8.0,15.0,0.0,0.0,0.0,0.0,0.0,0.0,0.0,0.0,10.0,0.0,15.0,10.0,20.0,4.0,61.0,4.0,4.0,20.0
418,G70_20T,D,206.0,675.0,c1,d1,10.0,3.0,7.0,0.0,15.0,5.0,22.0,0.0,30.0,3.0,10.0,20.0,8.0,15.0,7.0,15.0,15.0,10.0,6.0,15.0,70.0,0.0,0.0,10.0
419,G70_20T,D,363.0,675.0,c1,d1,10.0,25.0,15.0,30.0,8.0,15.0,22.0,0.0,30.0,3.0,10.0,20.0,12.0,15.0,10.0,0.0,15.0,10.0,20.0,4.0,61.0,4.0,4.0,20.0
420,G70_25T,D,245.0,675.0,c1,d1,10.0,0.0,0.0,0.0,17.0,19.0,0.0,0.0,0.0,0.0,0.0,0.0,0.0,0.0,10.0,0.0,15.0,0.0,80.0,64.0,17.0,20.0,23.0,20.0
421,G70_20T,D,276.0,675.0,c1,d1,10.0,20.0,3.0,30.0,3.0,5.0,0.0,0.0,30.0,3.0,10.0,0.0,4.0,15.0,10.0,0.0,15.0,0.0,3.0,46.0,59.0,0.0,0.0,10.0
422,G70_20T,D,227.0,675.0,c1,d1,10.0,0.0,0.0,0.0,15.0,5.0,0.0,0.0,0.0,0.0,0.0,0.0,0.0,0.0,10.0,0.0,15.0,10.0,54.0,45.0,58.0,17.0,18.0,20.0
423,G70_25T,D,309.0,675.0,c1,d1,10.0,3.0,11.0,0.0,17.0,19.0,0.0,0.0,30.0,3.0,10.0,12.0,20.0,15.0,10.0,0.0,15.0,0.0,80.0,64.0,17.0,20.0,23.0,20.0
424,G70_25T,D,222.0,675.0,c1,d1,10.0,0.0,0.0,0.0,15.0,6.0,0.0,0.0,0.0,0.0,0.0,0.0,0.0,0.0,3.0,0.0,15.0,0.0,65.0,41.0,50.0,20.0,27.0,20.0
425,G70_20T,C,425.0,675.0,c1,d1,10.0,25.0,11.0,30.0,15.0,5.0,0.0,0.0,30.0,3.0,10.0,20.0,4.0,15.0,10.0,0.0,15.0,10.0,54.0,45.0,58.0,17.0,18.0,20.0
426,G70_25T,C,442.0,675.0,c1,d1,10.0,25.0,11.0,30.0,15.0,6.0,10.0,0.0,30.0,3.0,10.0,20.0,16.0,15.0,3.0,0.0,15.0,0.0,65.0,41.0,50.0,20.0,27.0,20.0
427,G70_20T,D,240.0,675.0,c1,d1,10.0,0.0,0.0,0.0,17.0,5.0,0.0,0.0,0.0,0.0,0.0,0.0,0.0,0.0,10.0,15.0,15.0,0.0,66.0,56.0,48.0,14.0,14.0,20.0
428,G70_20T,D,336.0,675.0,c1,d1,10.0,3.0,15.0,0.0,17.0,5.0,40.0,0.0,30.0,3.0,10.0,0.0,20.0,15.0,10.0,15.0,15.0,0.0,66.0,56.0,48.0,14.0,14.0,20.0
430,G70_20T,D,155.0,675.0,c1,d1,10.0,0.0,0.0,0.0,10.0,5.0,0.0,0.0,0.0,0.0,0.0,0.0,0.0,0.0,10.0,15.0,15.0,0.0,23.0,39.0,48.0,5.0,5.0,20.0
431,G70_25T,D,181.0,675.0,c1,d1,10.0,0.0,0.0,0.0,11.0,4.0,0.0,0.0,0.0,0.0,0.0,0.0,0.0,0.0,10.0,0.0,15.0,0.0,29.0,41.0,52.0,19.0,20.0,20.0
432,G70_20T,D,383.0,675.0,c1,d1,10.0,25.0,15.0,30.0,10.0,5.0,10.0,0.0,30.0,3.0,10.0,20.0,20.0,15.0,10.0,15.0,15.0,0.0,23.0,39.0,48.0,5.0,5.0,20.0
433,G70_25T,D,360.0,675.0,c1,d1,10.0,8.0,11.0,30.0,11.0,4.0,22.0,0.0,30.0,3.0,10.0,20.0,20.0,15.0,10.0,0.0,15.0,0.0,29.0,41.0,52.0,19.0,20.0,20.0
434,G70_20T,D,227.0,675.0,c1,d1,10.0,0.0,0.0,0.0,17.0,15.0,0.0,0.0,0.0,0.0,0.0,0.0,0.0,0.0,10.0,15.0,15.0,10.0,73.0,90.0,12.0,0.0,0.0,10.0
435,G70_20T,D,186.0,675.0,c1,d1,10.0,0.0,0.0,0.0,6.0,5.0,0.0,0.0,0.0,0.0,0.0,0.0,0.0,0.0,10.0,0.0,15.0,0.0,33.0,60.0,63.0,7.0,7.0,20.0
436,G70_20T,E,307.0,675.0,c1,d1,10.0,25.0,11.0,30.0,17.0,15.0,0.0,0.0,0.0,3.0,10.0,0.0,16.0,15.0,10.0,15.0,15.0,10.0,73.0,90.0,12.0,0.0,0.0,10.0
437,G70_20T,D,384.0,675.0,c1,d1,10.0,25.0,7.0,30.0,6.0,5.0,0.0,0.0,30.0,3.0,10.0,20.0,8.0,15.0,10.0,0.0,15.0,0.0,33.0,60.0,63.0,7.0,7.0,20.0
439,G70_20T,D,260.0,675.0,c1,d1,10.0,3.0,11.0,0.0,7.0,15.0,0.0,0.0,30.0,3.0,10.0,0.0,4.0,15.0,10.0,0.0,15.0,0.0,53.0,79.0,59.0,8.0,8.0,10.0
442,G70_25T,C,412.0,675.0,c1,d1,10.0,7.0,11.0,30.0,18.0,13.0,22.0,0.0,30.0,3.0,10.0,20.0,8.0,15.0,10.0,0.0,15.0,0.0,71.0,29.0,70.0,20.0,30.0,10.0
443,G70_20T,D,114.0,675.0,c1,d1,10.0,0.0,0.0,0.0,10.0,5.0,0.0,0.0,0.0,0.0,0.0,0.0,0.0,0.0,10.0,0.0,15.0,0.0,12.0,8.0,70.0,2.0,2.0,20.0
444,G70_20T,D,364.0,675.0,c1,d1,10.0,25.0,7.0,30.0,10.0,5.0,40.0,0.0,30.0,3.0,10.0,20.0,20.0,15.0,10.0,0.0,15.0,0.0,12.0,8.0,70.0,2.0,2.0,20.0
445,G70_20T,D,222.0,675.0,c1,d1,10.0,0.0,0.0,0.0,8.0,5.0,0.0,0.0,0.0,0.0,0.0,0.0,0.0,0.0,10.0,0.0,15.0,10.0,49.0,50.0,69.0,13.0,13.0,20.0
446,G70_20T,C,446.0,675.0,c1,d1,10.0,11.0,15.0,30.0,8.0,5.0,40.0,0.0,30.0,3.0,10.0,0.0,20.0,15.0,10.0,0.0,15.0,10.0,49.0,50.0,69.0,13.0,13.0,20.0
447,G70_20T,D,199.0,675.0,c1,d1,10.0,0.0,0.0,0.0,20.0,15.0,0.0,0.0,0.0,0.0,0.0,0.0,0.0,0.0,7.0,15.0,15.0,10.0,42.0,38.0,57.0,0.0,0.0,20.0
448,G70_20T,D,255.0,675.0,c1,d1,10.0,0.0,0.0,0.0,9.0,15.0,0.0,0.0,0.0,0.0,0.0,0.0,0.0,0.0,10.0,15.0,15.0,0.0,55.0,55.0,70.0,15.0,16.0,20.0
449,G70_20T,D,231.0,675.0,c1,d1,10.0,3.0,7.0,0.0,20.0,15.0,0.0,0.0,30.0,3.0,10.0,0.0,4.0,15.0,7.0,15.0,15.0,10.0,42.0,38.0,57.0,0.0,0.0,20.0
450,G70_20T,D,412.0,675.0,c1,d1,10.0,15.0,0.0,30.0,9.0,15.0,0.0,0.0,30.0,3.0,10.0,0.0,4.0,15.0,10.0,15.0,15.0,0.0,55.0,55.0,70.0,15.0,16.0,20.0
451,G70_20T,D,338.0,675.0,c1,d1,10.0,25.0,11.0,30.0,14.0,5.0,40.0,0.0,30.0,3.0,10.0,0.0,20.0,15.0,10.0,15.0,15.0,0.0,2.0,11.0,62.0,0.0,0.0,10.0
452,G70_20T,D,192.0,675.0,c1,d1,10.0,0.0,0.0,0.0,17.0,5.0,0.0,0.0,0.0,0.0,0.0,0.0,0.0,0.0,10.0,0.0,15.0,10.0,61.0,49.0,19.0,13.0,13.0,20.0
453,G70_20T,D,394.0,675.0,c1,d1,10.0,25.0,15.0,30.0,17.0,5.0,0.0,0.0,30.0,3.0,10.0,20.0,4.0,15.0,10.0,0.0,15.0,10.0,61.0,49.0,19.0,13.0,13.0,20.0
454,G70_20T,D,186.0,675.0,c1,d1,10.0,0.0,0.0,0.0,15.0,10.0,0.0,0.0,0.0,0.0,0.0,0.0,0.0,0.0,10.0,0.0,15.0,10.0,47.0,57.0,42.0,0.0,0.0,20.0
455,G70_20T,D,350.0,675.0,c1,d1,10.0,24.0,0.0,30.0,9.0,5.0,0.0,0.0,30.0,3.0,10.0,0.0,8.0,15.0,7.0,15.0,15.0,10.0,36.0,69.0,44.0,0.0,0.0,10.0
456,G70_20T,D,364.0,675.0,c1,d1,10.0,13.0,11.0,30.0,15.0,10.0,0.0,0.0,30.0,3.0,10.0,12.0,4.0,15.0,10.0,0.0,15.0,10.0,47.0,57.0,42.0,0.0,0.0,20.0
457,G70_25T,E,446.0,675.0,c1,d1,10.0,25.0,15.0,30.0,9.0,6.0,10.0,0.0,30.0,3.0,10.0,0.0,0.0,15.0,7.0,0.0,15.0,0.0,65.0,85.0,61.0,19.0,21.0,10.0
458,G70_25T,D,184.0,675.0,c1,d1,10.0,0.0,0.0,0.0,11.0,12.0,0.0,0.0,0.0,0.0,0.0,0.0,0.0,0.0,10.0,15.0,15.0,0.0,44.0,51.0,11.0,17.0,18.0,20.0
459,G70_20T,D,186.0,675.0,c1,d1,10.0,0.0,0.0,0.0,0.0,20.0,0.0,0.0,0.0,0.0,0.0,0.0,0.0,0.0,10.0,0.0,15.0,0.0,46.0,71.0,22.0,11.0,11.0,20.0
460,G70_25T,D,296.0,675.0,c1,d1,10.0,3.0,11.0,0.0,11.0,12.0,40.0,0.0,30.0,3.0,10.0,20.0,20.0,15.0,10.0,15.0,15.0,0.0,44.0,51.0,11.0,17.0,18.0,20.0
461,G70_20T,C,440.0,675.0,c1,d1,10.0,25.0,11.0,30.0,0.0,20.0,40.0,0.0,30.0,3.0,10.0,20.0,20.0,15.0,10.0,0.0,15.0,0.0,46.0,71.0,22.0,11.0,11.0,20.0
462,G70_20T,D,167.0,675.0,c1,d1,10.0,0.0,0.0,0.0,14.0,5.0,0.0,0.0,0.0,0.0,0.0,0.0,0.0,0.0,10.0,0.0,15.0,0.0,30.0,54.0,59.0,0.0,0.0,20.0
463,G70_20T,C,421.0,675.0,c1,d1,10.0,25.0,11.0,30.0,14.0,5.0,40.0,0.0,30.0,3.0,10.0,20.0,20.0,15.0,10.0,0.0,15.0,0.0,30.0,54.0,59.0,0.0,0.0,20.0
465,G70_20T,D,157.0,675.0,c1,d1,10.0,0.0,0.0,0.0,4.0,5.0,0.0,0.0,0.0,0.0,0.0,0.0,0.0,0.0,10.0,0.0,15.0,0.0,30.0,50.0,59.0,2.0,2.0,20.0
466,G70_20T,D,389.0,675.0,c1,d1,10.0,25.0,15.0,30.0,4.0,5.0,22.0,0.0,30.0,3.0,10.0,20.0,12.0,15.0,10.0,0.0,15.0,0.0,30.0,50.0,59.0,2.0,2.0,20.0
467,G70_20T,D,177.0,675.0,c1,d1,10.0,0.0,0.0,0.0,15.0,15.0,0.0,0.0,0.0,0.0,0.0,0.0,0.0,0.0,10.0,0.0,15.0,0.0,43.0,54.0,29.0,8.0,8.0,20.0
468,G70_20T,D,357.0,675.0,c1,d1,10.0,24.0,0.0,30.0,15.0,15.0,10.0,0.0,30.0,3.0,10.0,0.0,8.0,15.0,10.0,0.0,15.0,0.0,43.0,54.0,29.0,8.0,8.0,20.0
470,G70_20T,D,264.0,675.0,c1,d1,10.0,3.0,11.0,0.0,3.0,15.0,10.0,0.0,30.0,3.0,10.0,12.0,12.0,15.0,3.0,0.0,15.0,0.0,70.0,100.0,18.0,2.0,2.0,10.0
473,G70_20T,D,164.0,675.0,c1,d1,10.0,0.0,0.0,0.0,8.0,15.0,0.0,0.0,0.0,0.0,0.0,0.0,0.0,0.0,10.0,0.0,15.0,10.0,19.0,36.0,59.0,6.0,6.0,20.0
474,G70_20T,D,209.0,675.0,c1,d1,10.0,0.0,0.0,0.0,14.0,5.0,0.0,0.0,0.0,0.0,0.0,0.0,0.0,0.0,10.0,15.0,15.0,0.0,80.0,90.0,0.0,0.0,0.0,20.0
475,G70_20T,C,418.0,675.0,c1,d1,10.0,25.0,11.0,30.0,8.0,15.0,40.0,0.0,30.0,3.0,10.0,20.0,20.0,15.0,10.0,0.0,15.0,10.0,19.0,36.0,59.0,6.0,6.0,20.0
476,G70_20T,D,404.0,675.0,c1,d1,10.0,25.0,15.0,30.0,20.0,5.0,0.0,0.0,30.0,3.0,10.0,0.0,4.0,15.0,7.0,15.0,15.0,0.0,61.0,58.0,61.0,5.0,5.0,10.0
477,G70_20T,D,245.0,675.0,c1,d1,10.0,3.0,11.0,0.0,14.0,5.0,0.0,0.0,30.0,3.0,10.0,0.0,4.0,15.0,10.0,15.0,15.0,0.0,80.0,90.0,0.0,0.0,0.0,20.0
478,G70_20T,D,383.0,675.0,c1,d1,10.0,3.0,15.0,0.0,16.0,25.0,40.0,0.0,30.0,3.0,10.0,0.0,20.0,15.0,10.0,15.0,15.0,10.0,80.0,75.0,43.0,14.0,14.0,10.0
479,G70_25T,C,421.0,675.0,c1,d1,10.0,25.0,11.0,30.0,11.0,6.0,22.0,0.0,30.0,3.0,10.0,12.0,8.0,15.0,10.0,0.0,15.0,10.0,69.0,53.0,18.0,20.0,23.0,10.0
480,G70_20T,D,214.0,675.0,c1,d1,10.0,0.0,0.0,0.0,20.0,25.0,0.0,0.0,0.0,0.0,0.0,0.0,0.0,0.0,10.0,15.0,15.0,10.0,37.0,13.0,67.0,11.0,11.0,20.0
481,G70_20T,C,446.0,675.0,c1,d1,10.0,25.0,15.0,30.0,20.0,25.0,22.0,0.0,30.0,3.0,10.0,20.0,12.0,15.0,10.0,15.0,15.0,10.0,37.0,13.0,67.0,11.0,11.0,20.0
485,G70_20T,D,369.0,675.0,c1,d1,10.0,23.0,7.0,30.0,20.0,15.0,0.0,0.0,30.0,3.0,10.0,12.0,12.0,15.0,10.0,15.0,15.0,10.0,39.0,31.0,32.0,10.0,10.0,10.0
486,G70_20T,E,269.0,675.0,c1,d1,10.0,24.0,7.0,30.0,9.0,10.0,22.0,0.0,0.0,3.0,10.0,0.0,4.0,15.0,10.0,15.0,15.0,0.0,50.0,72.0,33.0,0.0,0.0,10.0
487,G70_20T,D,164.0,675.0,c1,d1,10.0,0.0,0.0,0.0,13.0,5.0,0.0,0.0,0.0,0.0,0.0,0.0,0.0,0.0,7.0,0.0,15.0,0.0,31.0,57.0,56.0,0.0,0.0,20.0
488,G70_20T,D,222.0,675.0,c1,d1,10.0,3.0,7.0,0.0,13.0,5.0,10.0,0.0,30.0,3.0,10.0,12.0,8.0,15.0,7.0,0.0,15.0,0.0,31.0,57.0,56.0,0.0,0.0,20.0
489,G70_20T,D,361.0,675.0,c1,d1,10.0,25.0,7.0,30.0,17.0,5.0,0.0,0.0,30.0,3.0,10.0,0.0,4.0,15.0,10.0,0.0,15.0,10.0,58.0,83.0,19.0,0.0,0.0,10.0
491,G70_20T,D,156.0,675.0,c1,d1,10.0,0.0,0.0,0.0,5.0,15.0,0.0,0.0,0.0,0.0,0.0,0.0,0.0,0.0,10.0,15.0,15.0,10.0,20.0,18.0,40.0,14.0,14.0,20.0
493,G70_20T,D,268.0,675.0,c1,d1,10.0,3.0,11.0,0.0,5.0,15.0,40.0,0.0,30.0,3.0,10.0,20.0,20.0,15.0,10.0,15.0,15.0,10.0,20.0,18.0,40.0,14.0,14.0,20.0
495,G70_20T,E,55.0,675.0,c1,d1,10.0,3.0,3.0,0.0,0.0,15.0,0.0,0.0,0.0,3.0,10.0,0.0,0.0,15.0,10.0,0.0,15.0,0.0,36.0,74.0,17.0,2.0,2.0,10.0
496,G70_20T,D,229.0,675.0,c1,d1,10.0,0.0,0.0,0.0,5.0,25.0,0.0,0.0,0.0,0.0,0.0,0.0,0.0,0.0,10.0,15.0,15.0,10.0,40.0,29.0,70.0,15.0,15.0,20.0
497,G70_20T,E,85.0,675.0,c1,d1,10.0,0.0,0.0,0.0,13.0,15.0,0.0,0.0,0.0,0.0,0.0,0.0,0.0,0.0,3.0,0.0,15.0,10.0,0.0,0.0,37.0,6.0,6.0,20.0
498,G70_20T,D,341.0,675.0,c1,d1,10.0,3.0,11.0,0.0,5.0,25.0,40.0,0.0,30.0,3.0,10.0,20.0,20.0,15.0,10.0,15.0,15.0,10.0,40.0,29.0,70.0,15.0,15.0,20.0
499,G70_20T,E,197.0,675.0,c1,d1,10.0,3.0,11.0,0.0,13.0,15.0,40.0,0.0,30.0,3.0,10.0,20.0,20.0,15.0,3.0,0.0,15.0,10.0,0.0,0.0,37.0,6.0,6.0,20.0
500,G70_25T,D,221.0,675.0,c1,d1,0.0,0.0,0.0,0.0,13.0,19.0,0.0,0.0,0.0,0.0,0.0,0.0,0.0,0.0,10.0,0.0,15.0,10.0,74.0,52.0,25.0,20.0,23.0,10.0
501,G70_20T,D,125.0,675.0,c1,d1,10.0,0.0,0.0,0.0,12.0,5.0,0.0,0.0,0.0,0.0,0.0,0.0,0.0,0.0,10.0,0.0,15.0,10.0,12.0,29.0,52.0,0.0,0.0,20.0
502,G70_20T,D,102.0,675.0,c1,d1,10.0,0.0,0.0,0.0,6.0,5.0,0.0,0.0,0.0,0.0,0.0,0.0,0.0,0.0,3.0,15.0,15.0,0.0,0.0,15.0,63.0,0.0,0.0,20.0
503,G70_20T,D,101.0,675.0,c1,d1,10.0,0.0,0.0,0.0,20.0,5.0,0.0,0.0,0.0,0.0,0.0,0.0,0.0,0.0,10.0,15.0,15.0,10.0,0.0,0.0,46.0,0.0,0.0,20.0
504,G70_20T,D,195.0,675.0,c1,d1,10.0,3.0,11.0,0.0,12.0,5.0,10.0,0.0,30.0,3.0,10.0,20.0,8.0,15.0,10.0,0.0,15.0,10.0,12.0,29.0,52.0,0.0,0.0,20.0
505,G70_20T,D,303.0,675.0,c1,d1,10.0,25.0,11.0,30.0,20.0,5.0,0.0,0.0,30.0,3.0,10.0,20.0,8.0,15.0,10.0,15.0,15.0,10.0,0.0,0.0,46.0,0.0,0.0,20.0
506,G70_25T,D,207.0,675.0,c1,d1,10.0,0.0,0.0,0.0,9.0,6.0,0.0,0.0,0.0,0.0,0.0,0.0,0.0,0.0,10.0,0.0,15.0,0.0,44.0,62.0,41.0,19.0,21.0,20.0
507,G70_25T,D,267.0,675.0,c1,d1,10.0,3.0,11.0,0.0,9.0,6.0,0.0,0.0,30.0,3.0,10.0,20.0,8.0,15.0,10.0,0.0,15.0,0.0,44.0,62.0,41.0,19.0,21.0,20.0
508,G70_20T,D,167.0,675.0,c1,d1,10.0,0.0,0.0,0.0,11.0,5.0,0.0,0.0,0.0,0.0,0.0,0.0,0.0,0.0,7.0,0.0,15.0,0.0,38.0,68.0,43.0,0.0,0.0,20.0
509,G70_20T,D,345.0,675.0,c1,d1,10.0,25.0,11.0,30.0,11.0,5.0,0.0,0.0,30.0,3.0,10.0,0.0,4.0,15.0,7.0,0.0,15.0,0.0,38.0,68.0,43.0,0.0,0.0,20.0
510,G70_20T,D,305.0,675.0,c1,d1,10.0,3.0,7.0,30.0,6.0,15.0,0.0,0.0,30.0,3.0,10.0,20.0,4.0,15.0,3.0,0.0,15.0,10.0,37.0,62.0,55.0,0.0,0.0,10.0
511,G70_20T,D,200.0,675.0,c1,d1,10.0,0.0,0.0,0.0,12.0,5.0,0.0,0.0,0.0,0.0,0.0,0.0,0.0,0.0,7.0,15.0,15.0,10.0,52.0,83.0,21.0,0.0,0.0,20.0
512,G70_20T,E,362.0,675.0,c1,d1,10.0,24.0,0.0,30.0,12.0,5.0,0.0,0.0,30.0,3.0,10.0,0.0,0.0,15.0,7.0,15.0,15.0,10.0,52.0,83.0,21.0,0.0,0.0,20.0
515,G70_20T,D,177.0,675.0,c1,d1,10.0,0.0,0.0,0.0,5.0,5.0,0.0,0.0,0.0,0.0,0.0,0.0,0.0,0.0,7.0,15.0,15.0,10.0,27.0,68.0,45.0,0.0,0.0,20.0
516,G70_20T,D,289.0,675.0,c1,d1,10.0,3.0,11.0,0.0,5.0,5.0,40.0,0.0,30.0,3.0,10.0,20.0,20.0,15.0,7.0,15.0,15.0,10.0,27.0,68.0,45.0,0.0,0.0,20.0
517,G70_20T,D,190.0,675.0,c1,d1,10.0,0.0,0.0,0.0,0.0,20.0,0.0,0.0,0.0,0.0,0.0,0.0,0.0,0.0,10.0,0.0,15.0,0.0,41.0,67.0,45.0,11.0,11.0,10.0
518,G70_20T,D,242.0,675.0,c1,d1,10.0,3.0,3.0,0.0,0.0,20.0,0.0,0.0,30.0,3.0,10.0,20.0,8.0,15.0,10.0,0.0,15.0,0.0,41.0,67.0,45.0,11.0,11.0,10.0
519,G70_20T,D,283.0,675.0,c1,d1,10.0,3.0,11.0,0.0,6.0,15.0,40.0,0.0,30.0,3.0,10.0,0.0,20.0,15.0,10.0,15.0,15.0,0.0,38.0,64.0,38.0,10.0,10.0,10.0
524,G70_25T,D,398.0,675.0,c1,d1,10.0,18.0,7.0,30.0,2.0,12.0,40.0,0.0,30.0,3.0,10.0,20.0,20.0,15.0,10.0,0.0,15.0,0.0,8.0,33.0,56.0,19.0,20.0,20.0
525,G70_20T,D,157.0,675.0,c1,d1,10.0,0.0,0.0,0.0,6.0,5.0,0.0,0.0,0.0,0.0,0.0,0.0,0.0,0.0,10.0,0.0,15.0,0.0,31.0,47.0,61.0,1.0,1.0,20.0
526,G70_20T,D,369.0,675.0,c1,d1,10.0,25.0,11.0,30.0,6.0,5.0,10.0,0.0,30.0,3.0,10.0,20.0,8.0,15.0,10.0,0.0,15.0,0.0,31.0,47.0,61.0,1.0,1.0,20.0
527,G70_20T,D,129.0,675.0,c1,d1,10.0,0.0,0.0,0.0,10.0,5.0,0.0,0.0,0.0,0.0,0.0,0.0,0.0,0.0,10.0,15.0,15.0,0.0,6.0,28.0,60.0,0.0,0.0,20.0
528,G70_20T,D,195.0,675.0,c1,d1,10.0,3.0,3.0,0.0,10.0,5.0,10.0,0.0,30.0,3.0,10.0,20.0,12.0,15.0,10.0,15.0,15.0,0.0,6.0,28.0,60.0,0.0,0.0,20.0
529,G70_25T,D,228.0,675.0,c1,d1,10.0,0.0,0.0,0.0,2.0,15.0,0.0,0.0,0.0,0.0,0.0,0.0,0.0,0.0,7.0,0.0,15.0,0.0,51.0,48.0,64.0,20.0,26.0,20.0
530,G70_25T,B,486.0,675.0,c1,d1,10.0,25.0,15.0,30.0,2.0,15.0,40.0,0.0,30.0,3.0,10.0,20.0,20.0,15.0,7.0,0.0,15.0,0.0,51.0,48.0,64.0,20.0,26.0,20.0
531,G70_25T,D,248.0,675.0,c1,d1,10.0,0.0,0.0,0.0,11.0,19.0,0.0,0.0,0.0,0.0,0.0,0.0,0.0,0.0,10.0,0.0,15.0,0.0,48.0,50.0,66.0,20.0,29.0,20.0
532,G70_25T,B,502.0,675.0,c1,d1,10.0,25.0,11.0,30.0,11.0,19.0,40.0,0.0,30.0,3.0,10.0,20.0,20.0,15.0,10.0,0.0,15.0,0.0,48.0,50.0,66.0,20.0,29.0,20.0
533,G70_25T,D,259.0,675.0,c1,d1,10.0,0.0,0.0,0.0,13.0,6.0,0.0,0.0,0.0,0.0,0.0,0.0,0.0,0.0,7.0,15.0,15.0,10.0,66.0,50.0,58.0,20.0,29.0,10.0
534,G70_25T,C,459.0,675.0,c1,d1,10.0,25.0,7.0,30.0,13.0,6.0,10.0,0.0,30.0,3.0,10.0,12.0,8.0,15.0,7.0,15.0,15.0,10.0,66.0,50.0,58.0,20.0,29.0,10.0
535,G70_25T,D,234.0,675.0,c1,d1,0.0,0.0,0.0,0.0,0.0,13.0,0.0,0.0,0.0,0.0,0.0,0.0,0.0,0.0,10.0,0.0,15.0,0.0,56.0,60.0,70.0,20.0,30.0,10.0
538,G70_25T,D,228.0,675.0,c1,d1,10.0,0.0,0.0,0.0,2.0,15.0,0.0,0.0,0.0,0.0,0.0,0.0,0.0,0.0,7.0,0.0,15.0,0.0,57.0,55.0,52.0,20.0,25.0,20.0
539,G70_25T,B,480.0,675.0,c1,d1,10.0,23.0,11.0,30.0,2.0,15.0,40.0,0.0,30.0,3.0,10.0,20.0,20.0,15.0,7.0,0.0,15.0,0.0,57.0,55.0,52.0,20.0,25.0,20.0
540,G70_20T,D,191.0,675.0,c1,d1,0.0,0.0,0.0,0.0,20.0,5.0,0.0,0.0,0.0,0.0,0.0,0.0,0.0,0.0,7.0,15.0,15.0,10.0,47.0,65.0,47.0,0.0,0.0,10.0
541,G70_20T,D,152.0,675.0,c1,d1,10.0,0.0,0.0,0.0,11.0,15.0,0.0,0.0,0.0,0.0,0.0,0.0,0.0,0.0,7.0,15.0,15.0,0.0,22.0,28.0,59.0,0.0,0.0,20.0
542,G70_20T,D,350.0,675.0,c1,d1,10.0,25.0,11.0,30.0,11.0,15.0,0.0,0.0,30.0,3.0,10.0,20.0,4.0,15.0,7.0,15.0,15.0,0.0,22.0,28.0,59.0,0.0,0.0,20.0
543,G70_20T,D,178.0,675.0,c1,d1,10.0,0.0,0.0,0.0,20.0,5.0,0.0,0.0,0.0,0.0,0.0,0.0,0.0,0.0,10.0,15.0,15.0,0.0,43.0,3.0,52.0,17.0,18.0,20.0
544,G70_20T,D,218.0,675.0,c1,d1,10.0,3.0,3.0,0.0,20.0,5.0,0.0,0.0,30.0,3.0,10.0,12.0,4.0,15.0,10.0,15.0,15.0,0.0,43.0,3.0,52.0,17.0,18.0,20.0
545,G70_20T,D,184.0,675.0,c1,d1,10.0,0.0,0.0,0.0,13.0,5.0,0.0,0.0,0.0,0.0,0.0,0.0,0.0,0.0,10.0,15.0,15.0,10.0,30.0,16.0,55.0,17.0,18.0,20.0
546,G70_20T,D,396.0,675.0,c1,d1,10.0,25.0,15.0,30.0,13.0,5.0,10.0,0.0,30.0,3.0,10.0,20.0,4.0,15.0,10.0,15.0,15.0,10.0,30.0,16.0,55.0,17.0,18.0,20.0
547,G70_25T,D,268.0,675.0,c1,d1,10.0,0.0,0.0,0.0,19.0,25.0,0.0,0.0,0.0,0.0,0.0,0.0,0.0,0.0,3.0,15.0,15.0,10.0,55.0,26.0,70.0,20.0,30.0,20.0
549,G70_25T,B,500.0,675.0,c1,d1,10.0,25.0,15.0,30.0,19.0,25.0,22.0,0.0,30.0,3.0,10.0,20.0,12.0,15.0,3.0,15.0,15.0,10.0,55.0,26.0,70.0,20.0,30.0,20.0
551,G70_20T,D,167.0,675.0,c1,d1,10.0,0.0,0.0,0.0,0.0,5.0,0.0,0.0,0.0,0.0,0.0,0.0,0.0,0.0,10.0,0.0,15.0,0.0,22.0,61.0,64.0,5.0,5.0,20.0
552,G70_20T,D,343.0,675.0,c1,d1,10.0,23.0,11.0,30.0,0.0,5.0,0.0,0.0,30.0,3.0,10.0,0.0,4.0,15.0,10.0,0.0,15.0,0.0,22.0,61.0,64.0,5.0,5.0,20.0
553,G70_25T,D,234.0,675.0,c1,d1,10.0,0.0,0.0,0.0,12.0,19.0,0.0,0.0,0.0,0.0,0.0,0.0,0.0,0.0,7.0,15.0,15.0,0.0,53.0,61.0,42.0,19.0,21.0,10.0
554,G70_25T,D,249.0,675.0,c1,d1,10.0,3.0,3.0,0.0,12.0,19.0,22.0,0.0,0.0,0.0,0.0,0.0,12.0,15.0,7.0,15.0,15.0,0.0,53.0,61.0,42.0,19.0,21.0,10.0
555,G70_20T,E,330.0,675.0,c1,d1,10.0,25.0,11.0,30.0,12.0,15.0,0.0,0.0,30.0,3.0,10.0,0.0,0.0,15.0,10.0,0.0,15.0,10.0,26.0,32.0,56.0,0.0,0.0,20.0
556,G70_20T,D,350.0,675.0,c1,d1,10.0,25.0,3.0,30.0,6.0,15.0,22.0,0.0,30.0,3.0,10.0,20.0,20.0,15.0,10.0,0.0,15.0,0.0,31.0,55.0,20.0,0.0,0.0,10.0
557,G70_25T,C,455.0,675.0,c1,d1,10.0,25.0,15.0,30.0,8.0,21.0,22.0,0.0,30.0,3.0,10.0,20.0,12.0,15.0,10.0,15.0,15.0,0.0,71.0,0.0,63.0,20.0,30.0,10.0
560,G70_20T,D,366.0,675.0,c1,d1,10.0,25.0,7.0,30.0,9.0,5.0,40.0,0.0,30.0,3.0,10.0,0.0,20.0,15.0,7.0,15.0,15.0,0.0,24.0,57.0,34.0,0.0,0.0,10.0
561,G70_25T,B,514.0,675.0,c1,d1,10.0,25.0,15.0,30.0,6.0,19.0,22.0,0.0,30.0,3.0,10.0,20.0,8.0,15.0,10.0,15.0,15.0,10.0,60.0,71.0,61.0,20.0,29.0,10.0
562,G70_20T,D,299.0,675.0,c1,d1,10.0,3.0,3.0,0.0,12.0,20.0,22.0,0.0,30.0,3.0,10.0,0.0,12.0,15.0,7.0,0.0,15.0,0.0,77.0,94.0,22.0,12.0,12.0,10.0
564,G70_20T,E,157.0,675.0,c1,d1,10.0,3.0,3.0,0.0,0.0,5.0,10.0,0.0,0.0,3.0,10.0,0.0,4.0,15.0,10.0,0.0,15.0,0.0,65.0,88.0,43.0,16.0,17.0,10.0
565,G70_25T,E,178.0,675.0,c1,d1,0.0,3.0,15.0,0.0,0.0,6.0,40.0,0.0,0.0,0.0,0.0,0.0,20.0,15.0,10.0,0.0,15.0,0.0,80.0,0.0,12.0,20.0,22.0,10.0
566,G70_20T,D,241.0,675.0,c1,d1,10.0,3.0,15.0,0.0,14.0,5.0,0.0,0.0,30.0,3.0,10.0,0.0,20.0,15.0,10.0,0.0,15.0,0.0,46.0,72.0,53.0,0.0,0.0,10.0
567,G70_25T,E,156.0,675.0,c1,d1,0.0,3.0,15.0,0.0,10.0,19.0,22.0,0.0,0.0,0.0,0.0,0.0,20.0,15.0,10.0,0.0,15.0,0.0,80.0,0.0,0.0,13.0,14.0,10.0
568,G70_25T,D,260.0,675.0,c1,d1,10.0,3.0,7.0,0.0,20.0,2.0,40.0,0.0,30.0,3.0,10.0,20.0,20.0,15.0,10.0,15.0,15.0,10.0,34.0,0.0,26.0,20.0,30.0,10.0
569,G70_25T,E,233.0,675.0,c1,d1,0.0,3.0,15.0,0.0,0.0,25.0,40.0,0.0,0.0,0.0,0.0,0.0,20.0,15.0,7.0,0.0,15.0,0.0,80.0,0.0,53.0,19.0,21.0,10.0
570,G70_25T,E,178.0,675.0,c1,d1,0.0,3.0,15.0,0.0,0.0,6.0,40.0,0.0,0.0,0.0,0.0,0.0,20.0,15.0,10.0,0.0,15.0,0.0,80.0,0.0,12.0,20.0,22.0,10.0
571,G70_25T,E,198.0,675.0,c1,d1,0.0,3.0,15.0,0.0,0.0,25.0,22.0,0.0,0.0,0.0,0.0,0.0,8.0,15.0,10.0,0.0,15.0,0.0,80.0,0.0,39.0,20.0,26.0,10.0
572,G70_25T,E,152.0,675.0,c1,d1,0.0,3.0,15.0,0.0,0.0,25.0,22.0,0.0,0.0,0.0,0.0,0.0,20.0,15.0,10.0,0.0,15.0,0.0,80.0,0.0,0.0,13.0,14.0,10.0
573,G70_25T,E,238.0,675.0,c1,d1,0.0,5.0,15.0,0.0,12.0,2.0,40.0,0.0,0.0,0.0,0.0,0.0,20.0,15.0,10.0,0.0,15.0,0.0,80.0,0.0,54.0,20.0,30.0,10.0
574,G70_25T,E,376.0,675.0,c1,d1,10.0,25.0,15.0,30.0,15.0,15.0,10.0,0.0,0.0,3.0,10.0,0.0,20.0,15.0,10.0,0.0,15.0,0.0,80.0,56.0,67.0,20.0,30.0,10.0
575,G70_20T,D,234.0,675.0,c1,d1,10.0,0.0,0.0,30.0,9.0,5.0,0.0,0.0,30.0,3.0,10.0,0.0,0.0,0.0,3.0,15.0,15.0,0.0,3.0,24.0,67.0,0.0,0.0,10.0
576,G70_20T,D,231.0,675.0,c1,d1,10.0,0.0,0.0,30.0,3.0,15.0,0.0,0.0,30.0,3.0,10.0,0.0,0.0,0.0,7.0,15.0,15.0,0.0,1.0,18.0,64.0,0.0,0.0,10.0
577,G70_25T,B,476.0,675.0,c1,d1,10.0,25.0,15.0,30.0,0.0,13.0,22.0,0.0,30.0,3.0,10.0,20.0,12.0,15.0,10.0,0.0,15.0,0.0,56.0,60.0,70.0,20.0,30.0,10.0
579,G70_20T,D,375.0,675.0,c1,d1,10.0,19.0,11.0,30.0,2.0,15.0,0.0,0.0,30.0,0.0,10.0,20.0,0.0,15.0,3.0,0.0,15.0,0.0,44.0,77.0,70.0,7.0,7.0,10.0
580,G70_20T,D,337.0,675.0,c1,d1,10.0,25.0,15.0,30.0,20.0,15.0,0.0,0.0,30.0,3.0,10.0,0.0,0.0,15.0,3.0,15.0,15.0,10.0,23.0,13.0,63.0,6.0,6.0,10.0
581,G70_20T,E,306.0,675.0,c1,d1,10.0,17.0,0.0,30.0,7.0,5.0,0.0,0.0,30.0,3.0,10.0,0.0,0.0,15.0,10.0,0.0,15.0,0.0,21.0,58.0,65.0,0.0,0.0,10.0
582,G70_20T,D,319.0,675.0,c1,d1,10.0,13.0,11.0,30.0,3.0,15.0,10.0,0.0,30.0,3.0,10.0,0.0,4.0,15.0,10.0,0.0,15.0,0.0,27.0,55.0,48.0,0.0,0.0,10.0
585,G70_20T,C,432.0,675.0,c1,d1,10.0,25.0,11.0,30.0,5.0,15.0,22.0,0.0,30.0,3.0,10.0,20.0,12.0,15.0,10.0,15.0,15.0,0.0,74.0,100.0,0.0,0.0,0.0,10.0
586,G70_20T,E,152.0,675.0,c1,d1,10.0,0.0,0.0,30.0,11.0,15.0,0.0,0.0,0.0,3.0,10.0,20.0,0.0,0.0,10.0,15.0,15.0,10.0,13.0,15.0,45.0,0.0,0.0,10.0
587,G70_20T,D,297.0,675.0,c1,d1,10.0,3.0,11.0,0.0,10.0,20.0,40.0,0.0,30.0,3.0,10.0,20.0,20.0,15.0,7.0,15.0,15.0,0.0,38.0,12.0,70.0,14.0,14.0,10.0
588,G70_20T,D,357.0,675.0,c1,d1,10.0,25.0,15.0,30.0,14.0,15.0,10.0,0.0,30.0,3.0,10.0,20.0,12.0,15.0,3.0,15.0,15.0,10.0,17.0,13.0,65.0,0.0,0.0,10.0
591,G70_25T,E,244.0,675.0,c1,d1,0.0,3.0,15.0,0.0,12.0,2.0,40.0,0.0,0.0,0.0,0.0,0.0,20.0,15.0,10.0,15.0,15.0,0.0,80.0,0.0,47.0,20.0,30.0,10.0
595,G70_25T,E,317.0,675.0,c1,d1,10.0,3.0,11.0,0.0,19.0,19.0,40.0,0.0,30.0,3.0,10.0,20.0,20.0,15.0,7.0,0.0,15.0,10.0,80.0,81.0,0.0,2.0,2.0,10.0
596,G70_25T,D,280.0,675.0,c1,d1,10.0,3.0,7.0,0.0,4.0,15.0,22.0,0.0,30.0,3.0,10.0,20.0,12.0,15.0,10.0,0.0,15.0,0.0,38.0,59.0,47.0,19.0,21.0,10.0
597,G70_20T,D,304.0,675.0,c1,d1,10.0,3.0,11.0,0.0,9.0,20.0,22.0,0.0,30.0,3.0,10.0,20.0,4.0,15.0,10.0,15.0,15.0,0.0,74.0,71.0,16.0,13.0,13.0,10.0
598,G70_25T,C,422.0,675.0,c1,d1,10.0,16.0,15.0,30.0,0.0,8.0,40.0,0.0,30.0,3.0,10.0,20.0,20.0,15.0,10.0,15.0,15.0,0.0,35.0,0.0,70.0,20.0,30.0,10.0
600,G70_20T,D,365.0,675.0,c1,d1,10.0,25.0,7.0,30.0,15.0,5.0,10.0,0.0,30.0,0.0,10.0,20.0,4.0,15.0,7.0,15.0,15.0,10.0,48.0,72.0,27.0,0.0,0.0,10.0
602,G70_20T,E,326.0,675.0,c1,d1,10.0,25.0,11.0,30.0,15.0,5.0,0.0,0.0,18.0,3.0,10.0,0.0,4.0,15.0,10.0,0.0,15.0,0.0,49.0,60.0,52.0,12.0,12.0,10.0
606,G70_20T,D,213.0,675.0,c1,d1,10.0,3.0,11.0,0.0,14.0,15.0,0.0,0.0,30.0,3.0,10.0,0.0,4.0,15.0,3.0,0.0,15.0,0.0,66.0,87.0,7.0,0.0,0.0,10.0
607,G70_20T,D,394.0,675.0,c1,d1,10.0,25.0,15.0,30.0,0.0,5.0,10.0,0.0,30.0,3.0,10.0,20.0,8.0,15.0,7.0,0.0,15.0,0.0,52.0,74.0,20.0,17.0,18.0,10.0
608,G70_20T,E,288.0,675.0,c1,d1,10.0,3.0,15.0,0.0,13.0,5.0,22.0,0.0,18.0,3.0,10.0,0.0,4.0,15.0,10.0,15.0,15.0,0.0,80.0,92.0,43.0,17.0,18.0,10.0
610,G70_25T,E,364.0,675.0,c1,d1,0.0,25.0,15.0,10.0,20.0,6.0,40.0,0.0,0.0,0.0,0.0,0.0,20.0,15.0,10.0,0.0,15.0,0.0,80.0,0.0,48.0,20.0,30.0,10.0
611,G70_20T,E,257.0,675.0,c1,d1,0.0,25.0,15.0,10.0,13.0,5.0,0.0,0.0,0.0,0.0,0.0,0.0,4.0,15.0,10.0,15.0,15.0,10.0,65.0,0.0,39.0,3.0,3.0,10.0
612,G70_20T,D,252.0,675.0,c1,d1,0.0,25.0,0.0,30.0,3.0,5.0,40.0,0.0,0.0,0.0,0.0,0.0,20.0,15.0,10.0,0.0,15.0,0.0,0.0,7.0,70.0,1.0,1.0,10.0
614,G80_25T,D,159.0,675.0,c1,d1,10.0,0.0,0.0,0.0,13.0,11.0,0.0,0.0,0.0,0.0,0.0,0.0,0.0,0.0,10.0,15.0,15.0,0.0,4.0,0.0,67.0,12.0,12.0,40.0
615,G80_25T,D,169.0,675.0,c1,d1,10.0,0.0,0.0,0.0,4.0,9.0,0.0,0.0,0.0,0.0,0.0,0.0,0.0,0.0,7.0,15.0,15.0,0.0,33.0,50.0,56.0,0.0,0.0,20.0
618,G80_25T,D,400.0,675.0,c1,d1,10.0,25.0,3.0,30.0,11.0,11.0,22.0,0.0,30.0,3.0,10.0,20.0,12.0,15.0,10.0,15.0,15.0,10.0,40.0,39.0,45.0,7.0,7.0,10.0
621,G80_25T,E,258.0,675.0,c1,d1,10.0,3.0,7.0,0.0,20.0,14.0,10.0,0.0,30.0,0.0,10.0,20.0,0.0,15.0,3.0,15.0,15.0,10.0,80.0,96.0,0.0,0.0,0.0,10.0
622,G80_25T,D,211.0,675.0,c1,d1,10.0,3.0,15.0,0.0,5.0,9.0,22.0,0.0,30.0,0.0,10.0,20.0,8.0,15.0,10.0,15.0,15.0,0.0,32.0,45.0,47.0,0.0,0.0,10.0
624,G80_25T,C,423.0,675.0,c1,d1,10.0,25.0,11.0,30.0,4.0,9.0,40.0,0.0,30.0,3.0,10.0,20.0,20.0,15.0,7.0,15.0,15.0,0.0,33.0,50.0,56.0,0.0,0.0,20.0
625,G80_25T,D,193.0,675.0,c1,d1,10.0,0.0,0.0,0.0,16.0,11.0,0.0,0.0,0.0,0.0,0.0,0.0,0.0,0.0,7.0,0.0,15.0,10.0,48.0,40.0,50.0,8.0,8.0,20.0
628,G80_25T,D,193.0,675.0,c1,d1,10.0,0.0,0.0,0.0,3.0,11.0,0.0,0.0,0.0,0.0,0.0,0.0,0.0,0.0,10.0,15.0,15.0,0.0,54.0,77.0,38.0,0.0,0.0,10.0
629,G80_25T,D,216.0,675.0,c1,d1,10.0,0.0,0.0,0.0,20.0,16.0,0.0,0.0,0.0,0.0,0.0,0.0,0.0,0.0,10.0,15.0,15.0,0.0,32.0,8.0,70.0,20.0,30.0,20.0
630,G80_25T,D,259.0,675.0,c1,d1,10.0,0.0,0.0,0.0,6.0,20.0,0.0,0.0,0.0,0.0,0.0,0.0,0.0,0.0,10.0,0.0,15.0,10.0,48.0,39.0,61.0,20.0,30.0,40.0
631,G80_25T,D,265.0,675.0,c1,d1,10.0,0.0,0.0,0.0,3.0,17.0,0.0,0.0,0.0,0.0,0.0,0.0,0.0,0.0,10.0,15.0,15.0,0.0,54.0,51.0,70.0,20.0,30.0,20.0
632,G80_25T,D,244.0,675.0,c1,d1,10.0,0.0,0.0,0.0,19.0,20.0,0.0,0.0,0.0,0.0,0.0,0.0,0.0,0.0,10.0,15.0,15.0,0.0,50.0,43.0,47.0,20.0,25.0,20.0
633,G80_25T,D,195.0,675.0,c1,d1,10.0,0.0,0.0,0.0,5.0,9.0,0.0,0.0,0.0,0.0,0.0,0.0,0.0,0.0,10.0,15.0,15.0,0.0,62.0,86.0,13.0,0.0,0.0,20.0
636,G80_25T,D,275.0,675.0,c1,d1,10.0,3.0,7.0,0.0,16.0,11.0,22.0,0.0,30.0,3.0,10.0,20.0,12.0,15.0,7.0,0.0,15.0,10.0,48.0,40.0,50.0,8.0,8.0,20.0
637,G80_25T,B,501.0,675.0,c1,d1,10.0,25.0,15.0,30.0,8.0,20.0,40.0,0.0,30.0,3.0,10.0,20.0,20.0,15.0,10.0,15.0,15.0,0.0,40.0,52.0,64.0,20.0,29.0,10.0
638,G80_25T,D,233.0,675.0,c1,d1,10.0,3.0,11.0,0.0,3.0,9.0,10.0,0.0,30.0,3.0,10.0,0.0,4.0,15.0,10.0,0.0,15.0,0.0,80.0,100.0,0.0,0.0,0.0,10.0
639,G80_25T,C,474.0,675.0,c1,d1,10.0,25.0,15.0,30.0,20.0,16.0,40.0,0.0,30.0,3.0,10.0,20.0,20.0,15.0,10.0,15.0,15.0,0.0,32.0,8.0,70.0,20.0,30.0,20.0
640,G80_25T,E,153.0,675.0,c1,d1,10.0,3.0,7.0,0.0,3.0,11.0,22.0,0.0,0.0,3.0,10.0,0.0,20.0,15.0,10.0,15.0,15.0,0.0,54.0,77.0,38.0,0.0,0.0,10.0
641,G80_25T,D,329.0,675.0,c1,d1,10.0,3.0,15.0,0.0,6.0,20.0,22.0,0.0,30.0,3.0,10.0,0.0,12.0,15.0,10.0,0.0,15.0,10.0,48.0,39.0,61.0,20.0,30.0,40.0
642,G80_25T,D,181.0,675.0,c1,d1,10.0,0.0,0.0,0.0,8.0,3.0,0.0,0.0,0.0,0.0,0.0,0.0,0.0,0.0,10.0,15.0,15.0,10.0,43.0,38.0,41.0,9.0,9.0,20.0
643,G80_25T,D,356.0,675.0,c1,d1,10.0,3.0,11.0,0.0,19.0,20.0,40.0,0.0,30.0,3.0,10.0,20.0,20.0,15.0,10.0,15.0,15.0,0.0,50.0,43.0,47.0,20.0,25.0,20.0
644,G80_25T,D,289.0,675.0,c1,d1,10.0,3.0,0.0,0.0,14.0,11.0,22.0,0.0,30.0,3.0,10.0,20.0,12.0,15.0,10.0,15.0,15.0,0.0,80.0,89.0,0.0,0.0,0.0,20.0
645,G80_25T,D,373.0,675.0,c1,d1,10.0,3.0,7.0,0.0,3.0,17.0,40.0,0.0,30.0,3.0,10.0,20.0,20.0,15.0,10.0,15.0,15.0,0.0,54.0,51.0,70.0,20.0,30.0,20.0
646,G80_25T,D,249.0,675.0,c1,d1,10.0,3.0,3.0,0.0,5.0,9.0,22.0,0.0,30.0,3.0,10.0,0.0,8.0,15.0,10.0,15.0,15.0,0.0,62.0,86.0,13.0,0.0,0.0,20.0
647,G80_25T,D,241.0,675.0,c1,d1,10.0,3.0,15.0,0.0,3.0,14.0,10.0,0.0,30.0,3.0,10.0,20.0,8.0,15.0,10.0,15.0,15.0,0.0,53.0,64.0,3.0,10.0,10.0,10.0
648,G80_25T,E,128.0,675.0,c1,d1,10.0,3.0,11.0,0.0,8.0,11.0,0.0,0.0,0.0,3.0,10.0,0.0,0.0,15.0,7.0,15.0,15.0,0.0,80.0,100.0,0.0,0.0,0.0,10.0
650,G80_25T,D,171.0,675.0,c1,d1,10.0,0.0,0.0,0.0,0.0,2.0,0.0,0.0,0.0,0.0,0.0,0.0,0.0,0.0,7.0,0.0,15.0,0.0,52.0,72.0,43.0,0.0,0.0,20.0
651,G80_25T,D,205.0,675.0,c1,d1,10.0,0.0,0.0,0.0,5.0,5.0,0.0,0.0,0.0,0.0,0.0,0.0,0.0,0.0,10.0,15.0,15.0,0.0,79.0,68.0,12.0,8.0,8.0,20.0
652,G80_25T,D,262.0,675.0,c1,d1,10.0,0.0,0.0,0.0,7.0,22.0,0.0,0.0,0.0,0.0,0.0,0.0,0.0,0.0,10.0,15.0,15.0,0.0,63.0,56.0,44.0,20.0,30.0,20.0
654,G80_25T,D,347.0,675.0,c1,d1,10.0,25.0,3.0,30.0,8.0,3.0,0.0,0.0,30.0,3.0,10.0,0.0,0.0,15.0,10.0,15.0,15.0,10.0,43.0,38.0,41.0,9.0,9.0,20.0
655,G80_25T,D,156.0,675.0,c1,d1,10.0,0.0,0.0,0.0,6.0,11.0,0.0,0.0,0.0,0.0,0.0,0.0,0.0,0.0,7.0,0.0,15.0,0.0,32.0,40.0,41.0,12.0,12.0,20.0
656,G80_25T,E,340.0,675.0,c1,d1,0.0,19.0,15.0,0.0,14.0,17.0,40.0,0.0,0.0,0.0,0.0,0.0,20.0,15.0,10.0,15.0,15.0,0.0,80.0,0.0,70.0,20.0,30.0,10.0
657,G80_25T,D,211.0,675.0,c1,d1,10.0,3.0,15.0,0.0,11.0,11.0,0.0,0.0,30.0,0.0,10.0,20.0,4.0,15.0,10.0,15.0,15.0,0.0,44.0,50.0,48.0,0.0,0.0,10.0
658,G80_25T,D,132.0,675.0,c1,d1,10.0,0.0,0.0,0.0,7.0,3.0,0.0,0.0,0.0,0.0,0.0,0.0,0.0,0.0,10.0,15.0,15.0,0.0,47.0,15.0,20.0,0.0,0.0,40.0
660,G80_25T,D,366.0,675.0,c1,d1,10.0,22.0,11.0,30.0,0.0,2.0,0.0,0.0,30.0,3.0,10.0,20.0,4.0,15.0,7.0,0.0,15.0,0.0,52.0,72.0,43.0,0.0,0.0,20.0
661,G80_25T,D,297.0,675.0,c1,d1,10.0,3.0,11.0,0.0,5.0,5.0,40.0,0.0,30.0,3.0,10.0,0.0,20.0,15.0,10.0,15.0,15.0,0.0,79.0,68.0,12.0,8.0,8.0,20.0
662,G80_25T,B,516.0,675.0,c1,d1,10.0,25.0,11.0,30.0,7.0,22.0,40.0,0.0,30.0,3.0,10.0,20.0,20.0,15.0,10.0,15.0,15.0,0.0,63.0,56.0,44.0,20.0,30.0,20.0
663,G80_25T,D,162.0,675.0,c1,d1,10.0,0.0,0.0,0.0,11.0,6.0,0.0,0.0,0.0,0.0,0.0,0.0,0.0,0.0,10.0,15.0,15.0,0.0,27.0,16.0,52.0,19.0,21.0,10.0
664,G80_25T,D,214.0,675.0,c1,d1,10.0,0.0,0.0,0.0,2.0,11.0,0.0,0.0,0.0,0.0,0.0,0.0,0.0,0.0,7.0,0.0,15.0,0.0,60.0,81.0,42.0,8.0,8.0,20.0
665,G80_25T,D,272.0,675.0,c1,d1,10.0,3.0,7.0,0.0,4.0,11.0,22.0,0.0,30.0,3.0,10.0,20.0,12.0,15.0,10.0,0.0,15.0,0.0,80.0,100.0,0.0,0.0,0.0,10.0
666,G80_25T,D,223.0,675.0,c1,d1,10.0,0.0,0.0,0.0,20.0,20.0,0.0,0.0,0.0,0.0,0.0,0.0,0.0,0.0,10.0,15.0,15.0,0.0,80.0,69.0,0.0,7.0,7.0,20.0
668,G80_25T,D,137.0,675.0,c1,d1,10.0,0.0,0.0,0.0,20.0,9.0,0.0,0.0,0.0,0.0,0.0,0.0,0.0,0.0,10.0,15.0,15.0,10.0,27.0,4.0,47.0,0.0,0.0,20.0
669,G80_25T,D,225.0,675.0,c1,d1,10.0,0.0,0.0,0.0,12.0,20.0,0.0,0.0,0.0,0.0,0.0,0.0,0.0,0.0,10.0,15.0,15.0,0.0,80.0,91.0,0.0,1.0,1.0,20.0
670,G80_25T,D,268.0,675.0,c1,d1,10.0,3.0,11.0,0.0,6.0,11.0,40.0,0.0,30.0,3.0,10.0,20.0,20.0,15.0,7.0,0.0,15.0,0.0,32.0,40.0,41.0,12.0,12.0,20.0
671,G80_25T,D,241.0,675.0,c1,d1,10.0,3.0,15.0,0.0,3.0,2.0,22.0,0.0,30.0,0.0,10.0,20.0,20.0,15.0,10.0,15.0,15.0,0.0,52.0,67.0,32.0,0.0,0.0,10.0
672,G80_25T,E,420.0,675.0,c1,d1,10.0,25.0,11.0,30.0,5.0,5.0,0.0,0.0,30.0,3.0,10.0,0.0,0.0,15.0,10.0,15.0,15.0,0.0,73.0,89.0,33.0,15.0,16.0,10.0
673,G80_25T,D,228.0,675.0,c1,d1,10.0,0.0,0.0,0.0,19.0,12.0,0.0,0.0,0.0,0.0,0.0,0.0,0.0,0.0,10.0,15.0,15.0,0.0,67.0,58.0,15.0,18.0,19.0,20.0
674,G80_25T,D,357.0,675.0,c1,d1,10.0,25.0,15.0,30.0,11.0,6.0,40.0,0.0,0.0,0.0,0.0,0.0,20.0,15.0,10.0,15.0,15.0,0.0,27.0,16.0,52.0,19.0,21.0,10.0
675,G80_25T,B,464.0,675.0,c1,d1,10.0,21.0,11.0,30.0,2.0,11.0,40.0,0.0,30.0,3.0,10.0,20.0,20.0,15.0,7.0,0.0,15.0,0.0,60.0,81.0,42.0,8.0,8.0,20.0
677,G80_25T,D,207.0,675.0,c1,d1,10.0,0.0,0.0,0.0,11.0,5.0,0.0,0.0,0.0,0.0,0.0,0.0,0.0,0.0,10.0,15.0,15.0,10.0,39.0,34.0,57.0,15.0,16.0,20.0
678,G80_25T,D,143.0,675.0,c1,d1,10.0,0.0,0.0,0.0,17.0,11.0,0.0,0.0,0.0,0.0,0.0,0.0,0.0,0.0,10.0,15.0,15.0,0.0,22.0,3.0,50.0,10.0,10.0,20.0
680,G80_25T,D,27.0,675.0,c1,d1,10.0,0.0,0.0,0.0,0.0,11.0,0.0,0.0,0.0,0.0,0.0,0.0,0.0,0.0,10.0,0.0,15.0,0.0,0.0,0.0,11.0,0.0,0.0,20.0
681,G80_25T,C,459.0,675.0,c1,d1,10.0,25.0,11.0,30.0,20.0,20.0,22.0,0.0,30.0,3.0,10.0,20.0,20.0,15.0,10.0,15.0,15.0,0.0,80.0,69.0,0.0,7.0,7.0,20.0
684,G80_25T,D,383.0,675.0,c1,d1,10.0,25.0,3.0,30.0,20.0,9.0,40.0,0.0,30.0,3.0,10.0,20.0,20.0,15.0,10.0,15.0,15.0,10.0,27.0,4.0,47.0,0.0,0.0,20.0
686,G80_25T,D,325.0,675.0,c1,d1,10.0,3.0,15.0,0.0,10.0,12.0,40.0,0.0,30.0,3.0,10.0,20.0,20.0,15.0,10.0,15.0,15.0,0.0,53.0,53.0,35.0,17.0,19.0,10.0
687,G80_25T,D,275.0,675.0,c1,d1,10.0,3.0,15.0,0.0,12.0,12.0,22.0,0.0,30.0,0.0,10.0,20.0,8.0,15.0,7.0,15.0,15.0,0.0,72.0,75.0,8.0,13.0,13.0,10.0
689,G80_25T,C,441.0,675.0,c1,d1,10.0,25.0,15.0,30.0,12.0,20.0,10.0,0.0,30.0,3.0,10.0,20.0,8.0,15.0,10.0,15.0,15.0,0.0,80.0,91.0,0.0,1.0,1.0,20.0
690,G80_25T,C,420.0,675.0,c1,d1,10.0,25.0,15.0,30.0,5.0,11.0,22.0,0.0,30.0,3.0,10.0,6.0,8.0,15.0,10.0,15.0,15.0,0.0,80.0,100.0,0.0,0.0,0.0,10.0
691,G80_25T,B,486.0,675.0,c1,d1,10.0,25.0,15.0,30.0,19.0,12.0,40.0,0.0,30.0,3.0,10.0,20.0,20.0,15.0,10.0,15.0,15.0,0.0,67.0,58.0,15.0,18.0,19.0,20.0
692,G80_25T,D,121.0,675.0,c1,d1,10.0,3.0,11.0,0.0,0.0,11.0,22.0,0.0,30.0,3.0,10.0,20.0,20.0,15.0,10.0,0.0,15.0,0.0,0.0,0.0,11.0,0.0,0.0,20.0
695,G80_25T,D,363.0,675.0,c1,d1,10.0,25.0,15.0,30.0,17.0,11.0,10.0,0.0,30.0,3.0,10.0,12.0,20.0,15.0,10.0,15.0,15.0,0.0,22.0,3.0,50.0,10.0,10.0,20.0
697,G80_25T,C,427.0,675.0,c1,d1,10.0,25.0,11.0,30.0,11.0,5.0,10.0,0.0,30.0,3.0,10.0,20.0,16.0,15.0,10.0,15.0,15.0,10.0,39.0,34.0,57.0,15.0,16.0,20.0
698,G80_25T,D,192.0,675.0,c1,d1,10.0,0.0,0.0,0.0,13.0,11.0,0.0,0.0,0.0,0.0,0.0,0.0,0.0,0.0,10.0,0.0,15.0,0.0,66.0,80.0,27.0,0.0,0.0,10.0
699,G80_25T,D,194.0,675.0,c1,d1,10.0,0.0,0.0,0.0,8.0,11.0,0.0,0.0,0.0,0.0,0.0,0.0,0.0,0.0,10.0,15.0,15.0,10.0,58.0,49.0,42.0,3.0,3.0,10.0
700,G80_25T,D,240.0,675.0,c1,d1,10.0,0.0,0.0,0.0,3.0,16.0,0.0,0.0,0.0,0.0,0.0,0.0,0.0,0.0,10.0,0.0,15.0,0.0,40.0,61.0,66.0,20.0,29.0,20.0
701,G80_25T,D,180.0,675.0,c1,d1,10.0,0.0,0.0,0.0,10.0,11.0,0.0,0.0,0.0,0.0,0.0,0.0,0.0,0.0,10.0,15.0,15.0,10.0,24.0,17.0,70.0,9.0,9.0,20.0
704,G80_25T,D,132.0,675.0,c1,d1,10.0,0.0,0.0,0.0,6.0,3.0,0.0,0.0,0.0,0.0,0.0,0.0,0.0,0.0,7.0,0.0,15.0,0.0,34.0,29.0,58.0,0.0,0.0,20.0
706,G80_25T,D,143.0,675.0,c1,d1,10.0,0.0,0.0,0.0,5.0,11.0,0.0,0.0,0.0,0.0,0.0,0.0,0.0,0.0,10.0,15.0,15.0,0.0,32.0,45.0,30.0,0.0,0.0,20.0
714,G80_25T,D,143.0,675.0,c1,d1,10.0,0.0,0.0,0.0,3.0,3.0,0.0,0.0,0.0,0.0,0.0,0.0,0.0,0.0,7.0,15.0,15.0,0.0,43.0,54.0,23.0,0.0,0.0,20.0
720,G80_25T,D,202.0,675.0,c1,d1,10.0,0.0,0.0,0.0,5.0,5.0,0.0,0.0,0.0,0.0,0.0,0.0,0.0,0.0,7.0,15.0,15.0,0.0,75.0,92.0,4.0,2.0,2.0,20.0
722,G80_25T,D,208.0,675.0,c1,d1,10.0,0.0,0.0,0.0,5.0,3.0,0.0,0.0,0.0,0.0,0.0,0.0,0.0,0.0,10.0,15.0,15.0,10.0,70.0,83.0,15.0,1.0,1.0,20.0
723,G80_EV,D,185.0,675.0,c1,d1,10.0,0.0,0.0,0.0,20.0,17.0,0.0,0.0,0.0,0.0,0.0,0.0,0.0,0.0,7.0,15.0,15.0,0.0,42.0,23.0,40.0,6.0,30.0,10.0
724,G80_25T,D,220.0,675.0,c1,d1,10.0,3.0,3.0,0.0,13.0,11.0,0.0,0.0,30.0,3.0,10.0,0.0,4.0,15.0,10.0,0.0,15.0,0.0,66.0,80.0,27.0,0.0,0.0,10.0
727,G80_25T,E,336.0,675.0,c1,d1,10.0,25.0,15.0,30.0,8.0,11.0,22.0,0.0,8.0,3.0,10.0,0.0,4.0,15.0,10.0,15.0,15.0,10.0,58.0,49.0,42.0,3.0,3.0,10.0
728,G80_25T,B,494.0,675.0,c1,d1,10.0,25.0,11.0,30.0,3.0,16.0,40.0,0.0,30.0,3.0,10.0,20.0,20.0,15.0,10.0,0.0,15.0,0.0,40.0,61.0,66.0,20.0,29.0,20.0
729,G80_25T,D,344.0,675.0,c1,d1,10.0,25.0,11.0,30.0,6.0,3.0,10.0,0.0,30.0,3.0,10.0,20.0,8.0,15.0,7.0,0.0,15.0,0.0,34.0,29.0,58.0,0.0,0.0,20.0
731,G80_25T,D,291.0,675.0,c1,d1,10.0,3.0,15.0,0.0,5.0,3.0,40.0,0.0,30.0,3.0,10.0,20.0,20.0,15.0,10.0,15.0,15.0,0.0,68.0,81.0,8.0,0.0,0.0,10.0
738,G80_25T,D,264.0,675.0,c1,d1,10.0,3.0,11.0,0.0,5.0,5.0,10.0,0.0,30.0,3.0,10.0,12.0,8.0,15.0,7.0,15.0,15.0,0.0,75.0,92.0,4.0,2.0,2.0,20.0
742,G80_25T,D,213.0,675.0,c1,d1,10.0,3.0,11.0,0.0,5.0,11.0,10.0,0.0,30.0,3.0,10.0,20.0,8.0,15.0,10.0,15.0,15.0,0.0,32.0,45.0,30.0,0.0,0.0,20.0
745,G80_25T,D,244.0,675.0,c1,d1,10.0,3.0,11.0,0.0,14.0,11.0,0.0,0.0,30.0,3.0,10.0,20.0,8.0,15.0,10.0,15.0,15.0,10.0,55.0,26.0,42.0,3.0,3.0,20.0
746,G80_25T,D,227.0,675.0,c1,d1,10.0,3.0,3.0,0.0,3.0,3.0,40.0,0.0,30.0,3.0,10.0,0.0,20.0,15.0,7.0,15.0,15.0,0.0,43.0,54.0,23.0,0.0,0.0,20.0
747,G80_EV,D,401.0,675.0,c1,d1,10.0,25.0,15.0,30.0,20.0,17.0,10.0,0.0,30.0,3.0,10.0,20.0,8.0,15.0,7.0,15.0,15.0,0.0,42.0,23.0,40.0,6.0,30.0,10.0
748,G80_25T,E,93.0,675.0,c1,d1,10.0,0.0,0.0,0.0,7.0,9.0,0.0,0.0,0.0,0.0,0.0,0.0,0.0,0.0,10.0,15.0,15.0,0.0,1.0,0.0,56.0,0.0,0.0,20.0
749,G80_25T,E,285.0,675.0,c1,d1,10.0,0.0,0.0,0.0,11.0,14.0,0.0,0.0,0.0,0.0,0.0,0.0,0.0,0.0,10.0,15.0,15.0,10.0,80.0,55.0,51.0,20.0,24.0,20.0
750,G80_25T,D,188.0,675.0,c1,d1,10.0,0.0,0.0,0.0,7.0,12.0,0.0,0.0,0.0,0.0,0.0,0.0,0.0,0.0,10.0,15.0,15.0,0.0,25.0,19.0,70.0,17.0,18.0,20.0
751,G80_25T,D,339.0,675.0,c1,d1,10.0,25.0,11.0,30.0,8.0,3.0,0.0,0.0,30.0,3.0,10.0,20.0,4.0,15.0,10.0,15.0,15.0,0.0,37.0,29.0,32.0,11.0,11.0,10.0
752,G80_25T,D,251.0,675.0,c1,d1,10.0,3.0,3.0,0.0,12.0,11.0,22.0,0.0,30.0,3.0,10.0,20.0,12.0,15.0,10.0,15.0,15.0,10.0,59.0,65.0,6.0,0.0,0.0,10.0
753,G80_25T,E,342.0,675.0,c1,d1,0.0,25.0,15.0,0.0,0.0,17.0,40.0,0.0,0.0,0.0,0.0,0.0,20.0,15.0,10.0,15.0,15.0,10.0,80.0,0.0,70.0,20.0,30.0,10.0
755,G80_25T,E,235.0,675.0,c1,d1,10.0,0.0,0.0,0.0,11.0,16.0,0.0,0.0,0.0,0.0,0.0,0.0,0.0,0.0,10.0,15.0,15.0,0.0,63.0,70.0,6.0,20.0,29.0,20.0
756,G80_25T,D,173.0,675.0,c1,d1,10.0,0.0,0.0,0.0,12.0,3.0,0.0,0.0,0.0,0.0,0.0,0.0,0.0,0.0,7.0,15.0,15.0,0.0,44.0,29.0,44.0,12.0,12.0,20.0
757,G80_25T,D,251.0,675.0,c1,d1,10.0,0.0,0.0,0.0,16.0,20.0,0.0,0.0,0.0,0.0,0.0,0.0,0.0,0.0,10.0,0.0,15.0,10.0,47.0,44.0,62.0,20.0,27.0,20.0
758,G80_25T,D,209.0,675.0,c1,d1,10.0,0.0,0.0,0.0,6.0,11.0,0.0,0.0,0.0,0.0,0.0,0.0,0.0,0.0,7.0,15.0,15.0,10.0,46.0,59.0,40.0,10.0,10.0,20.0
759,G80_25T,D,295.0,675.0,c1,d1,10.0,3.0,15.0,0.0,18.0,14.0,22.0,0.0,30.0,0.0,10.0,20.0,8.0,15.0,10.0,0.0,15.0,10.0,59.0,46.0,48.0,20.0,22.0,10.0
760,G80_25T,E,333.0,675.0,c1,d1,10.0,25.0,15.0,30.0,7.0,9.0,22.0,0.0,30.0,3.0,10.0,20.0,20.0,15.0,10.0,15.0,15.0,0.0,1.0,0.0,56.0,0.0,0.0,20.0
761,G80_25T,D,351.0,675.0,c1,d1,10.0,22.0,3.0,30.0,6.0,11.0,10.0,0.0,30.0,3.0,10.0,20.0,8.0,15.0,10.0,0.0,15.0,0.0,52.0,70.0,16.0,0.0,0.0,10.0
762,G80_25T,D,282.0,675.0,c1,d1,10.0,3.0,15.0,0.0,3.0,11.0,10.0,0.0,30.0,0.0,10.0,20.0,4.0,15.0,10.0,15.0,15.0,0.0,75.0,79.0,31.0,13.0,13.0,10.0
764,G80_25T,E,371.0,675.0,c1,d1,10.0,3.0,15.0,0.0,11.0,14.0,22.0,0.0,30.0,3.0,10.0,20.0,8.0,15.0,10.0,15.0,15.0,10.0,80.0,55.0,51.0,20.0,24.0,20.0
765,G80_25T,D,218.0,675.0,c1,d1,10.0,0.0,0.0,0.0,20.0,16.0,0.0,0.0,0.0,0.0,0.0,0.0,0.0,0.0,10.0,15.0,15.0,0.0,47.0,33.0,32.0,20.0,30.0,20.0
767,G80_25T,D,317.0,675.0,c1,d1,10.0,3.0,15.0,0.0,0.0,11.0,40.0,0.0,30.0,3.0,10.0,20.0,20.0,15.0,10.0,0.0,15.0,0.0,68.0,94.0,17.0,8.0,8.0,10.0
768,G80_25T,D,229.0,675.0,c1,d1,10.0,3.0,7.0,0.0,9.0,3.0,10.0,0.0,30.0,3.0,10.0,20.0,12.0,15.0,10.0,15.0,15.0,0.0,52.0,57.0,28.0,0.0,0.0,10.0
769,G80_25T,E,120.0,675.0,c1,d1,0.0,3.0,15.0,0.0,3.0,12.0,0.0,0.0,0.0,0.0,0.0,0.0,20.0,15.0,10.0,15.0,15.0,0.0,80.0,0.0,2.0,5.0,5.0,10.0
770,G80_25T,E,117.0,675.0,c1,d1,0.0,3.0,15.0,0.0,0.0,11.0,22.0,0.0,0.0,0.0,0.0,0.0,8.0,15.0,10.0,15.0,15.0,0.0,74.0,0.0,9.0,0.0,0.0,10.0
771,G80_25T,E,305.0,675.0,c1,d1,10.0,25.0,11.0,30.0,0.0,9.0,40.0,0.0,30.0,3.0,10.0,20.0,20.0,15.0,10.0,0.0,15.0,0.0,16.0,31.0,0.0,0.0,0.0,10.0
772,G80_25T,D,381.0,675.0,c1,d1,10.0,25.0,3.0,30.0,12.0,3.0,10.0,0.0,30.0,3.0,10.0,20.0,12.0,15.0,7.0,15.0,15.0,0.0,44.0,29.0,44.0,12.0,12.0,20.0
773,G80_25T,E,369.0,675.0,c1,d1,10.0,3.0,15.0,30.0,11.0,16.0,10.0,0.0,30.0,3.0,10.0,0.0,8.0,15.0,10.0,15.0,15.0,0.0,63.0,70.0,6.0,20.0,29.0,20.0
774,G80_25T,D,259.0,675.0,c1,d1,10.0,3.0,7.0,0.0,0.0,11.0,22.0,0.0,30.0,3.0,10.0,20.0,20.0,15.0,10.0,0.0,15.0,0.0,57.0,86.0,20.0,0.0,0.0,10.0
775,G80_25T,B,509.0,675.0,c1,d1,10.0,25.0,15.0,30.0,16.0,20.0,40.0,0.0,30.0,3.0,10.0,20.0,20.0,15.0,10.0,0.0,15.0,10.0,47.0,44.0,62.0,20.0,27.0,20.0
776,G80_25T,D,301.0,675.0,c1,d1,10.0,3.0,11.0,0.0,6.0,11.0,40.0,0.0,30.0,3.0,10.0,0.0,20.0,15.0,7.0,15.0,15.0,10.0,46.0,59.0,40.0,10.0,10.0,20.0
777,G80_25T,E,177.0,675.0,c1,d1,10.0,3.0,11.0,0.0,0.0,2.0,10.0,0.0,30.0,3.0,10.0,12.0,16.0,15.0,10.0,0.0,15.0,0.0,45.0,62.0,3.0,0.0,0.0,10.0
778,G80_25T,D,201.0,675.0,c1,d1,10.0,0.0,0.0,0.0,4.0,5.0,0.0,0.0,0.0,0.0,0.0,0.0,0.0,0.0,10.0,0.0,15.0,0.0,51.0,66.0,35.0,17.0,18.0,20.0
779,G80_25T,D,139.0,675.0,c1,d1,10.0,0.0,0.0,0.0,5.0,11.0,0.0,0.0,0.0,0.0,0.0,0.0,0.0,0.0,10.0,15.0,15.0,0.0,36.0,17.0,42.0,4.0,4.0,20.0
780,G80_25T,E,268.0,675.0,c1,d1,10.0,3.0,15.0,0.0,9.0,11.0,40.0,0.0,30.0,0.0,10.0,20.0,20.0,15.0,10.0,15.0,15.0,10.0,80.0,0.0,31.0,12.0,12.0,10.0
781,G80_25T,D,192.0,675.0,c1,d1,10.0,0.0,0.0,0.0,4.0,3.0,0.0,0.0,0.0,0.0,0.0,0.0,0.0,0.0,10.0,0.0,15.0,0.0,80.0,100.0,0.0,0.0,0.0,20.0
782,G80_25T,D,229.0,675.0,c1,d1,10.0,0.0,0.0,0.0,16.0,17.0,0.0,0.0,0.0,0.0,0.0,0.0,0.0,0.0,10.0,15.0,15.0,0.0,62.0,33.0,31.0,20.0,30.0,20.0
783,G80_EV,D,183.0,675.0,c1,d1,10.0,0.0,0.0,0.0,14.0,17.0,0.0,0.0,0.0,0.0,0.0,0.0,0.0,0.0,10.0,15.0,15.0,0.0,57.0,40.0,15.0,0.0,30.0,10.0
784,G80_25T,D,168.0,675.0,c1,d1,10.0,0.0,0.0,0.0,8.0,11.0,0.0,0.0,0.0,0.0,0.0,0.0,0.0,0.0,7.0,0.0,15.0,0.0,55.0,41.0,47.0,2.0,2.0,20.0
785,G80_25T,D,264.0,675.0,c1,d1,10.0,0.0,0.0,0.0,13.0,16.0,0.0,0.0,0.0,0.0,0.0,0.0,0.0,0.0,10.0,0.0,15.0,0.0,69.0,73.0,41.0,20.0,27.0,20.0
787,G80_25T,D,263.0,675.0,c1,d1,10.0,0.0,0.0,0.0,10.0,22.0,0.0,0.0,0.0,0.0,0.0,0.0,0.0,0.0,10.0,15.0,15.0,0.0,54.0,37.0,70.0,20.0,30.0,20.0
788,G80_25T,D,136.0,675.0,c1,d1,10.0,0.0,0.0,0.0,8.0,2.0,0.0,0.0,0.0,0.0,0.0,0.0,0.0,0.0,7.0,15.0,15.0,0.0,43.0,44.0,22.0,0.0,0.0,20.0
789,G80_25T,D,414.0,675.0,c1,d1,10.0,3.0,15.0,30.0,20.0,16.0,40.0,0.0,30.0,3.0,10.0,20.0,20.0,15.0,10.0,15.0,15.0,0.0,47.0,33.0,32.0,20.0,30.0,20.0
791,G80_25T,D,233.0,675.0,c1,d1,10.0,3.0,11.0,0.0,5.0,11.0,22.0,0.0,30.0,3.0,10.0,20.0,20.0,15.0,10.0,15.0,15.0,0.0,36.0,17.0,42.0,4.0,4.0,20.0
792,G80_25T,D,305.0,675.0,c1,d1,10.0,3.0,11.0,0.0,4.0,5.0,40.0,0.0,30.0,3.0,10.0,12.0,20.0,15.0,10.0,0.0,15.0,0.0,51.0,66.0,35.0,17.0,18.0,20.0
794,G80_25T,D,215.0,675.0,c1,d1,10.0,0.0,0.0,0.0,17.0,12.0,0.0,0.0,0.0,0.0,0.0,0.0,0.0,0.0,10.0,15.0,15.0,10.0,56.0,43.0,17.0,19.0,21.0,20.0
795,G80_25T,D,210.0,675.0,c1,d1,10.0,0.0,0.0,0.0,2.0,11.0,0.0,0.0,0.0,0.0,0.0,0.0,0.0,0.0,7.0,0.0,15.0,0.0,72.0,97.0,18.0,4.0,4.0,20.0
796,G80_25T,D,207.0,675.0,c1,d1,10.0,0.0,0.0,0.0,4.0,9.0,0.0,0.0,0.0,0.0,0.0,0.0,0.0,0.0,10.0,15.0,15.0,0.0,74.0,100.0,0.0,0.0,0.0,20.0
797,G80_25T,D,146.0,675.0,c1,d1,10.0,0.0,0.0,0.0,2.0,2.0,0.0,0.0,0.0,0.0,0.0,0.0,0.0,0.0,10.0,0.0,15.0,0.0,53.0,70.0,14.0,0.0,0.0,20.0
799,G80_25T,B,487.0,675.0,c1,d1,10.0,25.0,15.0,30.0,16.0,17.0,40.0,0.0,30.0,3.0,10.0,20.0,20.0,15.0,10.0,15.0,15.0,0.0,62.0,33.0,31.0,20.0,30.0,20.0
800,G80_EV,D,381.0,675.0,c1,d1,10.0,25.0,11.0,30.0,14.0,17.0,0.0,0.0,30.0,3.0,10.0,20.0,4.0,15.0,10.0,15.0,15.0,0.0,57.0,40.0,15.0,0.0,30.0,10.0
801,G80_25T,D,338.0,675.0,c1,d1,10.0,21.0,7.0,30.0,8.0,11.0,0.0,0.0,30.0,3.0,10.0,0.0,4.0,15.0,7.0,0.0,15.0,0.0,55.0,41.0,47.0,2.0,2.0,20.0
802,G80_25T,D,304.0,675.0,c1,d1,10.0,3.0,11.0,0.0,4.0,3.0,40.0,0.0,30.0,3.0,10.0,20.0,20.0,15.0,10.0,0.0,15.0,0.0,80.0,100.0,0.0,0.0,0.0,20.0
803,G80_25T,D,267.0,675.0,c1,d1,10.0,3.0,15.0,0.0,20.0,11.0,22.0,0.0,30.0,3.0,10.0,20.0,8.0,15.0,10.0,15.0,15.0,10.0,71.0,32.0,13.0,7.0,7.0,10.0
804,G80_EV,D,278.0,675.0,c1,d1,10.0,3.0,11.0,0.0,9.0,17.0,22.0,0.0,30.0,3.0,10.0,20.0,12.0,15.0,7.0,15.0,15.0,0.0,60.0,67.0,2.0,0.0,30.0,10.0
805,G80_25T,C,442.0,675.0,c1,d1,10.0,25.0,15.0,30.0,13.0,16.0,0.0,0.0,30.0,3.0,10.0,0.0,0.0,15.0,10.0,0.0,15.0,0.0,69.0,73.0,41.0,20.0,27.0,20.0
806,G80_25T,C,419.0,675.0,c1,d1,10.0,21.0,15.0,30.0,13.0,12.0,40.0,0.0,30.0,3.0,10.0,20.0,20.0,15.0,10.0,15.0,15.0,0.0,33.0,17.0,47.0,16.0,17.0,10.0
807,G80_25T,D,304.0,675.0,c1,d1,10.0,3.0,15.0,0.0,8.0,14.0,22.0,0.0,30.0,3.0,10.0,20.0,20.0,15.0,10.0,15.0,15.0,10.0,46.0,47.0,31.0,19.0,21.0,10.0
808,G80_25T,E,169.0,675.0,c1,d1,0.0,3.0,15.0,0.0,0.0,3.0,40.0,0.0,0.0,0.0,0.0,0.0,20.0,15.0,10.0,15.0,15.0,0.0,70.0,0.0,27.0,8.0,8.0,10.0
812,G80_25T,D,352.0,675.0,c1,d1,10.0,25.0,15.0,30.0,8.0,2.0,10.0,0.0,30.0,3.0,10.0,20.0,8.0,15.0,7.0,15.0,15.0,0.0,43.0,44.0,22.0,0.0,0.0,20.0
813,G80_25T,B,521.0,675.0,c1,d1,10.0,25.0,15.0,30.0,10.0,22.0,40.0,0.0,30.0,3.0,10.0,20.0,20.0,15.0,10.0,15.0,15.0,0.0,54.0,37.0,70.0,20.0,30.0,20.0
814,G80_25T,D,224.0,675.0,c1,d1,10.0,3.0,15.0,0.0,3.0,3.0,0.0,0.0,30.0,0.0,10.0,20.0,8.0,15.0,10.0,15.0,15.0,0.0,41.0,50.0,66.0,5.0,5.0,10.0
815,G80_25T,C,460.0,675.0,c1,d1,10.0,23.0,11.0,30.0,3.0,16.0,22.0,0.0,30.0,3.0,10.0,20.0,20.0,15.0,10.0,0.0,15.0,0.0,80.0,77.0,5.0,20.0,30.0,10.0
816,G80_25T,D,324.0,675.0,c1,d1,10.0,3.0,11.0,0.0,8.0,16.0,22.0,0.0,30.0,3.0,10.0,20.0,20.0,15.0,10.0,15.0,15.0,0.0,80.0,85.0,0.0,15.0,16.0,10.0
817,G80_25T,D,202.0,675.0,c1,d1,10.0,0.0,0.0,0.0,10.0,9.0,0.0,0.0,0.0,0.0,0.0,0.0,0.0,0.0,10.0,15.0,15.0,0.0,64.0,82.0,17.0,0.0,0.0,20.0
820,G80_25T,E,267.0,675.0,c1,d1,10.0,0.0,0.0,0.0,0.0,16.0,0.0,0.0,0.0,0.0,0.0,0.0,0.0,0.0,10.0,0.0,15.0,0.0,58.0,80.0,61.0,20.0,27.0,20.0
821,G80_25T,D,252.0,675.0,c1,d1,10.0,0.0,0.0,0.0,10.0,22.0,0.0,0.0,0.0,0.0,0.0,0.0,0.0,0.0,3.0,15.0,15.0,0.0,71.0,60.0,26.0,20.0,30.0,20.0
823,G80_25T,D,319.0,675.0,c1,d1,10.0,3.0,11.0,0.0,4.0,9.0,40.0,0.0,30.0,3.0,10.0,20.0,20.0,15.0,10.0,15.0,15.0,0.0,74.0,100.0,0.0,0.0,0.0,20.0
824,G80_25T,D,378.0,675.0,c1,d1,10.0,25.0,11.0,30.0,2.0,2.0,22.0,0.0,30.0,3.0,10.0,20.0,16.0,15.0,10.0,0.0,15.0,0.0,53.0,70.0,14.0,0.0,0.0,20.0
825,G80_25T,D,375.0,675.0,c1,d1,10.0,25.0,11.0,30.0,12.0,12.0,22.0,0.0,30.0,3.0,10.0,20.0,12.0,15.0,10.0,15.0,15.0,0.0,14.0,0.0,68.0,15.0,16.0,10.0
826,G80_25T,D,322.0,675.0,c1,d1,10.0,3.0,11.0,0.0,2.0,11.0,40.0,0.0,30.0,3.0,10.0,20.0,20.0,15.0,7.0,0.0,15.0,0.0,72.0,97.0,18.0,4.0,4.0,20.0
827,G80_25T,D,413.0,675.0,c1,d1,10.0,25.0,11.0,30.0,17.0,12.0,0.0,0.0,30.0,3.0,10.0,20.0,4.0,15.0,10.0,15.0,15.0,10.0,56.0,43.0,17.0,19.0,21.0,20.0
828,G80_25T,D,347.0,675.0,c1,d1,10.0,25.0,15.0,30.0,6.0,2.0,0.0,0.0,30.0,0.0,10.0,20.0,4.0,15.0,7.0,15.0,15.0,0.0,59.0,71.0,23.0,0.0,0.0,10.0
829,G80_25T,E,376.0,675.0,c1,d1,0.0,25.0,15.0,10.0,20.0,17.0,22.0,0.0,0.0,0.0,0.0,0.0,8.0,15.0,10.0,15.0,15.0,0.0,80.0,0.0,64.0,20.0,30.0,10.0
830,G80_25T,D,367.0,675.0,c1,d1,10.0,8.0,11.0,30.0,20.0,14.0,22.0,0.0,30.0,3.0,10.0,20.0,12.0,15.0,10.0,15.0,15.0,10.0,80.0,11.0,9.0,20.0,22.0,10.0
831,G80_25T,D,194.0,675.0,c1,d1,10.0,3.0,11.0,0.0,4.0,9.0,22.0,0.0,30.0,3.0,10.0,20.0,16.0,15.0,10.0,15.0,15.0,0.0,23.0,33.0,25.0,0.0,0.0,10.0
832,G80_25T,D,392.0,675.0,c1,d1,10.0,25.0,7.0,30.0,10.0,9.0,0.0,0.0,30.0,3.0,10.0,12.0,8.0,15.0,10.0,15.0,15.0,0.0,64.0,82.0,17.0,0.0,0.0,20.0
834,G80_25T,D,250.0,675.0,c1,d1,10.0,0.0,0.0,0.0,10.0,14.0,0.0,0.0,0.0,0.0,0.0,0.0,0.0,0.0,10.0,0.0,15.0,0.0,59.0,60.0,60.0,20.0,22.0,20.0
835,G80_25T,D,132.0,675.0,c1,d1,10.0,0.0,0.0,0.0,5.0,11.0,0.0,0.0,0.0,0.0,0.0,0.0,0.0,0.0,10.0,15.0,15.0,0.0,18.0,19.0,43.0,8.0,8.0,20.0
837,G80_25T,D,257.0,675.0,c1,d1,10.0,3.0,11.0,0.0,12.0,9.0,22.0,0.0,30.0,3.0,10.0,20.0,12.0,15.0,10.0,15.0,15.0,10.0,53.0,62.0,15.0,0.0,0.0,10.0
838,G80_25T,E,329.0,675.0,c1,d1,10.0,0.0,0.0,30.0,11.0,20.0,0.0,0.0,0.0,3.0,10.0,0.0,0.0,0.0,10.0,15.0,15.0,0.0,80.0,99.0,50.0,20.0,26.0,10.0
840,G80_25T,D,364.0,675.0,c1,d1,10.0,3.0,11.0,0.0,10.0,22.0,40.0,0.0,30.0,3.0,10.0,20.0,20.0,15.0,3.0,15.0,15.0,0.0,71.0,60.0,26.0,20.0,30.0,20.0
841,G80_25T,D,251.0,675.0,c1,d1,10.0,3.0,15.0,0.0,20.0,12.0,40.0,0.0,30.0,3.0,10.0,20.0,20.0,15.0,10.0,15.0,15.0,0.0,13.0,0.0,45.0,17.0,18.0,10.0
842,G80_25T,D,253.0,675.0,c1,d1,10.0,0.0,0.0,0.0,9.0,11.0,0.0,0.0,30.0,0.0,10.0,20.0,0.0,0.0,7.0,15.0,15.0,0.0,80.0,100.0,6.0,0.0,0.0,10.0
844,G80_25T,E,525.0,675.0,c1,d1,10.0,25.0,15.0,30.0,0.0,16.0,40.0,0.0,30.0,3.0,10.0,20.0,20.0,15.0,10.0,0.0,15.0,0.0,58.0,80.0,61.0,20.0,27.0,20.0
845,G80_25T,D,190.0,675.0,c1,d1,10.0,3.0,7.0,0.0,5.0,2.0,0.0,0.0,30.0,3.0,10.0,20.0,4.0,15.0,7.0,0.0,15.0,0.0,44.0,52.0,43.0,0.0,0.0,10.0
847,G80_25T,D,225.0,675.0,c1,d1,10.0,0.0,0.0,0.0,0.0,20.0,0.0,0.0,0.0,0.0,0.0,0.0,0.0,0.0,10.0,0.0,15.0,0.0,80.0,100.0,0.0,0.0,0.0,40.0
850,G80_25T,D,221.0,675.0,c1,d1,10.0,0.0,0.0,0.0,3.0,5.0,0.0,0.0,0.0,0.0,0.0,0.0,0.0,0.0,7.0,15.0,15.0,0.0,51.0,66.0,20.0,19.0,20.0,40.0
851,G80_25T,D,255.0,675.0,c1,d1,10.0,3.0,15.0,0.0,12.0,12.0,0.0,0.0,30.0,0.0,10.0,20.0,0.0,15.0,10.0,15.0,15.0,0.0,49.0,43.0,57.0,19.0,20.0,10.0
852,G80_25T,D,339.0,675.0,c1,d1,0.0,20.0,11.0,30.0,10.0,11.0,22.0,0.0,30.0,0.0,10.0,20.0,16.0,15.0,10.0,15.0,15.0,0.0,16.0,8.0,70.0,10.0,10.0,10.0
854,G80_25T,D,213.0,675.0,c1,d1,10.0,0.0,0.0,0.0,17.0,11.0,0.0,0.0,0.0,0.0,0.0,0.0,0.0,0.0,10.0,15.0,15.0,10.0,73.0,78.0,4.0,0.0,0.0,20.0
855,G80_EV,D,182.0,675.0,c1,d1,10.0,0.0,0.0,0.0,6.0,17.0,0.0,0.0,0.0,0.0,0.0,0.0,0.0,0.0,10.0,15.0,15.0,0.0,45.0,50.0,16.0,8.0,30.0,10.0
856,G80_25T,D,265.0,675.0,c1,d1,10.0,0.0,0.0,0.0,19.0,20.0,0.0,0.0,0.0,0.0,0.0,0.0,0.0,0.0,10.0,15.0,15.0,10.0,61.0,56.0,31.0,20.0,28.0,20.0
859,G80_25T,D,156.0,675.0,c1,d1,10.0,0.0,0.0,0.0,20.0,11.0,0.0,0.0,0.0,0.0,0.0,0.0,0.0,0.0,7.0,15.0,15.0,10.0,37.0,16.0,45.0,0.0,0.0,20.0
860,G80_25T,D,160.0,675.0,c1,d1,10.0,0.0,0.0,0.0,0.0,3.0,0.0,0.0,0.0,0.0,0.0,0.0,0.0,0.0,7.0,0.0,15.0,0.0,61.0,58.0,32.0,2.0,2.0,20.0
861,G80_25T,D,160.0,675.0,c1,d1,10.0,0.0,0.0,0.0,11.0,11.0,0.0,0.0,0.0,0.0,0.0,0.0,0.0,0.0,10.0,15.0,15.0,10.0,27.0,19.0,48.0,7.0,7.0,20.0
863,G80_25T,D,254.0,675.0,c1,d1,10.0,0.0,0.0,0.0,17.0,12.0,0.0,0.0,0.0,0.0,0.0,0.0,0.0,0.0,10.0,15.0,15.0,10.0,80.0,95.0,0.0,0.0,0.0,40.0
864,G80_25T,D,221.0,675.0,c1,d1,10.0,0.0,0.0,0.0,4.0,9.0,0.0,0.0,0.0,0.0,0.0,0.0,0.0,0.0,10.0,15.0,15.0,0.0,68.0,97.0,3.0,0.0,0.0,40.0
865,G80_25T,D,175.0,675.0,c1,d1,10.0,0.0,0.0,0.0,8.0,11.0,0.0,0.0,0.0,0.0,0.0,0.0,0.0,0.0,7.0,15.0,15.0,0.0,46.0,57.0,36.0,0.0,0.0,20.0
867,G80_25T,D,340.0,675.0,c1,d1,10.0,25.0,7.0,30.0,5.0,11.0,10.0,0.0,30.0,3.0,10.0,20.0,8.0,15.0,10.0,15.0,15.0,0.0,18.0,19.0,43.0,8.0,8.0,20.0
868,G80_25T,D,350.0,675.0,c1,d1,10.0,5.0,11.0,0.0,10.0,22.0,40.0,0.0,30.0,3.0,10.0,20.0,20.0,15.0,10.0,15.0,15.0,0.0,51.0,33.0,60.0,20.0,30.0,10.0
869,G80_25T,C,444.0,675.0,c1,d1,10.0,25.0,15.0,30.0,10.0,14.0,0.0,0.0,30.0,3.0,10.0,12.0,4.0,15.0,10.0,0.0,15.0,0.0,59.0,60.0,60.0,20.0,22.0,20.0
870,G80_25T,D,362.0,675.0,c1,d1,10.0,3.0,15.0,0.0,20.0,20.0,40.0,0.0,30.0,3.0,10.0,20.0,20.0,15.0,10.0,15.0,15.0,0.0,74.0,61.0,14.0,20.0,27.0,10.0
871,G80_25T,D,341.0,675.0,c1,d1,10.0,3.0,15.0,0.0,0.0,20.0,40.0,0.0,30.0,3.0,10.0,20.0,20.0,15.0,10.0,0.0,15.0,0.0,80.0,100.0,0.0,0.0,0.0,40.0
872,G80_25T,D,403.0,675.0,c1,d1,10.0,25.0,15.0,30.0,3.0,5.0,0.0,0.0,30.0,3.0,10.0,0.0,4.0,15.0,7.0,15.0,15.0,0.0,51.0,66.0,20.0,19.0,20.0,40.0
877,G80_25T,D,242.0,675.0,c1,d1,10.0,3.0,15.0,0.0,3.0,3.0,0.0,0.0,30.0,3.0,10.0,0.0,4.0,15.0,10.0,15.0,15.0,0.0,69.0,86.0,21.0,5.0,5.0,10.0
879,G80_25T,D,285.0,675.0,c1,d1,10.0,25.0,11.0,30.0,13.0,9.0,0.0,0.0,30.0,3.0,10.0,0.0,4.0,15.0,10.0,15.0,15.0,10.0,26.0,16.0,23.0,0.0,0.0,10.0
881,G80_25T,D,387.0,675.0,c1,d1,10.0,3.0,11.0,30.0,17.0,11.0,22.0,0.0,30.0,3.0,10.0,20.0,20.0,15.0,10.0,15.0,15.0,10.0,73.0,78.0,4.0,0.0,0.0,20.0
882,G80_25T,D,238.0,675.0,c1,d1,10.0,3.0,11.0,0.0,20.0,11.0,10.0,0.0,30.0,3.0,10.0,20.0,20.0,15.0,7.0,15.0,15.0,10.0,37.0,16.0,45.0,0.0,0.0,20.0
883,G80_25T,C,480.0,675.0,c1,d1,10.0,25.0,15.0,30.0,11.0,20.0,40.0,0.0,30.0,3.0,10.0,20.0,20.0,15.0,10.0,15.0,15.0,10.0,38.0,44.0,44.0,20.0,25.0,10.0
886,G80_25T,B,489.0,675.0,c1,d1,10.0,25.0,11.0,30.0,19.0,20.0,22.0,0.0,30.0,3.0,10.0,20.0,8.0,15.0,10.0,15.0,15.0,10.0,61.0,56.0,31.0,20.0,28.0,20.0
887,G80_EV,D,312.0,675.0,c1,d1,10.0,3.0,11.0,0.0,6.0,17.0,40.0,0.0,30.0,3.0,10.0,20.0,20.0,15.0,10.0,15.0,15.0,0.0,45.0,50.0,34.0,8.0,30.0,10.0
888,G80_25T,C,443.0,675.0,c1,d1,10.0,25.0,11.0,30.0,4.0,12.0,0.0,0.0,30.0,3.0,10.0,20.0,4.0,15.0,7.0,0.0,15.0,0.0,80.0,99.0,22.0,17.0,19.0,10.0
889,G80_25T,D,268.0,675.0,c1,d1,10.0,3.0,15.0,0.0,8.0,11.0,0.0,0.0,30.0,3.0,10.0,0.0,20.0,15.0,10.0,15.0,15.0,0.0,75.0,71.0,13.0,7.0,7.0,20.0
891,G80_25T,D,358.0,675.0,c1,d1,10.0,25.0,11.0,30.0,0.0,3.0,0.0,0.0,30.0,3.0,10.0,20.0,4.0,15.0,7.0,0.0,15.0,0.0,61.0,58.0,32.0,2.0,2.0,20.0
893,G80_25T,D,277.0,675.0,c1,d1,10.0,3.0,11.0,0.0,4.0,9.0,0.0,0.0,30.0,3.0,10.0,20.0,4.0,15.0,10.0,15.0,15.0,0.0,68.0,97.0,3.0,0.0,0.0,40.0
894,G80_25T,D,304.0,675.0,c1,d1,10.0,3.0,15.0,0.0,17.0,12.0,10.0,0.0,30.0,3.0,10.0,0.0,4.0,15.0,10.0,15.0,15.0,10.0,80.0,95.0,0.0,0.0,0.0,40.0
895,G80_25T,D,347.0,675.0,c1,d1,10.0,23.0,7.0,30.0,8.0,11.0,0.0,0.0,30.0,3.0,10.0,0.0,4.0,15.0,7.0,15.0,15.0,0.0,46.0,57.0,36.0,0.0,0.0,20.0
897,G80_25T,D,373.0,675.0,c1,d1,10.0,21.0,0.0,30.0,20.0,11.0,22.0,0.0,30.0,3.0,10.0,12.0,8.0,15.0,7.0,0.0,15.0,0.0,54.0,25.0,60.0,5.0,5.0,10.0
898,G80_25T,D,384.0,675.0,c1,d1,10.0,25.0,11.0,30.0,11.0,11.0,22.0,0.0,30.0,3.0,10.0,20.0,8.0,15.0,10.0,15.0,15.0,10.0,27.0,19.0,48.0,7.0,7.0,20.0
899,G80_25T,D,120.0,675.0,c1,d1,10.0,0.0,0.0,0.0,8.0,11.0,0.0,0.0,0.0,0.0,0.0,0.0,0.0,0.0,10.0,15.0,15.0,0.0,21.0,17.0,41.0,6.0,6.0,10.0
902,G80_25T,D,99.0,675.0,c1,d1,10.0,0.0,0.0,0.0,14.0,2.0,0.0,0.0,0.0,0.0,0.0,0.0,0.0,0.0,10.0,15.0,15.0,10.0,17.0,0.0,36.0,0.0,0.0,20.0
904,G80_25T,D,266.0,675.0,c1,d1,10.0,0.0,0.0,0.0,18.0,20.0,0.0,0.0,0.0,0.0,0.0,0.0,0.0,0.0,10.0,15.0,15.0,0.0,52.0,48.0,62.0,20.0,26.0,20.0
905,G80_25T,D,176.0,675.0,c1,d1,10.0,0.0,0.0,0.0,10.0,11.0,0.0,0.0,0.0,0.0,0.0,0.0,0.0,0.0,10.0,15.0,15.0,10.0,40.0,11.0,48.0,13.0,13.0,20.0
906,G80_25T,D,322.0,675.0,c1,d1,10.0,25.0,15.0,30.0,8.0,11.0,0.0,0.0,30.0,3.0,10.0,20.0,4.0,15.0,10.0,15.0,15.0,0.0,21.0,17.0,41.0,6.0,6.0,10.0
907,G80_25T,E,260.0,675.0,c1,d1,10.0,25.0,11.0,30.0,0.0,3.0,10.0,0.0,0.0,3.0,10.0,0.0,0.0,15.0,7.0,0.0,15.0,0.0,75.0,100.0,14.0,1.0,1.0,10.0
908,G80_25T,E,228.0,675.0,c1,d1,0.0,0.0,0.0,0.0,11.0,17.0,0.0,0.0,0.0,0.0,0.0,0.0,0.0,0.0,10.0,15.0,15.0,0.0,80.0,0.0,70.0,20.0,30.0,10.0
910,G80_25T,D,220.0,675.0,c1,d1,10.0,0.0,0.0,0.0,12.0,14.0,0.0,0.0,0.0,0.0,0.0,0.0,0.0,0.0,10.0,15.0,15.0,0.0,54.0,6.0,69.0,20.0,25.0,20.0
911,G80_25T,D,265.0,675.0,c1,d1,10.0,3.0,11.0,0.0,5.0,12.0,22.0,0.0,30.0,3.0,10.0,0.0,4.0,15.0,10.0,15.0,15.0,0.0,80.0,100.0,0.0,0.0,0.0,10.0
912,G80_25T,D,321.0,675.0,c1,d1,10.0,3.0,15.0,0.0,4.0,12.0,40.0,0.0,30.0,0.0,10.0,20.0,20.0,15.0,10.0,15.0,15.0,0.0,63.0,75.0,26.0,18.0,20.0,10.0
914,G80_25T,D,211.0,675.0,c1,d1,10.0,3.0,11.0,0.0,14.0,2.0,40.0,0.0,30.0,3.0,10.0,20.0,20.0,15.0,10.0,15.0,15.0,10.0,17.0,0.0,36.0,0.0,0.0,20.0
916,G80_25T,D,155.0,675.0,c1,d1,10.0,0.0,0.0,0.0,4.0,3.0,0.0,0.0,0.0,0.0,0.0,0.0,0.0,0.0,7.0,0.0,15.0,0.0,57.0,72.0,17.0,0.0,0.0,20.0
917,G80_EV,D,210.0,675.0,c1,d1,10.0,0.0,0.0,0.0,10.0,8.0,0.0,0.0,0.0,0.0,0.0,0.0,0.0,0.0,10.0,15.0,15.0,0.0,72.0,48.0,12.0,20.0,30.0,10.0
918,G80_25T,D,178.0,675.0,c1,d1,10.0,0.0,0.0,0.0,0.0,9.0,0.0,0.0,0.0,0.0,0.0,0.0,0.0,0.0,10.0,0.0,15.0,0.0,53.0,80.0,31.0,0.0,0.0,20.0
919,G80_25T,C,468.0,675.0,c1,d1,10.0,25.0,7.0,30.0,18.0,20.0,0.0,0.0,30.0,3.0,10.0,20.0,12.0,15.0,10.0,15.0,15.0,0.0,52.0,48.0,62.0,20.0,26.0,20.0
920,G80_25T,D,258.0,675.0,c1,d1,10.0,3.0,11.0,0.0,10.0,11.0,22.0,0.0,30.0,3.0,10.0,20.0,8.0,15.0,10.0,15.0,15.0,10.0,40.0,11.0,48.0,13.0,13.0,20.0
922,G80_25T,B,478.0,675.0,c1,d1,10.0,25.0,15.0,30.0,12.0,14.0,40.0,0.0,30.0,3.0,10.0,20.0,20.0,15.0,10.0,15.0,15.0,0.0,54.0,6.0,69.0,20.0,25.0,20.0
923,G80_25T,D,187.0,675.0,c1,d1,10.0,3.0,7.0,0.0,4.0,3.0,0.0,0.0,30.0,3.0,10.0,0.0,4.0,15.0,7.0,0.0,15.0,0.0,57.0,72.0,17.0,0.0,0.0,20.0
925,G80_25T,D,209.0,675.0,c1,d1,10.0,0.0,0.0,0.0,15.0,12.0,0.0,0.0,0.0,0.0,0.0,0.0,0.0,0.0,3.0,15.0,15.0,0.0,40.0,21.0,70.0,18.0,20.0,20.0
926,G80_25T,D,203.0,675.0,c1,d1,10.0,0.0,0.0,0.0,13.0,9.0,0.0,0.0,0.0,0.0,0.0,0.0,0.0,0.0,7.0,15.0,15.0,10.0,62.0,74.0,18.0,0.0,0.0,20.0
927,G80_25T,D,244.0,675.0,c1,d1,10.0,3.0,3.0,0.0,0.0,9.0,22.0,0.0,30.0,3.0,10.0,0.0,20.0,15.0,10.0,0.0,15.0,0.0,53.0,80.0,31.0,0.0,0.0,20.0
929,G80_EV,D,284.0,675.0,c1,d1,10.0,3.0,15.0,0.0,10.0,8.0,10.0,0.0,30.0,3.0,10.0,20.0,8.0,15.0,10.0,15.0,15.0,0.0,72.0,48.0,12.0,20.0,30.0,10.0
930,G80_25T,E,226.0,675.0,c1,d1,10.0,0.0,0.0,30.0,12.0,11.0,0.0,0.0,0.0,3.0,10.0,0.0,0.0,0.0,10.0,15.0,15.0,10.0,62.0,76.0,32.0,0.0,0.0,10.0
931,G80_25T,D,207.0,675.0,c1,d1,10.0,0.0,0.0,0.0,4.0,9.0,0.0,0.0,0.0,0.0,0.0,0.0,0.0,0.0,3.0,15.0,15.0,0.0,74.0,100.0,7.0,0.0,0.0,20.0
932,G80_25T,D,95.0,675.0,c1,d1,10.0,0.0,0.0,0.0,12.0,3.0,0.0,0.0,0.0,0.0,0.0,0.0,0.0,0.0,10.0,15.0,15.0,0.0,7.0,0.0,53.0,0.0,0.0,20.0
933,G80_25T,D,141.0,675.0,c1,d1,10.0,0.0,0.0,0.0,3.0,11.0,0.0,0.0,0.0,0.0,0.0,0.0,0.0,0.0,10.0,15.0,15.0,0.0,16.0,23.0,52.0,8.0,8.0,20.0
934,G80_25T,D,218.0,675.0,c1,d1,10.0,0.0,0.0,0.0,16.0,9.0,0.0,0.0,0.0,0.0,0.0,0.0,0.0,0.0,3.0,15.0,15.0,0.0,63.0,71.0,46.0,0.0,0.0,20.0
937,G80_25T,E,338.0,675.0,c1,d1,0.0,25.0,15.0,0.0,0.0,23.0,40.0,0.0,0.0,0.0,0.0,0.0,20.0,15.0,10.0,15.0,15.0,0.0,80.0,0.0,70.0,20.0,30.0,10.0
939,G80_25T,D,152.0,675.0,c1,d1,10.0,0.0,0.0,0.0,5.0,11.0,0.0,0.0,0.0,0.0,0.0,0.0,0.0,0.0,10.0,15.0,15.0,0.0,13.0,15.0,70.0,9.0,9.0,20.0
941,G80_25T,D,144.0,675.0,c1,d1,10.0,0.0,0.0,0.0,18.0,5.0,0.0,0.0,0.0,0.0,0.0,0.0,0.0,0.0,10.0,0.0,15.0,0.0,58.0,2.0,26.0,15.0,15.0,20.0
942,G80_25T,D,194.0,675.0,c1,d1,10.0,0.0,0.0,0.0,6.0,6.0,0.0,0.0,0.0,0.0,0.0,0.0,0.0,0.0,10.0,0.0,15.0,0.0,50.0,16.0,67.0,20.0,24.0,20.0
943,G80_25T,D,386.0,675.0,c1,d1,10.0,25.0,11.0,30.0,10.0,11.0,0.0,0.0,30.0,3.0,10.0,0.0,4.0,15.0,7.0,15.0,15.0,0.0,80.0,100.0,0.0,0.0,0.0,10.0
945,G80_25T,E,243.0,675.0,c1,d1,10.0,3.0,15.0,0.0,10.0,5.0,22.0,0.0,30.0,3.0,10.0,0.0,20.0,15.0,10.0,15.0,15.0,0.0,77.0,0.0,27.0,17.0,19.0,10.0
946,G80_25T,D,215.0,675.0,c1,d1,10.0,3.0,11.0,0.0,5.0,11.0,22.0,0.0,30.0,3.0,10.0,20.0,12.0,15.0,10.0,15.0,15.0,0.0,27.0,32.0,32.0,6.0,6.0,10.0
947,G80_25T,D,253.0,675.0,c1,d1,10.0,3.0,11.0,0.0,4.0,9.0,10.0,0.0,30.0,3.0,10.0,0.0,4.0,15.0,3.0,15.0,15.0,0.0,74.0,100.0,7.0,0.0,0.0,20.0
949,G80_25T,D,130.0,675.0,c1,d1,10.0,0.0,0.0,0.0,11.0,11.0,0.0,0.0,0.0,0.0,0.0,0.0,0.0,0.0,7.0,15.0,15.0,0.0,46.0,18.0,35.0,1.0,1.0,10.0
951,G80_25T,D,172.0,675.0,c1,d1,10.0,0.0,0.0,0.0,8.0,9.0,0.0,0.0,0.0,0.0,0.0,0.0,0.0,0.0,7.0,15.0,15.0,10.0,39.0,49.0,40.0,0.0,0.0,20.0
952,G80_25T,D,143.0,675.0,c1,d1,10.0,0.0,0.0,0.0,7.0,9.0,0.0,0.0,0.0,0.0,0.0,0.0,0.0,0.0,7.0,15.0,15.0,0.0,26.0,30.0,54.0,0.0,0.0,20.0
953,G80_25T,D,276.0,675.0,c1,d1,10.0,3.0,7.0,0.0,14.0,11.0,40.0,0.0,30.0,3.0,10.0,20.0,20.0,15.0,10.0,15.0,15.0,0.0,60.0,65.0,8.0,0.0,0.0,10.0
954,G80_25T,D,403.0,675.0,c1,d1,10.0,25.0,11.0,30.0,15.0,12.0,0.0,0.0,30.0,3.0,10.0,20.0,0.0,15.0,3.0,15.0,15.0,0.0,40.0,21.0,70.0,18.0,20.0,20.0
955,G80_25T,D,353.0,675.0,c1,d1,10.0,25.0,11.0,30.0,3.0,11.0,10.0,0.0,30.0,3.0,10.0,20.0,8.0,15.0,10.0,15.0,15.0,0.0,16.0,23.0,52.0,8.0,8.0,20.0
956,G80_25T,C,429.0,675.0,c1,d1,10.0,24.0,11.0,30.0,16.0,9.0,22.0,0.0,30.0,3.0,10.0,0.0,16.0,15.0,3.0,15.0,15.0,0.0,63.0,71.0,46.0,0.0,0.0,20.0
957,G80_25T,D,307.0,675.0,c1,d1,10.0,25.0,11.0,30.0,12.0,3.0,10.0,0.0,30.0,3.0,10.0,20.0,8.0,15.0,10.0,15.0,15.0,0.0,7.0,0.0,53.0,0.0,0.0,20.0
958,G80_25T,D,173.0,675.0,c1,d1,10.0,0.0,0.0,0.0,11.0,11.0,0.0,0.0,0.0,0.0,0.0,0.0,0.0,0.0,10.0,15.0,15.0,10.0,28.0,19.0,58.0,8.0,8.0,20.0
960,G80_25T,D,174.0,675.0,c1,d1,10.0,0.0,0.0,0.0,15.0,3.0,0.0,0.0,0.0,0.0,0.0,0.0,0.0,0.0,10.0,15.0,15.0,0.0,45.0,23.0,46.0,11.0,11.0,20.0
961,G80_25T,D,278.0,675.0,c1,d1,10.0,0.0,0.0,0.0,11.0,20.0,0.0,0.0,0.0,0.0,0.0,0.0,0.0,0.0,10.0,15.0,15.0,10.0,65.0,44.0,58.0,20.0,30.0,20.0
962,G80_25T,D,178.0,675.0,c1,d1,10.0,0.0,0.0,0.0,3.0,5.0,0.0,0.0,0.0,0.0,0.0,0.0,0.0,0.0,10.0,15.0,15.0,0.0,35.0,50.0,30.0,17.0,18.0,20.0
964,G80_25T,D,306.0,675.0,c1,d1,10.0,3.0,15.0,30.0,5.0,11.0,10.0,0.0,30.0,3.0,10.0,20.0,8.0,15.0,10.0,15.0,15.0,0.0,13.0,15.0,70.0,9.0,9.0,20.0
965,G80_25T,E,130.0,675.0,c1,d1,10.0,3.0,11.0,0.0,12.0,3.0,0.0,0.0,0.0,3.0,10.0,0.0,0.0,15.0,10.0,0.0,15.0,10.0,61.0,60.0,43.0,12.0,12.0,10.0
967,G80_25T,D,344.0,675.0,c1,d1,10.0,25.0,7.0,30.0,14.0,9.0,10.0,0.0,30.0,3.0,10.0,20.0,12.0,15.0,7.0,15.0,15.0,0.0,37.0,31.0,34.0,0.0,0.0,10.0
968,G80_25T,D,391.0,675.0,c1,d1,10.0,22.0,7.0,30.0,18.0,5.0,40.0,0.0,30.0,3.0,10.0,20.0,20.0,15.0,10.0,0.0,15.0,0.0,58.0,2.0,26.0,15.0,15.0,20.0
970,G80_25T,C,426.0,675.0,c1,d1,10.0,25.0,15.0,30.0,6.0,6.0,22.0,0.0,30.0,3.0,10.0,20.0,12.0,15.0,10.0,0.0,15.0,0.0,50.0,16.0,67.0,20.0,24.0,20.0
971,G80_EV,D,230.0,675.0,c1,d1,10.0,3.0,11.0,0.0,13.0,17.0,10.0,0.0,0.0,0.0,0.0,0.0,0.0,15.0,10.0,0.0,15.0,0.0,67.0,74.0,29.0,6.0,30.0,10.0
972,G80_25T,D,311.0,675.0,c1,d1,10.0,3.0,11.0,0.0,20.0,12.0,40.0,0.0,30.0,0.0,10.0,20.0,20.0,15.0,10.0,15.0,15.0,10.0,80.0,90.0,0.0,0.0,0.0,10.0
973,G80_25T,D,241.0,675.0,c1,d1,10.0,3.0,15.0,0.0,7.0,9.0,22.0,0.0,30.0,3.0,10.0,20.0,20.0,15.0,7.0,15.0,15.0,0.0,26.0,30.0,54.0,0.0,0.0,20.0
974,G80_25T,E,398.0,675.0,c1,d1,0.0,25.0,15.0,10.0,0.0,23.0,40.0,0.0,0.0,0.0,0.0,0.0,20.0,15.0,10.0,15.0,15.0,0.0,80.0,0.0,70.0,20.0,30.0,10.0
976,G80_25T,D,192.0,675.0,c1,d1,10.0,3.0,11.0,0.0,11.0,11.0,22.0,0.0,30.0,3.0,10.0,0.0,8.0,15.0,7.0,15.0,15.0,0.0,46.0,18.0,35.0,1.0,1.0,10.0
978,G80_25T,D,238.0,675.0,c1,d1,10.0,3.0,7.0,0.0,8.0,9.0,10.0,0.0,30.0,3.0,10.0,20.0,8.0,15.0,7.0,15.0,15.0,10.0,39.0,49.0,40.0,0.0,0.0,20.0
981,G80_25T,D,325.0,675.0,c1,d1,10.0,3.0,15.0,0.0,20.0,20.0,40.0,0.0,30.0,3.0,10.0,0.0,20.0,15.0,10.0,15.0,15.0,10.0,73.0,58.0,0.0,18.0,20.0,10.0
982,G80_25T,D,286.0,675.0,c1,d1,10.0,3.0,11.0,0.0,15.0,3.0,40.0,0.0,30.0,3.0,10.0,20.0,20.0,15.0,10.0,15.0,15.0,0.0,45.0,23.0,46.0,11.0,11.0,20.0
984,G80_25T,D,266.0,675.0,c1,d1,10.0,3.0,11.0,0.0,4.0,11.0,40.0,0.0,30.0,0.0,10.0,20.0,20.0,15.0,7.0,0.0,15.0,0.0,59.0,78.0,19.0,7.0,7.0,10.0
985,G80_25T,C,435.0,675.0,c1,d1,10.0,25.0,7.0,30.0,9.0,22.0,22.0,0.0,30.0,3.0,10.0,20.0,8.0,15.0,10.0,15.0,15.0,0.0,64.0,54.0,6.0,20.0,30.0,10.0
986,G80_25T,D,267.0,675.0,c1,d1,10.0,3.0,15.0,0.0,11.0,11.0,22.0,0.0,30.0,3.0,10.0,20.0,16.0,15.0,10.0,15.0,15.0,10.0,28.0,19.0,58.0,8.0,8.0,20.0
987,G80_25T,D,167.0,675.0,c1,d1,0.0,0.0,0.0,0.0,13.0,11.0,0.0,0.0,0.0,0.0,0.0,0.0,0.0,0.0,10.0,15.0,15.0,0.0,46.0,43.0,44.0,5.0,5.0,10.0
988,G80_25T,E,337.0,675.0,c1,d1,10.0,25.0,11.0,30.0,0.0,9.0,10.0,0.0,18.0,3.0,10.0,12.0,4.0,15.0,10.0,0.0,15.0,0.0,68.0,100.0,17.0,0.0,0.0,10.0
990,G80_25T,D,272.0,675.0,c1,d1,10.0,25.0,11.0,30.0,8.0,9.0,0.0,0.0,30.0,3.0,10.0,0.0,0.0,15.0,10.0,15.0,15.0,0.0,6.0,1.0,64.0,0.0,0.0,10.0
991,G80_25T,B,532.0,675.0,c1,d1,10.0,25.0,11.0,30.0,11.0,20.0,40.0,0.0,30.0,3.0,10.0,20.0,20.0,15.0,10.0,15.0,15.0,10.0,65.0,44.0,58.0,20.0,30.0,20.0
992,G80_25T,C,432.0,675.0,c1,d1,10.0,25.0,11.0,30.0,3.0,5.0,40.0,0.0,30.0,3.0,10.0,20.0,20.0,15.0,10.0,15.0,15.0,0.0,35.0,50.0,30.0,17.0,18.0,20.0
994,G80_25T,D,281.0,675.0,c1,d1,10.0,0.0,0.0,0.0,20.0,20.0,0.0,0.0,0.0,0.0,0.0,0.0,0.0,0.0,7.0,15.0,15.0,10.0,80.0,39.0,45.0,20.0,30.0,20.0
995,G80_25T,D,101.0,675.0,c1,d1,10.0,0.0,0.0,0.0,10.0,9.0,0.0,0.0,0.0,0.0,0.0,0.0,0.0,0.0,7.0,15.0,15.0,0.0,14.0,6.0,45.0,0.0,0.0,20.0
996,G80_25T,D,188.0,675.0,c1,d1,10.0,0.0,0.0,0.0,3.0,3.0,0.0,0.0,0.0,0.0,0.0,0.0,0.0,0.0,10.0,15.0,15.0,0.0,53.0,65.0,34.0,5.0,5.0,20.0
997,G80_25T,D,173.0,675.0,c1,d1,10.0,0.0,0.0,0.0,8.0,2.0,0.0,0.0,0.0,0.0,0.0,0.0,0.0,0.0,7.0,15.0,15.0,0.0,63.0,74.0,9.0,0.0,0.0,20.0
998,G80_25T,D,148.0,675.0,c1,d1,10.0,0.0,0.0,0.0,11.0,3.0,0.0,0.0,0.0,0.0,0.0,0.0,0.0,0.0,10.0,0.0,15.0,10.0,25.0,7.0,69.0,9.0,9.0,20.0
1000,G80_25T,D,234.0,675.0,c1,d1,10.0,0.0,0.0,0.0,20.0,20.0,0.0,0.0,0.0,0.0,0.0,0.0,0.0,0.0,10.0,15.0,15.0,0.0,80.0,78.0,0.0,8.0,8.0,20.0
1001,G80_25T,E,230.0,675.0,c1,d1,10.0,0.0,0.0,0.0,15.0,20.0,0.0,0.0,0.0,0.0,0.0,0.0,0.0,0.0,3.0,15.0,15.0,0.0,80.0,100.0,0.0,1.0,1.0,20.0
1003,G80_25T,D,293.0,675.0,c1,d1,10.0,20.0,0.0,30.0,10.0,9.0,10.0,0.0,30.0,3.0,10.0,20.0,4.0,15.0,7.0,15.0,15.0,0.0,14.0,6.0,45.0,0.0,0.0,20.0
1005,G80_25T,E,257.0,675.0,c1,d1,10.0,25.0,11.0,30.0,0.0,9.0,0.0,0.0,0.0,3.0,10.0,0.0,0.0,15.0,10.0,0.0,15.0,0.0,72.0,100.0,17.0,0.0,0.0,10.0
1006,G80_25T,D,262.0,675.0,c1,d1,10.0,3.0,11.0,0.0,3.0,3.0,22.0,0.0,30.0,3.0,10.0,0.0,20.0,15.0,10.0,15.0,15.0,0.0,53.0,65.0,34.0,5.0,5.0,20.0
1007,G80_25T,D,393.0,675.0,c1,d1,10.0,3.0,11.0,0.0,20.0,20.0,40.0,0.0,30.0,3.0,10.0,20.0,20.0,15.0,7.0,15.0,15.0,10.0,80.0,39.0,45.0,20.0,30.0,20.0
1008,G80_25T,E,111.0,675.0,c1,d1,10.0,3.0,11.0,0.0,4.0,9.0,10.0,0.0,0.0,3.0,10.0,0.0,0.0,15.0,7.0,15.0,15.0,0.0,50.0,71.0,38.0,0.0,0.0,10.0
1009,G80_25T,D,375.0,675.0,c1,d1,10.0,25.0,15.0,30.0,8.0,2.0,0.0,0.0,30.0,3.0,10.0,20.0,4.0,15.0,7.0,15.0,15.0,0.0,63.0,74.0,9.0,0.0,0.0,20.0
1010,G80_25T,D,317.0,675.0,c1,d1,10.0,6.0,11.0,30.0,11.0,3.0,22.0,0.0,30.0,3.0,10.0,20.0,12.0,15.0,10.0,0.0,15.0,10.0,25.0,7.0,69.0,9.0,9.0,20.0
1011,G80_EV,D,332.0,675.0,c1,d1,10.0,3.0,11.0,0.0,9.0,17.0,40.0,0.0,30.0,3.0,10.0,20.0,20.0,15.0,10.0,15.0,15.0,0.0,73.0,63.0,13.0,5.0,30.0,10.0
1012,G80_25T,D,205.0,675.0,c1,d1,10.0,0.0,0.0,0.0,5.0,11.0,0.0,0.0,0.0,0.0,0.0,0.0,0.0,0.0,10.0,15.0,15.0,0.0,52.0,67.0,18.0,6.0,6.0,40.0
1014,G80_25T,D,160.0,675.0,c1,d1,10.0,0.0,0.0,0.0,8.0,11.0,0.0,0.0,0.0,0.0,0.0,0.0,0.0,0.0,10.0,0.0,15.0,0.0,45.0,23.0,62.0,3.0,3.0,20.0
1015,G80_25T,B,502.0,675.0,c1,d1,10.0,25.0,15.0,30.0,8.0,16.0,40.0,0.0,30.0,3.0,10.0,20.0,20.0,15.0,10.0,15.0,15.0,10.0,62.0,50.0,38.0,20.0,30.0,10.0
1017,G80_25T,E,175.0,675.0,c1,d1,10.0,3.0,11.0,0.0,3.0,5.0,22.0,0.0,0.0,3.0,10.0,0.0,0.0,15.0,10.0,15.0,15.0,0.0,78.0,71.0,34.0,15.0,15.0,10.0
1018,G80_25T,E,434.0,675.0,c1,d1,10.0,25.0,11.0,30.0,15.0,20.0,22.0,0.0,30.0,3.0,10.0,0.0,8.0,15.0,3.0,15.0,15.0,0.0,80.0,100.0,0.0,1.0,1.0,20.0
1019,G80_25T,B,488.0,675.0,c1,d1,10.0,25.0,11.0,30.0,20.0,20.0,40.0,0.0,30.0,3.0,10.0,20.0,20.0,15.0,10.0,15.0,15.0,0.0,80.0,78.0,0.0,8.0,8.0,20.0
1020,G80_25T,D,204.0,675.0,c1,d1,10.0,0.0,0.0,0.0,4.0,9.0,0.0,0.0,0.0,0.0,0.0,0.0,0.0,0.0,10.0,15.0,15.0,0.0,69.0,98.0,4.0,0.0,0.0,20.0
1021,G80_25T,D,208.0,675.0,c1,d1,10.0,0.0,0.0,0.0,11.0,8.0,0.0,0.0,0.0,0.0,0.0,0.0,0.0,0.0,3.0,15.0,15.0,0.0,58.0,73.0,45.0,0.0,0.0,20.0
1022,G80_25T,D,383.0,675.0,c1,d1,10.0,25.0,15.0,30.0,12.0,12.0,0.0,0.0,30.0,0.0,10.0,20.0,4.0,15.0,10.0,15.0,15.0,10.0,49.0,43.0,35.0,16.0,17.0,10.0
1023,G80_25T,C,436.0,675.0,c1,d1,10.0,25.0,15.0,30.0,20.0,20.0,22.0,0.0,30.0,3.0,10.0,20.0,8.0,15.0,10.0,15.0,15.0,0.0,34.0,15.0,60.0,20.0,29.0,10.0
1024,G80_25T,D,374.0,675.0,c1,d1,10.0,25.0,15.0,30.0,8.0,12.0,10.0,0.0,30.0,3.0,10.0,20.0,12.0,15.0,10.0,15.0,15.0,10.0,38.0,5.0,43.0,14.0,14.0,10.0
1025,G80_25T,D,189.0,675.0,c1,d1,10.0,0.0,0.0,0.0,9.0,3.0,0.0,0.0,0.0,0.0,0.0,0.0,0.0,0.0,7.0,0.0,15.0,0.0,50.0,50.0,63.0,6.0,6.0,20.0
1026,G80_25T,C,434.0,675.0,c1,d1,10.0,25.0,15.0,30.0,8.0,12.0,22.0,0.0,30.0,3.0,10.0,20.0,12.0,15.0,10.0,15.0,15.0,0.0,47.0,50.0,44.0,15.0,16.0,10.0
1029,G80_25T,D,231.0,675.0,c1,d1,10.0,0.0,0.0,0.0,18.0,12.0,0.0,0.0,0.0,0.0,0.0,0.0,0.0,0.0,10.0,15.0,15.0,0.0,73.0,45.0,33.0,15.0,15.0,20.0
1030,G80_25T,D,246.0,675.0,c1,d1,10.0,0.0,0.0,0.0,8.0,11.0,0.0,0.0,0.0,0.0,0.0,0.0,0.0,0.0,7.0,15.0,15.0,10.0,69.0,85.0,32.0,7.0,7.0,20.0
1031,G80_25T,D,258.0,675.0,c1,d1,10.0,0.0,0.0,0.0,12.0,20.0,0.0,0.0,0.0,0.0,0.0,0.0,0.0,0.0,3.0,15.0,15.0,0.0,60.0,65.0,39.0,20.0,29.0,20.0
1032,G80_25T,D,177.0,675.0,c1,d1,10.0,0.0,0.0,0.0,10.0,12.0,0.0,0.0,0.0,0.0,0.0,0.0,0.0,0.0,10.0,15.0,15.0,0.0,42.0,6.0,59.0,14.0,14.0,20.0
1033,G80_25T,D,146.0,675.0,c1,d1,10.0,0.0,0.0,0.0,20.0,11.0,0.0,0.0,0.0,0.0,0.0,0.0,0.0,0.0,10.0,15.0,15.0,10.0,10.0,0.0,61.0,7.0,7.0,20.0
1034,G80_25T,D,313.0,675.0,c1,d1,10.0,3.0,15.0,0.0,5.0,11.0,40.0,0.0,30.0,3.0,10.0,12.0,20.0,15.0,10.0,15.0,15.0,0.0,52.0,67.0,18.0,6.0,6.0,40.0
1035,G80_25T,D,421.0,675.0,c1,d1,10.0,25.0,11.0,30.0,15.0,3.0,22.0,0.0,30.0,3.0,10.0,20.0,20.0,15.0,7.0,15.0,15.0,10.0,50.0,35.0,45.0,10.0,10.0,10.0
1037,G80_25T,E,285.0,675.0,c1,d1,10.0,25.0,11.0,30.0,18.0,11.0,22.0,0.0,0.0,3.0,10.0,20.0,4.0,15.0,7.0,15.0,15.0,0.0,51.0,12.0,70.0,3.0,3.0,10.0
1039,G80_25T,D,392.0,675.0,c1,d1,10.0,25.0,15.0,30.0,8.0,11.0,22.0,0.0,30.0,3.0,10.0,20.0,12.0,15.0,10.0,0.0,15.0,0.0,45.0,23.0,62.0,3.0,3.0,20.0
1040,G80_25T,D,316.0,675.0,c1,d1,10.0,3.0,15.0,0.0,3.0,12.0,40.0,0.0,30.0,3.0,10.0,20.0,20.0,15.0,10.0,15.0,15.0,0.0,34.0,43.0,65.0,16.0,17.0,10.0
1041,G80_25T,D,140.0,675.0,c1,d1,10.0,0.0,0.0,0.0,19.0,11.0,0.0,0.0,0.0,0.0,0.0,0.0,0.0,0.0,10.0,15.0,15.0,10.0,16.0,0.0,48.0,8.0,8.0,20.0
1042,G80_25T,D,240.0,675.0,c1,d1,10.0,3.0,11.0,0.0,4.0,9.0,0.0,0.0,30.0,3.0,10.0,0.0,4.0,15.0,10.0,15.0,15.0,0.0,69.0,98.0,4.0,0.0,0.0,20.0
1043,G80_25T,D,320.0,675.0,c1,d1,10.0,3.0,11.0,0.0,11.0,8.0,40.0,0.0,30.0,3.0,10.0,20.0,20.0,15.0,3.0,15.0,15.0,0.0,58.0,73.0,45.0,0.0,0.0,20.0
1046,G80_25T,C,407.0,675.0,c1,d1,10.0,19.0,11.0,30.0,9.0,3.0,22.0,0.0,30.0,3.0,10.0,20.0,8.0,15.0,7.0,0.0,15.0,0.0,50.0,50.0,63.0,6.0,6.0,20.0
1049,G80_25T,B,503.0,675.0,c1,d1,10.0,25.0,11.0,30.0,3.0,22.0,40.0,0.0,30.0,3.0,10.0,20.0,20.0,15.0,10.0,0.0,15.0,0.0,64.0,63.0,52.0,20.0,30.0,10.0
1051,G80_25T,C,420.0,675.0,c1,d1,10.0,24.0,11.0,30.0,18.0,12.0,0.0,0.0,30.0,3.0,10.0,12.0,4.0,15.0,10.0,15.0,15.0,0.0,73.0,45.0,33.0,15.0,15.0,20.0
1052,G80_25T,B,512.0,675.0,c1,d1,10.0,25.0,11.0,30.0,12.0,20.0,40.0,0.0,30.0,3.0,10.0,20.0,20.0,15.0,3.0,15.0,15.0,0.0,60.0,65.0,39.0,20.0,29.0,20.0
1053,G80_25T,D,300.0,675.0,c1,d1,10.0,3.0,15.0,0.0,5.0,11.0,40.0,0.0,30.0,0.0,10.0,20.0,20.0,15.0,10.0,15.0,15.0,0.0,73.0,95.0,13.0,0.0,0.0,10.0
1054,G80_EV,D,281.0,675.0,c1,d1,10.0,3.0,7.0,0.0,10.0,17.0,22.0,0.0,30.0,3.0,10.0,0.0,4.0,15.0,10.0,15.0,15.0,0.0,73.0,86.0,1.0,0.0,30.0,10.0
1055,G80_25T,C,435.0,675.0,c1,d1,10.0,25.0,15.0,30.0,10.0,12.0,40.0,0.0,30.0,3.0,10.0,20.0,20.0,15.0,10.0,15.0,15.0,0.0,42.0,6.0,59.0,14.0,14.0,20.0
1057,G80_25T,D,358.0,675.0,c1,d1,10.0,3.0,11.0,0.0,8.0,11.0,40.0,0.0,30.0,3.0,10.0,20.0,20.0,15.0,7.0,15.0,15.0,10.0,69.0,85.0,32.0,7.0,7.0,20.0
1058,G80_25T,D,404.0,675.0,c1,d1,10.0,25.0,15.0,30.0,20.0,11.0,40.0,0.0,30.0,3.0,10.0,20.0,20.0,15.0,10.0,15.0,15.0,10.0,10.0,0.0,61.0,7.0,7.0,20.0
1059,G80_25T,D,241.0,675.0,c1,d1,10.0,0.0,0.0,0.0,20.0,12.0,0.0,0.0,0.0,0.0,0.0,0.0,0.0,0.0,10.0,15.0,15.0,0.0,66.0,55.0,32.0,17.0,19.0,20.0
1060,G80_25T,E,157.0,675.0,c1,d1,10.0,0.0,0.0,0.0,20.0,11.0,0.0,0.0,0.0,0.0,0.0,0.0,0.0,0.0,10.0,15.0,15.0,10.0,14.0,0.0,62.0,10.0,10.0,20.0
1061,G80_25T,D,130.0,675.0,c1,d1,10.0,0.0,0.0,0.0,20.0,11.0,0.0,0.0,0.0,0.0,0.0,0.0,0.0,0.0,10.0,15.0,15.0,0.0,29.0,0.0,36.0,7.0,7.0,20.0
1062,G80_25T,E,228.0,675.0,c1,d1,10.0,0.0,0.0,0.0,11.0,12.0,0.0,0.0,0.0,0.0,0.0,0.0,0.0,0.0,10.0,15.0,15.0,10.0,55.0,55.0,26.0,19.0,20.0,20.0
1063,G80_25T,D,222.0,675.0,c1,d1,10.0,3.0,11.0,0.0,19.0,11.0,22.0,0.0,30.0,3.0,10.0,20.0,8.0,15.0,10.0,15.0,15.0,10.0,16.0,0.0,48.0,8.0,8.0,20.0
1065,G80_25T,D,244.0,675.0,c1,d1,10.0,0.0,0.0,0.0,13.0,16.0,0.0,0.0,0.0,0.0,0.0,0.0,0.0,0.0,7.0,15.0,15.0,10.0,37.0,37.0,69.0,20.0,25.0,20.0
1067,G80_25T,E,302.0,675.0,c1,d1,10.0,25.0,15.0,10.0,12.0,9.0,0.0,0.0,30.0,3.0,10.0,20.0,4.0,15.0,10.0,15.0,15.0,0.0,74.0,0.0,15.0,0.0,0.0,10.0
1071,G80_25T,D,200.0,675.0,c1,d1,10.0,3.0,11.0,0.0,10.0,11.0,10.0,0.0,30.0,3.0,10.0,20.0,4.0,15.0,10.0,15.0,15.0,10.0,26.0,0.0,63.0,2.0,2.0,10.0
1072,G80_25T,D,128.0,675.0,c1,d1,10.0,0.0,0.0,0.0,14.0,2.0,0.0,0.0,0.0,0.0,0.0,0.0,0.0,0.0,3.0,15.0,15.0,10.0,33.0,10.0,46.0,0.0,0.0,20.0
1074,G80_25T,D,245.0,675.0,c1,d1,10.0,0.0,0.0,0.0,3.0,14.0,0.0,0.0,0.0,0.0,0.0,0.0,0.0,0.0,10.0,15.0,15.0,0.0,48.0,76.0,35.0,20.0,29.0,20.0
1075,G80_25T,D,188.0,675.0,c1,d1,10.0,0.0,0.0,0.0,9.0,12.0,0.0,0.0,0.0,0.0,0.0,0.0,0.0,0.0,10.0,15.0,15.0,10.0,38.0,4.0,65.0,15.0,15.0,20.0
1076,G80_EV,D,208.0,675.0,c1,d1,10.0,0.0,0.0,0.0,10.0,8.0,0.0,0.0,0.0,0.0,0.0,0.0,0.0,0.0,10.0,15.0,15.0,0.0,45.0,46.0,40.0,19.0,30.0,10.0
1077,G80_25T,D,248.0,675.0,c1,d1,10.0,0.0,0.0,0.0,12.0,17.0,0.0,0.0,0.0,0.0,0.0,0.0,0.0,0.0,10.0,15.0,15.0,0.0,62.0,41.0,46.0,20.0,30.0,20.0
1079,G80_25T,D,166.0,675.0,c1,d1,10.0,0.0,0.0,0.0,7.0,9.0,0.0,0.0,0.0,0.0,0.0,0.0,0.0,0.0,10.0,0.0,15.0,0.0,45.0,59.0,41.0,0.0,0.0,20.0
1081,G80_25T,D,361.0,675.0,c1,d1,10.0,25.0,11.0,30.0,12.0,11.0,22.0,0.0,30.0,3.0,10.0,20.0,8.0,15.0,10.0,15.0,15.0,10.0,28.0,17.0,39.0,5.0,5.0,10.0
1082,G80_25T,E,297.0,675.0,c1,d1,10.0,25.0,7.0,30.0,12.0,11.0,0.0,0.0,0.0,3.0,10.0,0.0,0.0,0.0,7.0,15.0,15.0,0.0,78.0,94.0,32.0,9.0,9.0,10.0
1083,G80_25T,D,304.0,675.0,c1,d1,10.0,3.0,3.0,0.0,8.0,11.0,40.0,0.0,30.0,3.0,10.0,20.0,20.0,15.0,7.0,0.0,15.0,10.0,56.0,67.0,46.0,5.0,5.0,10.0
1084,G80_25T,C,426.0,675.0,c1,d1,10.0,23.0,11.0,30.0,18.0,6.0,22.0,0.0,30.0,3.0,10.0,20.0,8.0,15.0,10.0,15.0,15.0,0.0,60.0,7.0,58.0,20.0,25.0,10.0
1085,G80_25T,E,359.0,675.0,c1,d1,10.0,23.0,7.0,30.0,20.0,11.0,10.0,0.0,30.0,3.0,10.0,20.0,4.0,15.0,10.0,15.0,15.0,10.0,14.0,0.0,62.0,10.0,10.0,20.0
1086,G80_25T,D,332.0,675.0,c1,d1,10.0,0.0,0.0,30.0,8.0,11.0,0.0,0.0,30.0,3.0,10.0,0.0,0.0,0.0,10.0,15.0,15.0,0.0,80.0,100.0,0.0,0.0,0.0,10.0
1087,G80_25T,D,331.0,675.0,c1,d1,10.0,3.0,11.0,0.0,20.0,12.0,22.0,0.0,30.0,3.0,10.0,20.0,16.0,15.0,10.0,15.0,15.0,0.0,66.0,55.0,32.0,17.0,19.0,20.0
1088,G80_25T,D,208.0,675.0,c1,d1,10.0,3.0,7.0,0.0,20.0,11.0,22.0,0.0,30.0,3.0,10.0,20.0,8.0,15.0,10.0,15.0,15.0,0.0,29.0,0.0,36.0,7.0,7.0,20.0
1089,G80_25T,D,269.0,675.0,c1,d1,10.0,3.0,15.0,0.0,5.0,11.0,10.0,0.0,30.0,3.0,10.0,20.0,8.0,15.0,10.0,15.0,15.0,0.0,60.0,76.0,17.0,3.0,3.0,20.0
1090,G80_25T,E,448.0,675.0,c1,d1,10.0,25.0,11.0,30.0,11.0,12.0,22.0,0.0,30.0,3.0,10.0,12.0,12.0,15.0,10.0,15.0,15.0,10.0,55.0,55.0,26.0,19.0,20.0,20.0
1091,G80_25T,E,313.0,675.0,c1,d1,10.0,25.0,15.0,30.0,8.0,9.0,22.0,0.0,0.0,3.0,10.0,0.0,0.0,15.0,10.0,15.0,15.0,10.0,53.0,68.0,65.0,0.0,0.0,10.0
1092,G80_25T,D,327.0,675.0,c1,d1,10.0,3.0,15.0,0.0,5.0,14.0,22.0,0.0,30.0,3.0,10.0,20.0,12.0,15.0,10.0,15.0,15.0,0.0,80.0,77.0,11.0,19.0,21.0,10.0
1093,G80_25T,B,502.0,675.0,c1,d1,10.0,25.0,15.0,30.0,13.0,16.0,40.0,0.0,30.0,3.0,10.0,20.0,20.0,15.0,7.0,15.0,15.0,10.0,37.0,37.0,69.0,20.0,25.0,20.0
1096,G80_25T,D,225.0,675.0,c1,d1,0.0,3.0,3.0,0.0,2.0,2.0,40.0,0.0,30.0,3.0,10.0,20.0,20.0,15.0,10.0,0.0,15.0,0.0,38.0,50.0,44.0,0.0,0.0,10.0
1099,G80_25T,D,223.0,675.0,c1,d1,10.0,0.0,0.0,0.0,5.0,12.0,0.0,0.0,0.0,0.0,0.0,0.0,0.0,0.0,10.0,15.0,15.0,0.0,66.0,56.0,37.0,13.0,14.0,20.0
1100,G80_25T,D,200.0,675.0,c1,d1,10.0,0.0,0.0,0.0,9.0,12.0,0.0,0.0,0.0,0.0,0.0,0.0,0.0,0.0,10.0,15.0,15.0,0.0,79.0,70.0,8.0,1.0,1.0,20.0
1101,G80_25T,D,139.0,675.0,c1,d1,10.0,0.0,0.0,0.0,11.0,2.0,0.0,0.0,0.0,0.0,0.0,0.0,0.0,0.0,10.0,15.0,15.0,0.0,40.0,28.0,38.0,0.0,0.0,20.0
1103,G80_25T,D,176.0,675.0,c1,d1,10.0,0.0,0.0,0.0,5.0,2.0,0.0,0.0,0.0,0.0,0.0,0.0,0.0,0.0,10.0,15.0,15.0,0.0,70.0,89.0,0.0,0.0,0.0,10.0
1104,G80_25T,D,364.0,675.0,c1,d1,10.0,25.0,11.0,30.0,14.0,2.0,22.0,0.0,30.0,3.0,10.0,20.0,20.0,15.0,3.0,15.0,15.0,10.0,33.0,10.0,46.0,0.0,0.0,20.0
1106,G80_25T,D,203.0,675.0,c1,d1,10.0,3.0,15.0,0.0,8.0,11.0,10.0,0.0,30.0,3.0,10.0,0.0,4.0,15.0,10.0,15.0,15.0,0.0,48.0,60.0,16.0,0.0,0.0,10.0
1107,G80_25T,D,339.0,675.0,c1,d1,10.0,3.0,15.0,0.0,3.0,14.0,22.0,0.0,30.0,3.0,10.0,20.0,16.0,15.0,10.0,15.0,15.0,0.0,48.0,76.0,35.0,20.0,29.0,20.0
1108,G80_25T,D,300.0,675.0,c1,d1,10.0,3.0,11.0,0.0,9.0,12.0,40.0,0.0,30.0,3.0,10.0,20.0,20.0,15.0,10.0,15.0,15.0,10.0,38.0,4.0,65.0,15.0,15.0,20.0
1109,G80_25T,B,506.0,675.0,c1,d1,10.0,25.0,15.0,30.0,12.0,17.0,40.0,0.0,30.0,3.0,10.0,20.0,20.0,15.0,10.0,15.0,15.0,0.0,62.0,41.0,46.0,20.0,30.0,20.0
1111,G80_EV,D,386.0,675.0,c1,d1,10.0,7.0,11.0,30.0,10.0,8.0,22.0,0.0,30.0,3.0,10.0,20.0,20.0,15.0,10.0,15.0,15.0,0.0,45.0,46.0,40.0,19.0,30.0,10.0
1112,G80_25T,D,364.0,675.0,c1,d1,10.0,25.0,7.0,30.0,7.0,9.0,0.0,0.0,30.0,3.0,10.0,20.0,8.0,15.0,10.0,0.0,15.0,0.0,45.0,59.0,41.0,0.0,0.0,20.0
1113,G80_25T,D,197.0,675.0,c1,d1,10.0,3.0,11.0,0.0,2.0,2.0,10.0,0.0,30.0,3.0,10.0,0.0,4.0,15.0,10.0,0.0,15.0,0.0,47.0,62.0,43.0,0.0,0.0,10.0
1116,G80_25T,D,217.0,675.0,c1,d1,10.0,3.0,0.0,0.0,3.0,8.0,40.0,0.0,30.0,3.0,10.0,20.0,20.0,15.0,10.0,0.0,15.0,10.0,29.0,45.0,26.0,0.0,0.0,10.0
1117,G80_25T,D,173.0,675.0,c1,d1,10.0,0.0,0.0,0.0,13.0,9.0,0.0,0.0,0.0,0.0,0.0,0.0,0.0,0.0,7.0,15.0,15.0,0.0,58.0,68.0,8.0,0.0,0.0,20.0
1119,G80_25T,C,424.0,675.0,c1,d1,10.0,25.0,15.0,30.0,7.0,11.0,22.0,0.0,30.0,3.0,10.0,20.0,8.0,15.0,10.0,15.0,15.0,0.0,74.0,94.0,0.0,0.0,0.0,10.0
1120,G80_25T,D,258.0,675.0,c1,d1,10.0,3.0,11.0,0.0,9.0,12.0,22.0,0.0,30.0,3.0,10.0,0.0,4.0,15.0,10.0,15.0,15.0,0.0,79.0,70.0,8.0,1.0,1.0,20.0
1122,G80_25T,E,367.0,675.0,c1,d1,10.0,22.0,15.0,10.0,5.0,17.0,22.0,0.0,30.0,3.0,10.0,20.0,8.0,15.0,10.0,15.0,15.0,0.0,80.0,0.0,0.0,20.0,30.0,10.0
1123,G80_25T,E,321.0,675.0,c1,d1,10.0,3.0,15.0,10.0,11.0,5.0,40.0,0.0,30.0,3.0,10.0,20.0,20.0,15.0,10.0,15.0,15.0,10.0,50.0,0.0,23.0,17.0,19.0,10.0
1124,G80_25T,E,303.0,675.0,c1,d1,10.0,3.0,15.0,0.0,20.0,20.0,40.0,0.0,30.0,3.0,10.0,20.0,20.0,15.0,10.0,15.0,15.0,0.0,80.0,0.0,8.0,20.0,29.0,10.0
1125,G80_25T,D,335.0,675.0,c1,d1,10.0,3.0,11.0,0.0,5.0,12.0,40.0,0.0,30.0,3.0,10.0,20.0,20.0,15.0,10.0,15.0,15.0,0.0,66.0,56.0,37.0,13.0,14.0,20.0
1128,G80_25T,D,221.0,675.0,c1,d1,10.0,3.0,11.0,0.0,4.0,11.0,40.0,0.0,0.0,0.0,0.0,0.0,20.0,15.0,10.0,0.0,15.0,0.0,44.0,60.0,36.0,11.0,11.0,10.0
1129,G80_25T,D,289.0,675.0,c1,d1,10.0,3.0,11.0,0.0,9.0,11.0,40.0,0.0,30.0,3.0,10.0,20.0,20.0,15.0,10.0,15.0,15.0,0.0,59.0,50.0,36.0,1.0,1.0,10.0
1130,G80_25T,D,309.0,675.0,c1,d1,10.0,3.0,15.0,0.0,3.0,6.0,22.0,0.0,30.0,3.0,10.0,20.0,20.0,15.0,10.0,0.0,15.0,0.0,54.0,68.0,43.0,20.0,22.0,10.0
1131,G80_25T,E,290.0,675.0,c1,d1,10.0,25.0,15.0,30.0,15.0,3.0,0.0,0.0,30.0,3.0,10.0,0.0,0.0,15.0,10.0,15.0,15.0,0.0,21.0,0.0,63.0,0.0,0.0,10.0
1132,G80_25T,E,317.0,675.0,c1,d1,10.0,25.0,15.0,30.0,11.0,2.0,0.0,0.0,30.0,3.0,10.0,0.0,0.0,15.0,10.0,15.0,15.0,0.0,40.0,28.0,38.0,0.0,0.0,20.0
1135,G80_25T,D,326.0,675.0,c1,d1,10.0,25.0,11.0,30.0,7.0,9.0,0.0,0.0,30.0,3.0,10.0,0.0,8.0,15.0,10.0,15.0,15.0,0.0,43.0,55.0,20.0,0.0,0.0,10.0
1137,G80_25T,D,274.0,675.0,c1,d1,10.0,3.0,15.0,0.0,5.0,2.0,22.0,0.0,30.0,3.0,10.0,20.0,20.0,15.0,10.0,15.0,15.0,0.0,70.0,89.0,0.0,0.0,0.0,10.0
1138,G80_25T,E,212.0,675.0,c1,d1,0.0,3.0,15.0,0.0,20.0,16.0,22.0,0.0,0.0,0.0,0.0,0.0,20.0,15.0,10.0,0.0,15.0,0.0,80.0,0.0,26.0,20.0,30.0,10.0
1139,G80_25T,D,219.0,675.0,c1,d1,10.0,0.0,0.0,0.0,5.0,3.0,0.0,0.0,0.0,0.0,0.0,0.0,0.0,0.0,10.0,15.0,15.0,0.0,76.0,69.0,19.0,13.0,14.0,20.0
1140,G80_25T,D,138.0,675.0,c1,d1,10.0,0.0,0.0,0.0,0.0,9.0,0.0,0.0,0.0,0.0,0.0,0.0,0.0,0.0,10.0,0.0,15.0,0.0,29.0,52.0,43.0,0.0,0.0,20.0
1141,G80_25T,D,169.0,675.0,c1,d1,10.0,0.0,0.0,0.0,0.0,3.0,0.0,0.0,0.0,0.0,0.0,0.0,0.0,0.0,10.0,0.0,15.0,0.0,72.0,76.0,13.0,0.0,0.0,20.0
1142,G80_25T,E,179.0,675.0,c1,d1,10.0,0.0,0.0,0.0,12.0,5.0,0.0,0.0,0.0,0.0,0.0,0.0,0.0,0.0,10.0,15.0,15.0,10.0,34.0,23.0,37.0,18.0,20.0,20.0
1143,G80_25T,D,216.0,675.0,c1,d1,10.0,0.0,0.0,0.0,11.0,12.0,0.0,0.0,0.0,0.0,0.0,0.0,0.0,0.0,10.0,15.0,15.0,10.0,68.0,48.0,19.0,14.0,14.0,20.0
1144,G80_25T,D,159.0,675.0,c1,d1,10.0,0.0,0.0,0.0,17.0,11.0,0.0,0.0,0.0,0.0,0.0,0.0,0.0,0.0,10.0,15.0,15.0,10.0,29.0,11.0,61.0,0.0,0.0,20.0
1145,G80_EV,D,204.0,675.0,c1,d1,10.0,0.0,0.0,0.0,7.0,17.0,0.0,0.0,0.0,0.0,0.0,0.0,0.0,0.0,7.0,15.0,15.0,0.0,62.0,71.0,10.0,0.0,30.0,10.0
1146,G80_25T,D,243.0,675.0,c1,d1,10.0,0.0,0.0,0.0,20.0,20.0,0.0,0.0,0.0,0.0,0.0,0.0,0.0,0.0,10.0,15.0,15.0,0.0,43.0,27.0,64.0,20.0,29.0,20.0
1148,G80_25T,D,167.0,675.0,c1,d1,10.0,0.0,0.0,0.0,5.0,9.0,0.0,0.0,0.0,0.0,0.0,0.0,0.0,0.0,10.0,15.0,15.0,0.0,33.0,46.0,54.0,0.0,0.0,20.0
1149,G80_25T,D,184.0,675.0,c1,d1,10.0,0.0,0.0,0.0,7.0,9.0,0.0,0.0,0.0,0.0,0.0,0.0,0.0,0.0,7.0,0.0,15.0,0.0,53.0,71.0,42.0,0.0,0.0,20.0
1150,G80_25T,D,241.0,675.0,c1,d1,10.0,0.0,0.0,0.0,20.0,20.0,0.0,0.0,0.0,0.0,0.0,0.0,0.0,0.0,10.0,15.0,15.0,0.0,80.0,77.0,0.0,12.0,12.0,20.0
1151,G80_25T,D,239.0,675.0,c1,d1,10.0,0.0,0.0,0.0,20.0,20.0,0.0,0.0,0.0,0.0,0.0,0.0,0.0,0.0,10.0,15.0,15.0,0.0,46.0,17.0,69.0,20.0,27.0,20.0
1152,G80_25T,D,259.0,675.0,c1,d1,10.0,3.0,3.0,0.0,13.0,9.0,22.0,0.0,30.0,3.0,10.0,20.0,20.0,15.0,7.0,15.0,15.0,0.0,58.0,68.0,8.0,0.0,0.0,20.0
1153,G80_25T,D,223.0,675.0,c1,d1,10.0,0.0,0.0,0.0,19.0,22.0,0.0,0.0,0.0,0.0,0.0,0.0,0.0,0.0,10.0,0.0,15.0,0.0,75.0,52.0,0.0,20.0,30.0,20.0
1154,G80_25T,D,190.0,675.0,c1,d1,10.0,3.0,11.0,0.0,0.0,9.0,0.0,0.0,30.0,3.0,10.0,12.0,8.0,15.0,10.0,0.0,15.0,0.0,29.0,52.0,43.0,0.0,0.0,20.0
1155,G80_25T,D,273.0,675.0,c1,d1,10.0,3.0,11.0,0.0,0.0,3.0,40.0,0.0,30.0,3.0,10.0,12.0,20.0,15.0,10.0,0.0,15.0,0.0,72.0,76.0,13.0,0.0,0.0,20.0
1156,G80_25T,D,331.0,675.0,c1,d1,10.0,3.0,11.0,0.0,5.0,3.0,40.0,0.0,30.0,3.0,10.0,20.0,20.0,15.0,10.0,15.0,15.0,0.0,76.0,69.0,19.0,13.0,14.0,20.0
1157,G80_25T,E,287.0,675.0,c1,d1,10.0,3.0,7.0,0.0,12.0,5.0,40.0,0.0,30.0,3.0,10.0,20.0,20.0,15.0,10.0,15.0,15.0,10.0,34.0,23.0,37.0,18.0,20.0,20.0
1159,G80_25T,D,294.0,675.0,c1,d1,10.0,3.0,11.0,0.0,11.0,12.0,22.0,0.0,30.0,3.0,10.0,20.0,4.0,15.0,10.0,15.0,15.0,10.0,68.0,48.0,19.0,14.0,14.0,20.0
1160,G80_25T,E,291.0,675.0,c1,d1,0.0,25.0,11.0,30.0,3.0,12.0,0.0,0.0,18.0,3.0,10.0,0.0,0.0,15.0,10.0,15.0,15.0,0.0,62.0,75.0,7.0,5.0,5.0,10.0
1161,G80_25T,C,456.0,675.0,c1,d1,10.0,25.0,11.0,30.0,11.0,16.0,40.0,0.0,30.0,3.0,10.0,20.0,20.0,15.0,10.0,15.0,15.0,10.0,33.0,37.0,38.0,20.0,27.0,10.0
1162,G80_25T,D,275.0,675.0,c1,d1,10.0,3.0,7.0,0.0,5.0,9.0,40.0,0.0,30.0,3.0,10.0,20.0,20.0,15.0,10.0,15.0,15.0,0.0,33.0,46.0,54.0,0.0,0.0,20.0
1163,G80_25T,D,417.0,675.0,c1,d1,10.0,25.0,15.0,30.0,17.0,11.0,40.0,0.0,30.0,3.0,10.0,20.0,20.0,15.0,10.0,15.0,15.0,10.0,29.0,11.0,61.0,0.0,0.0,20.0
1164,G80_EV,C,454.0,675.0,c1,d1,10.0,25.0,7.0,30.0,7.0,17.0,40.0,0.0,30.0,3.0,10.0,20.0,20.0,15.0,7.0,15.0,15.0,0.0,62.0,71.0,10.0,0.0,30.0,10.0
1166,G80_25T,D,340.0,675.0,c1,d1,10.0,25.0,15.0,30.0,12.0,9.0,0.0,0.0,30.0,3.0,10.0,0.0,4.0,15.0,10.0,15.0,15.0,0.0,51.0,59.0,17.0,0.0,0.0,10.0
1167,G80_25T,B,497.0,675.0,c1,d1,10.0,25.0,11.0,30.0,20.0,20.0,40.0,0.0,30.0,3.0,10.0,20.0,20.0,15.0,10.0,15.0,15.0,0.0,43.0,27.0,64.0,20.0,29.0,20.0
1168,G80_EV,D,171.0,675.0,c1,d1,10.0,0.0,0.0,0.0,3.0,17.0,0.0,0.0,0.0,0.0,0.0,0.0,0.0,0.0,10.0,0.0,15.0,0.0,27.0,25.0,66.0,8.0,30.0,10.0
1169,G80_25T,C,459.0,675.0,c1,d1,10.0,23.0,15.0,30.0,20.0,20.0,22.0,0.0,30.0,3.0,10.0,0.0,20.0,15.0,10.0,15.0,15.0,0.0,80.0,77.0,0.0,12.0,12.0,20.0
1170,G80_25T,B,493.0,675.0,c1,d1,10.0,25.0,11.0,30.0,20.0,20.0,40.0,0.0,30.0,3.0,10.0,20.0,20.0,15.0,10.0,15.0,15.0,0.0,46.0,17.0,69.0,20.0,27.0,20.0
1171,G80_25T,D,408.0,675.0,c1,d1,10.0,25.0,11.0,30.0,20.0,11.0,40.0,0.0,30.0,3.0,10.0,20.0,20.0,15.0,10.0,15.0,15.0,10.0,32.0,1.0,46.0,7.0,7.0,20.0
1172,G80_25T,E,278.0,675.0,c1,d1,10.0,0.0,0.0,30.0,7.0,12.0,0.0,0.0,18.0,3.0,10.0,0.0,0.0,0.0,7.0,0.0,15.0,10.0,77.0,90.0,5.0,7.0,7.0,10.0
1173,G80_25T,E,310.0,675.0,c1,d1,10.0,25.0,15.0,30.0,4.0,8.0,40.0,0.0,0.0,3.0,10.0,0.0,20.0,15.0,10.0,15.0,15.0,0.0,48.0,68.0,44.0,0.0,0.0,10.0
1174,G80_25T,D,163.0,675.0,c1,d1,10.0,0.0,0.0,0.0,8.0,11.0,0.0,0.0,0.0,0.0,0.0,0.0,0.0,0.0,10.0,15.0,15.0,0.0,30.0,31.0,47.0,8.0,8.0,20.0
1175,G80_25T,E,280.0,675.0,c1,d1,10.0,3.0,11.0,0.0,20.0,20.0,22.0,0.0,8.0,3.0,10.0,0.0,20.0,15.0,3.0,15.0,15.0,0.0,80.0,80.0,16.0,20.0,29.0,10.0
1176,G80_25T,D,164.0,675.0,c1,d1,10.0,0.0,0.0,0.0,0.0,3.0,0.0,0.0,0.0,0.0,0.0,0.0,0.0,0.0,10.0,0.0,15.0,0.0,36.0,50.0,60.0,5.0,5.0,20.0
1177,G80_25T,D,176.0,675.0,c1,d1,10.0,0.0,0.0,0.0,10.0,12.0,0.0,0.0,0.0,0.0,0.0,0.0,0.0,0.0,10.0,0.0,15.0,0.0,27.0,16.0,70.0,17.0,19.0,20.0
1178,G80_25T,D,140.0,675.0,c1,d1,10.0,0.0,0.0,0.0,20.0,9.0,0.0,0.0,0.0,0.0,0.0,0.0,0.0,0.0,10.0,15.0,15.0,10.0,13.0,0.0,68.0,0.0,0.0,20.0
1179,G80_25T,D,110.0,675.0,c1,d1,10.0,0.0,0.0,0.0,15.0,2.0,0.0,0.0,0.0,0.0,0.0,0.0,0.0,0.0,10.0,15.0,15.0,0.0,26.0,0.0,47.0,0.0,0.0,20.0
1180,G80_25T,D,388.0,675.0,c1,d1,10.0,25.0,11.0,30.0,7.0,9.0,22.0,0.0,30.0,3.0,10.0,0.0,8.0,15.0,7.0,0.0,15.0,0.0,53.0,71.0,42.0,0.0,0.0,20.0
1182,G80_25T,D,204.0,675.0,c1,d1,10.0,0.0,0.0,0.0,8.0,14.0,0.0,0.0,0.0,0.0,0.0,0.0,0.0,0.0,10.0,15.0,15.0,0.0,80.0,78.0,0.0,2.0,2.0,20.0
1183,G80_25T,D,192.0,675.0,c1,d1,10.0,0.0,0.0,0.0,18.0,11.0,0.0,0.0,0.0,0.0,0.0,0.0,0.0,0.0,10.0,15.0,15.0,0.0,54.0,48.0,31.0,5.0,5.0,20.0
1187,G80_25T,D,151.0,675.0,c1,d1,10.0,0.0,0.0,0.0,6.0,9.0,0.0,0.0,0.0,0.0,0.0,0.0,0.0,0.0,7.0,15.0,15.0,0.0,28.0,37.0,54.0,0.0,0.0,20.0
1188,G80_25T,C,449.0,675.0,c1,d1,10.0,25.0,11.0,30.0,19.0,22.0,22.0,0.0,30.0,3.0,10.0,20.0,20.0,15.0,10.0,0.0,15.0,0.0,75.0,52.0,0.0,20.0,30.0,10.0
1189,G80_25T,C,459.0,675.0,c1,d1,10.0,25.0,11.0,30.0,19.0,22.0,22.0,0.0,30.0,3.0,10.0,20.0,20.0,15.0,10.0,0.0,15.0,0.0,75.0,52.0,0.0,20.0,30.0,20.0
1190,G80_EV,D,283.0,675.0,c1,d1,10.0,3.0,11.0,0.0,3.0,17.0,40.0,0.0,30.0,3.0,10.0,20.0,20.0,15.0,10.0,0.0,15.0,0.0,27.0,25.0,66.0,8.0,30.0,10.0
1193,G80_25T,D,253.0,675.0,c1,d1,10.0,0.0,0.0,0.0,13.0,22.0,0.0,0.0,0.0,0.0,0.0,0.0,0.0,0.0,10.0,15.0,15.0,10.0,58.0,37.0,43.0,20.0,30.0,20.0
1195,G80_25T,D,114.0,675.0,c1,d1,10.0,0.0,0.0,0.0,12.0,9.0,0.0,0.0,0.0,0.0,0.0,0.0,0.0,0.0,10.0,15.0,15.0,10.0,12.0,0.0,51.0,0.0,0.0,20.0
1196,G80_25T,D,169.0,675.0,c1,d1,10.0,0.0,0.0,0.0,14.0,12.0,0.0,0.0,0.0,0.0,0.0,0.0,0.0,0.0,10.0,0.0,15.0,10.0,20.0,1.0,69.0,18.0,20.0,20.0
1198,G80_25T,D,190.0,675.0,c1,d1,10.0,0.0,0.0,0.0,0.0,9.0,0.0,0.0,0.0,0.0,0.0,0.0,0.0,0.0,10.0,0.0,15.0,0.0,66.0,99.0,11.0,0.0,0.0,20.0
1199,G80_25T,D,140.0,675.0,c1,d1,10.0,0.0,0.0,0.0,5.0,11.0,0.0,0.0,0.0,0.0,0.0,0.0,0.0,0.0,7.0,15.0,15.0,0.0,25.0,4.0,70.0,4.0,4.0,20.0
1200,G80_25T,D,233.0,675.0,c1,d1,10.0,3.0,11.0,0.0,8.0,11.0,10.0,0.0,30.0,3.0,10.0,20.0,8.0,15.0,10.0,15.0,15.0,0.0,30.0,31.0,47.0,8.0,8.0,20.0
1201,G80_25T,D,276.0,675.0,c1,d1,10.0,3.0,11.0,0.0,0.0,3.0,40.0,0.0,30.0,3.0,10.0,20.0,20.0,15.0,10.0,0.0,15.0,0.0,36.0,50.0,60.0,5.0,5.0,20.0
1202,G80_25T,D,309.0,675.0,c1,d1,10.0,3.0,11.0,0.0,18.0,14.0,40.0,0.0,30.0,3.0,10.0,20.0,20.0,15.0,10.0,15.0,15.0,0.0,38.0,12.0,63.0,20.0,22.0,10.0
1203,G80_25T,C,412.0,675.0,c1,d1,10.0,25.0,15.0,30.0,10.0,12.0,22.0,0.0,30.0,3.0,10.0,20.0,16.0,15.0,10.0,0.0,15.0,0.0,27.0,16.0,70.0,17.0,19.0,20.0
1204,G80_25T,D,239.0,675.0,c1,d1,10.0,3.0,11.0,0.0,18.0,9.0,10.0,0.0,30.0,3.0,10.0,20.0,20.0,15.0,7.0,15.0,15.0,0.0,51.0,49.0,23.0,0.0,0.0,10.0
1206,G80_25T,D,364.0,675.0,c1,d1,10.0,25.0,11.0,30.0,20.0,9.0,22.0,0.0,30.0,3.0,10.0,20.0,8.0,15.0,10.0,15.0,15.0,10.0,13.0,0.0,68.0,0.0,0.0,20.0
1208,G80_25T,D,146.0,675.0,c1,d1,10.0,3.0,11.0,0.0,15.0,2.0,0.0,0.0,30.0,3.0,10.0,0.0,4.0,15.0,10.0,15.0,15.0,0.0,26.0,0.0,47.0,0.0,0.0,20.0
1211,G80_25T,E,299.0,675.0,c1,d1,10.0,3.0,11.0,0.0,10.0,11.0,22.0,0.0,30.0,3.0,10.0,12.0,12.0,15.0,10.0,15.0,15.0,10.0,80.0,100.0,0.0,0.0,0.0,10.0
1212,G80_25T,D,308.0,675.0,c1,d1,10.0,3.0,11.0,0.0,8.0,14.0,40.0,0.0,30.0,3.0,10.0,12.0,20.0,15.0,10.0,15.0,15.0,0.0,80.0,78.0,0.0,2.0,2.0,20.0
1213,G80_25T,D,374.0,675.0,c1,d1,10.0,25.0,15.0,30.0,18.0,11.0,0.0,0.0,30.0,3.0,10.0,0.0,4.0,15.0,10.0,15.0,15.0,0.0,54.0,48.0,31.0,5.0,5.0,20.0
1214,G80_25T,D,140.0,675.0,c1,d1,10.0,0.0,0.0,0.0,8.0,11.0,0.0,0.0,0.0,0.0,0.0,0.0,0.0,0.0,10.0,0.0,15.0,10.0,35.0,9.0,60.0,1.0,1.0,20.0
1215,G80_25T,D,145.0,675.0,c1,d1,10.0,0.0,0.0,0.0,5.0,3.0,0.0,0.0,0.0,0.0,0.0,0.0,0.0,0.0,10.0,15.0,15.0,0.0,49.0,55.0,13.0,0.0,0.0,20.0
1216,G80_25T,D,215.0,675.0,c1,d1,10.0,0.0,0.0,0.0,3.0,12.0,0.0,0.0,0.0,0.0,0.0,0.0,0.0,0.0,10.0,15.0,15.0,0.0,80.0,100.0,0.0,0.0,0.0,20.0
1218,G80_25T,E,199.0,675.0,c1,d1,10.0,0.0,0.0,0.0,2.0,11.0,0.0,0.0,0.0,0.0,0.0,0.0,0.0,0.0,10.0,0.0,15.0,0.0,77.0,100.0,4.0,0.0,0.0,20.0
1219,G80_25T,D,167.0,675.0,c1,d1,10.0,0.0,0.0,0.0,0.0,11.0,0.0,0.0,0.0,0.0,0.0,0.0,0.0,0.0,10.0,0.0,15.0,0.0,38.0,60.0,33.0,10.0,10.0,20.0
1220,G80_25T,D,99.0,675.0,c1,d1,10.0,0.0,0.0,0.0,10.0,2.0,0.0,0.0,0.0,0.0,0.0,0.0,0.0,0.0,10.0,15.0,15.0,0.0,21.0,3.0,43.0,0.0,0.0,20.0
1221,G80_25T,D,155.0,675.0,c1,d1,10.0,0.0,0.0,0.0,9.0,9.0,0.0,0.0,0.0,0.0,0.0,0.0,0.0,0.0,10.0,15.0,15.0,0.0,36.0,41.0,40.0,0.0,0.0,20.0
1222,G80_25T,D,383.0,675.0,c1,d1,10.0,25.0,11.0,30.0,6.0,9.0,22.0,0.0,30.0,3.0,10.0,20.0,16.0,15.0,7.0,15.0,15.0,0.0,28.0,37.0,54.0,0.0,0.0,20.0
1225,G80_25T,D,191.0,675.0,c1,d1,10.0,0.0,0.0,0.0,9.0,9.0,0.0,0.0,0.0,0.0,0.0,0.0,0.0,0.0,7.0,15.0,15.0,0.0,61.0,78.0,17.0,0.0,0.0,20.0
1227,G80_25T,D,270.0,675.0,c1,d1,10.0,0.0,0.0,0.0,20.0,20.0,0.0,0.0,0.0,0.0,0.0,0.0,0.0,0.0,10.0,15.0,15.0,0.0,71.0,59.0,33.0,20.0,27.0,20.0
1228,G80_25T,D,225.0,675.0,c1,d1,10.0,0.0,0.0,0.0,2.0,12.0,0.0,0.0,0.0,0.0,0.0,0.0,0.0,0.0,10.0,0.0,15.0,0.0,71.0,88.0,16.0,15.0,16.0,20.0
1230,G80_25T,D,260.0,675.0,c1,d1,10.0,0.0,0.0,0.0,20.0,20.0,0.0,0.0,0.0,0.0,0.0,0.0,0.0,0.0,10.0,15.0,15.0,0.0,68.0,27.0,55.0,20.0,30.0,20.0
1231,G80_25T,D,207.0,675.0,c1,d1,10.0,0.0,0.0,0.0,11.0,11.0,0.0,0.0,0.0,0.0,0.0,0.0,0.0,0.0,7.0,15.0,15.0,0.0,76.0,92.0,0.0,0.0,0.0,20.0
1234,G80_25T,E,76.0,675.0,c1,d1,10.0,0.0,0.0,0.0,5.0,11.0,0.0,0.0,0.0,3.0,10.0,0.0,0.0,0.0,10.0,15.0,15.0,0.0,19.0,23.0,51.0,12.0,12.0,10.0
1235,G80_25T,B,511.0,675.0,c1,d1,10.0,25.0,15.0,30.0,13.0,22.0,40.0,0.0,30.0,3.0,10.0,20.0,20.0,15.0,10.0,15.0,15.0,10.0,58.0,37.0,43.0,20.0,30.0,20.0
1236,G80_25T,D,266.0,675.0,c1,d1,10.0,3.0,15.0,0.0,4.0,12.0,10.0,0.0,30.0,0.0,10.0,20.0,12.0,15.0,10.0,0.0,15.0,0.0,75.0,92.0,7.0,13.0,13.0,10.0
1238,G80_25T,C,427.0,675.0,c1,d1,10.0,25.0,15.0,30.0,14.0,12.0,40.0,0.0,30.0,3.0,10.0,20.0,20.0,15.0,10.0,0.0,15.0,10.0,20.0,1.0,69.0,18.0,20.0,20.0
1240,G80_25T,D,407.0,675.0,c1,d1,10.0,23.0,0.0,30.0,8.0,11.0,40.0,0.0,30.0,3.0,10.0,20.0,20.0,15.0,10.0,15.0,15.0,0.0,44.0,56.0,37.0,0.0,0.0,10.0
1241,G80_25T,D,302.0,675.0,c1,d1,10.0,3.0,11.0,0.0,0.0,9.0,40.0,0.0,30.0,3.0,10.0,20.0,20.0,15.0,10.0,0.0,15.0,0.0,66.0,99.0,11.0,0.0,0.0,20.0
1243,G80_25T,D,252.0,675.0,c1,d1,10.0,3.0,11.0,0.0,5.0,11.0,40.0,0.0,30.0,3.0,10.0,20.0,20.0,15.0,7.0,15.0,15.0,0.0,25.0,4.0,70.0,4.0,4.0,20.0
1244,G80_25T,D,357.0,675.0,c1,d1,10.0,14.0,11.0,30.0,12.0,9.0,40.0,0.0,30.0,3.0,10.0,20.0,20.0,15.0,10.0,15.0,15.0,10.0,12.0,0.0,51.0,0.0,0.0,20.0
1245,G80_25T,E,323.0,675.0,c1,d1,10.0,25.0,15.0,10.0,8.0,20.0,10.0,0.0,18.0,3.0,10.0,0.0,4.0,15.0,10.0,15.0,15.0,0.0,80.0,0.0,35.0,20.0,30.0,10.0
1246,G80_25T,E,472.0,675.0,c1,d1,10.0,25.0,7.0,30.0,20.0,12.0,22.0,0.0,30.0,3.0,10.0,20.0,20.0,0.0,10.0,0.0,15.0,0.0,80.0,81.0,37.0,15.0,15.0,10.0
1247,G80_25T,D,279.0,675.0,c1,d1,10.0,3.0,7.0,0.0,5.0,14.0,0.0,0.0,30.0,3.0,10.0,20.0,4.0,15.0,10.0,0.0,15.0,0.0,80.0,100.0,0.0,16.0,17.0,10.0
1249,G80_25T,E,423.0,675.0,c1,d1,10.0,25.0,11.0,30.0,2.0,11.0,22.0,0.0,30.0,3.0,10.0,20.0,8.0,15.0,10.0,0.0,15.0,0.0,77.0,100.0,4.0,0.0,0.0,20.0
1250,G80_25T,D,235.0,675.0,c1,d1,10.0,3.0,15.0,0.0,5.0,3.0,22.0,0.0,30.0,3.0,10.0,20.0,12.0,15.0,10.0,15.0,15.0,0.0,49.0,55.0,13.0,0.0,0.0,20.0
1251,G80_25T,D,391.0,675.0,c1,d1,10.0,25.0,7.0,30.0,0.0,11.0,22.0,0.0,30.0,3.0,10.0,20.0,12.0,15.0,10.0,0.0,15.0,0.0,38.0,60.0,33.0,10.0,10.0,20.0
1253,G80_25T,D,368.0,675.0,c1,d1,10.0,25.0,15.0,30.0,8.0,11.0,22.0,0.0,30.0,3.0,10.0,20.0,8.0,15.0,10.0,0.0,15.0,10.0,35.0,9.0,60.0,1.0,1.0,20.0
1254,G80_25T,D,273.0,675.0,c1,d1,10.0,3.0,11.0,0.0,3.0,12.0,22.0,0.0,30.0,3.0,10.0,0.0,4.0,15.0,10.0,15.0,15.0,0.0,80.0,100.0,0.0,0.0,0.0,20.0
1256,G80_25T,D,171.0,675.0,c1,d1,10.0,3.0,11.0,0.0,10.0,2.0,0.0,0.0,30.0,3.0,10.0,20.0,20.0,15.0,10.0,15.0,15.0,0.0,21.0,3.0,43.0,0.0,0.0,20.0
1257,G80_25T,E,333.0,675.0,c1,d1,10.0,25.0,15.0,30.0,9.0,9.0,0.0,0.0,30.0,3.0,10.0,0.0,0.0,15.0,10.0,15.0,15.0,0.0,36.0,41.0,40.0,0.0,0.0,20.0
1259,G80_25T,D,322.0,675.0,c1,d1,10.0,25.0,11.0,30.0,4.0,9.0,10.0,0.0,30.0,3.0,10.0,20.0,8.0,15.0,10.0,0.0,15.0,0.0,17.0,22.0,63.0,0.0,0.0,10.0
1260,G80_25T,D,273.0,675.0,c1,d1,10.0,3.0,11.0,0.0,9.0,9.0,22.0,0.0,30.0,3.0,10.0,20.0,8.0,15.0,7.0,15.0,15.0,0.0,61.0,78.0,17.0,0.0,0.0,20.0
1261,G80_25T,B,506.0,675.0,c1,d1,10.0,25.0,11.0,30.0,20.0,20.0,22.0,0.0,30.0,3.0,10.0,20.0,20.0,15.0,10.0,15.0,15.0,0.0,71.0,59.0,33.0,20.0,27.0,20.0
1263,G80_25T,D,295.0,675.0,c1,d1,10.0,3.0,15.0,0.0,5.0,12.0,40.0,0.0,30.0,0.0,10.0,20.0,20.0,15.0,7.0,15.0,15.0,0.0,80.0,97.0,1.0,0.0,0.0,10.0
1266,G80_25T,D,377.0,675.0,c1,d1,10.0,25.0,15.0,30.0,6.0,5.0,10.0,0.0,30.0,3.0,10.0,20.0,8.0,15.0,10.0,15.0,15.0,0.0,24.0,27.0,50.0,19.0,20.0,10.0
1267,G80_25T,D,271.0,675.0,c1,d1,10.0,3.0,11.0,0.0,2.0,12.0,10.0,0.0,30.0,3.0,10.0,0.0,4.0,15.0,10.0,0.0,15.0,0.0,71.0,88.0,16.0,15.0,16.0,20.0
1268,G80_25T,E,161.0,675.0,c1,d1,10.0,3.0,11.0,0.0,16.0,11.0,22.0,0.0,0.0,3.0,10.0,0.0,0.0,15.0,10.0,15.0,15.0,0.0,80.0,100.0,0.0,0.0,0.0,10.0
1269,G80_25T,D,270.0,675.0,c1,d1,10.0,20.0,7.0,0.0,0.0,3.0,10.0,0.0,30.0,3.0,10.0,0.0,8.0,15.0,10.0,0.0,15.0,0.0,64.0,62.0,37.0,3.0,3.0,10.0
1270,G80_25T,D,297.0,675.0,c1,d1,10.0,3.0,11.0,0.0,11.0,11.0,22.0,0.0,30.0,3.0,10.0,20.0,16.0,15.0,7.0,15.0,15.0,0.0,76.0,92.0,0.0,0.0,0.0,20.0
1271,G80_25T,B,518.0,675.0,c1,d1,10.0,25.0,15.0,30.0,20.0,20.0,40.0,0.0,30.0,3.0,10.0,20.0,20.0,15.0,10.0,15.0,15.0,0.0,68.0,27.0,55.0,20.0,30.0,20.0
1272,G80_25T,D,375.0,675.0,c1,d1,10.0,25.0,11.0,30.0,10.0,11.0,0.0,0.0,30.0,3.0,10.0,20.0,0.0,15.0,7.0,15.0,15.0,0.0,43.0,48.0,48.0,7.0,7.0,10.0
1274,G80_25T,D,131.0,675.0,c1,d1,10.0,0.0,0.0,0.0,5.0,8.0,0.0,0.0,0.0,0.0,0.0,0.0,0.0,0.0,10.0,15.0,15.0,0.0,19.0,23.0,56.0,0.0,0.0,20.0
1276,G80_25T,D,133.0,675.0,c1,d1,10.0,0.0,0.0,0.0,3.0,9.0,0.0,0.0,0.0,0.0,0.0,0.0,0.0,0.0,10.0,0.0,15.0,10.0,18.0,27.0,61.0,0.0,0.0,20.0
1277,G80_25T,D,268.0,675.0,c1,d1,10.0,0.0,0.0,0.0,16.0,12.0,0.0,0.0,0.0,0.0,0.0,0.0,0.0,0.0,7.0,15.0,15.0,10.0,70.0,67.0,41.0,17.0,18.0,20.0
1278,G80_25T,D,163.0,675.0,c1,d1,10.0,0.0,0.0,0.0,15.0,3.0,0.0,0.0,0.0,0.0,0.0,0.0,0.0,0.0,10.0,15.0,15.0,0.0,41.0,18.0,56.0,5.0,5.0,20.0
1283,G80_25T,D,229.0,675.0,c1,d1,10.0,0.0,0.0,0.0,17.0,12.0,0.0,0.0,0.0,0.0,0.0,0.0,0.0,0.0,10.0,15.0,15.0,0.0,80.0,100.0,0.0,0.0,0.0,20.0
1284,G80_25T,D,337.0,675.0,c1,d1,10.0,25.0,11.0,30.0,5.0,8.0,0.0,0.0,30.0,3.0,10.0,20.0,12.0,15.0,10.0,15.0,15.0,0.0,19.0,23.0,56.0,0.0,0.0,20.0
1286,G80_25T,D,324.0,675.0,c1,d1,10.0,22.0,11.0,30.0,3.0,9.0,0.0,0.0,30.0,3.0,10.0,12.0,8.0,15.0,10.0,0.0,15.0,10.0,18.0,27.0,61.0,0.0,0.0,20.0
1287,G80_25T,D,371.0,675.0,c1,d1,10.0,25.0,3.0,30.0,15.0,3.0,10.0,0.0,30.0,3.0,10.0,20.0,12.0,15.0,10.0,15.0,15.0,0.0,41.0,18.0,56.0,5.0,5.0,20.0
1288,G80_25T,C,476.0,675.0,c1,d1,10.0,25.0,15.0,30.0,16.0,12.0,10.0,0.0,30.0,3.0,10.0,12.0,8.0,15.0,7.0,15.0,15.0,10.0,70.0,67.0,41.0,17.0,18.0,20.0
1290,G80_25T,D,139.0,675.0,c1,d1,0.0,0.0,0.0,0.0,5.0,11.0,0.0,0.0,0.0,0.0,0.0,0.0,0.0,0.0,10.0,15.0,15.0,10.0,43.0,59.0,11.0,0.0,0.0,10.0
1291,G80_25T,E,235.0,675.0,c1,d1,0.0,3.0,15.0,0.0,0.0,25.0,40.0,0.0,0.0,0.0,0.0,0.0,20.0,15.0,10.0,15.0,15.0,0.0,80.0,0.0,27.0,20.0,30.0,10.0
1293,G80_25T,D,202.0,675.0,c1,d1,10.0,0.0,0.0,0.0,8.0,11.0,0.0,0.0,0.0,0.0,0.0,0.0,0.0,0.0,10.0,15.0,15.0,0.0,71.0,89.0,3.0,0.0,0.0,20.0
1294,G80_25T,E,205.0,675.0,c1,d1,10.0,0.0,0.0,0.0,8.0,12.0,0.0,0.0,0.0,0.0,0.0,0.0,0.0,0.0,10.0,15.0,15.0,0.0,39.0,37.0,56.0,16.0,17.0,20.0
1295,G80_25T,D,202.0,675.0,c1,d1,10.0,0.0,0.0,0.0,19.0,12.0,0.0,0.0,0.0,0.0,0.0,0.0,0.0,0.0,7.0,15.0,15.0,0.0,33.0,6.0,56.0,19.0,20.0,40.0
1296,G80_25T,D,259.0,675.0,c1,d1,10.0,0.0,0.0,0.0,7.0,22.0,0.0,0.0,0.0,0.0,0.0,0.0,0.0,0.0,10.0,15.0,15.0,0.0,50.0,50.0,60.0,20.0,30.0,20.0
1298,G80_25T,D,256.0,675.0,c1,d1,10.0,0.0,0.0,0.0,8.0,19.0,0.0,0.0,0.0,0.0,0.0,0.0,0.0,0.0,10.0,15.0,15.0,0.0,43.0,50.0,66.0,20.0,30.0,20.0
1302,G80_25T,D,341.0,675.0,c1,d1,10.0,3.0,11.0,0.0,17.0,12.0,40.0,0.0,30.0,3.0,10.0,20.0,20.0,15.0,10.0,15.0,15.0,0.0,80.0,100.0,0.0,0.0,0.0,20.0
1303,G80_25T,D,220.0,675.0,c1,d1,10.0,0.0,0.0,0.0,0.0,12.0,0.0,0.0,0.0,0.0,0.0,0.0,0.0,0.0,10.0,0.0,15.0,0.0,41.0,57.0,54.0,15.0,16.0,40.0
1304,G80_EV,D,155.0,675.0,c1,d1,10.0,0.0,0.0,0.0,17.0,17.0,0.0,0.0,0.0,0.0,0.0,0.0,0.0,0.0,10.0,15.0,15.0,0.0,43.0,11.0,24.0,3.0,30.0,10.0
1306,G80_25T,D,208.0,675.0,c1,d1,10.0,0.0,0.0,0.0,17.0,3.0,0.0,0.0,0.0,0.0,0.0,0.0,0.0,0.0,7.0,0.0,15.0,10.0,67.0,60.0,31.0,9.0,9.0,20.0
1307,G80_25T,D,236.0,675.0,c1,d1,10.0,0.0,0.0,0.0,3.0,20.0,0.0,0.0,0.0,0.0,0.0,0.0,0.0,0.0,10.0,0.0,15.0,0.0,57.0,74.0,29.0,20.0,28.0,20.0
1310,G80_25T,E,454.0,675.0,c1,d1,10.0,24.0,7.0,30.0,8.0,12.0,40.0,0.0,30.0,3.0,10.0,20.0,20.0,15.0,10.0,15.0,15.0,0.0,39.0,37.0,56.0,16.0,17.0,20.0
1311,G80_25T,C,451.0,675.0,c1,d1,10.0,25.0,15.0,30.0,11.0,12.0,40.0,0.0,30.0,3.0,10.0,20.0,20.0,15.0,10.0,15.0,15.0,10.0,50.0,48.0,15.0,18.0,19.0,10.0
1312,G80_25T,D,314.0,675.0,c1,d1,10.0,3.0,11.0,0.0,8.0,11.0,40.0,0.0,30.0,3.0,10.0,20.0,20.0,15.0,10.0,15.0,15.0,0.0,71.0,89.0,3.0,0.0,0.0,20.0
1313,G80_25T,B,506.0,675.0,c1,d1,10.0,25.0,7.0,30.0,5.0,17.0,40.0,0.0,30.0,3.0,10.0,20.0,20.0,15.0,10.0,15.0,15.0,0.0,47.0,61.0,66.0,20.0,30.0,10.0
1314,G80_25T,D,304.0,675.0,c1,d1,10.0,7.0,7.0,30.0,16.0,9.0,40.0,0.0,30.0,3.0,10.0,20.0,20.0,15.0,10.0,15.0,15.0,10.0,1.0,0.0,66.0,0.0,0.0,10.0
1315,G80_25T,C,468.0,675.0,c1,d1,10.0,25.0,15.0,30.0,20.0,20.0,40.0,0.0,30.0,3.0,10.0,20.0,20.0,15.0,10.0,15.0,15.0,10.0,48.0,22.0,31.0,20.0,29.0,10.0
1317,G80_25T,C,428.0,675.0,c1,d1,10.0,24.0,7.0,30.0,13.0,12.0,40.0,0.0,30.0,3.0,10.0,20.0,20.0,15.0,10.0,15.0,15.0,10.0,46.0,36.0,21.0,15.0,16.0,10.0
1318,G80_25T,B,517.0,675.0,c1,d1,10.0,25.0,15.0,30.0,7.0,22.0,40.0,0.0,30.0,3.0,10.0,20.0,20.0,15.0,10.0,15.0,15.0,0.0,50.0,50.0,60.0,20.0,30.0,20.0
1319,G80_25T,D,264.0,675.0,c1,d1,10.0,3.0,15.0,0.0,19.0,12.0,10.0,0.0,30.0,3.0,10.0,12.0,4.0,15.0,7.0,15.0,15.0,0.0,33.0,6.0,56.0,19.0,20.0,40.0
1320,G80_25T,D,312.0,675.0,c1,d1,10.0,25.0,11.0,0.0,2.0,11.0,0.0,0.0,30.0,3.0,10.0,12.0,4.0,15.0,10.0,0.0,15.0,0.0,64.0,86.0,30.0,7.0,7.0,10.0
1321,G80_25T,C,450.0,675.0,c1,d1,10.0,25.0,15.0,30.0,20.0,20.0,22.0,0.0,30.0,3.0,10.0,0.0,4.0,15.0,10.0,15.0,15.0,10.0,56.0,32.0,51.0,20.0,27.0,10.0
1322,G80_25T,B,514.0,675.0,c1,d1,10.0,25.0,15.0,30.0,8.0,19.0,40.0,0.0,30.0,3.0,10.0,20.0,20.0,15.0,10.0,15.0,15.0,0.0,43.0,50.0,66.0,20.0,30.0,20.0
1323,G80_EV,D,197.0,675.0,c1,d1,10.0,0.0,0.0,0.0,14.0,17.0,0.0,0.0,0.0,0.0,0.0,0.0,0.0,0.0,7.0,15.0,15.0,0.0,64.0,53.0,12.0,0.0,30.0,10.0
1324,G80_25T,D,336.0,675.0,c1,d1,10.0,3.0,15.0,0.0,0.0,12.0,40.0,0.0,30.0,3.0,10.0,20.0,20.0,15.0,10.0,0.0,15.0,0.0,41.0,57.0,54.0,15.0,16.0,40.0
1326,G80_25T,B,494.0,675.0,c1,d1,10.0,25.0,15.0,30.0,3.0,20.0,40.0,0.0,30.0,3.0,10.0,20.0,20.0,15.0,10.0,0.0,15.0,0.0,57.0,74.0,29.0,20.0,28.0,20.0
1327,G80_25T,D,252.0,675.0,c1,d1,10.0,3.0,15.0,0.0,17.0,3.0,0.0,0.0,30.0,3.0,10.0,0.0,8.0,15.0,7.0,0.0,15.0,10.0,67.0,60.0,31.0,9.0,9.0,20.0
1328,G80_25T,D,283.0,675.0,c1,d1,10.0,0.0,0.0,0.0,11.0,16.0,0.0,0.0,0.0,0.0,0.0,0.0,0.0,0.0,10.0,15.0,15.0,0.0,67.0,49.0,70.0,20.0,30.0,20.0
1329,G80_25T,D,177.0,675.0,c1,d1,10.0,0.0,0.0,0.0,9.0,9.0,0.0,0.0,0.0,0.0,0.0,0.0,0.0,0.0,7.0,0.0,15.0,0.0,44.0,55.0,58.0,0.0,0.0,20.0
1330,G80_25T,D,196.0,675.0,c1,d1,10.0,0.0,0.0,0.0,8.0,14.0,0.0,0.0,0.0,0.0,0.0,0.0,0.0,0.0,10.0,15.0,15.0,0.0,45.0,43.0,26.0,19.0,21.0,20.0
1331,G80_25T,D,188.0,675.0,c1,d1,10.0,0.0,0.0,0.0,6.0,11.0,0.0,0.0,0.0,0.0,0.0,0.0,0.0,0.0,7.0,15.0,15.0,0.0,47.0,60.0,29.0,9.0,9.0,20.0
1332,G80_25T,D,155.0,675.0,c1,d1,10.0,0.0,0.0,0.0,8.0,3.0,0.0,0.0,0.0,0.0,0.0,0.0,0.0,0.0,3.0,0.0,15.0,0.0,52.0,56.0,38.0,0.0,0.0,20.0
1333,G80_25T,D,298.0,675.0,c1,d1,10.0,3.0,7.0,0.0,16.0,12.0,40.0,0.0,30.0,3.0,10.0,20.0,20.0,15.0,7.0,15.0,15.0,10.0,54.0,43.0,16.0,16.0,16.0,10.0
1334,G80_25T,D,222.0,675.0,c1,d1,10.0,3.0,3.0,0.0,11.0,5.0,40.0,0.0,30.0,3.0,10.0,20.0,20.0,15.0,10.0,15.0,15.0,10.0,24.0,15.0,47.0,17.0,19.0,0.0
1335,G80_EV,D,388.0,675.0,c1,d1,10.0,8.0,11.0,30.0,14.0,17.0,22.0,0.0,30.0,3.0,10.0,0.0,12.0,15.0,7.0,15.0,15.0,0.0,64.0,53.0,12.0,0.0,30.0,10.0
1336,G80_25T,D,165.0,675.0,c1,d1,10.0,0.0,0.0,0.0,0.0,2.0,0.0,0.0,0.0,0.0,0.0,0.0,0.0,0.0,7.0,0.0,15.0,0.0,44.0,60.0,57.0,0.0,0.0,20.0
1337,G80_25T,D,218.0,675.0,c1,d1,10.0,0.0,0.0,0.0,14.0,11.0,0.0,0.0,0.0,0.0,0.0,0.0,0.0,0.0,10.0,15.0,15.0,0.0,50.0,51.0,52.0,10.0,10.0,20.0
1338,G80_EV,D,235.0,675.0,c1,d1,10.0,0.0,0.0,0.0,14.0,8.0,0.0,0.0,0.0,0.0,0.0,0.0,0.0,0.0,10.0,15.0,15.0,0.0,72.0,42.0,39.0,20.0,30.0,10.0
1340,G80_25T,E,352.0,675.0,c1,d1,0.0,25.0,15.0,0.0,14.0,23.0,40.0,0.0,0.0,0.0,0.0,0.0,20.0,15.0,10.0,15.0,15.0,0.0,80.0,0.0,70.0,20.0,30.0,10.0
1341,G80_25T,B,485.0,675.0,c1,d1,10.0,25.0,15.0,30.0,11.0,16.0,0.0,0.0,30.0,3.0,10.0,20.0,4.0,15.0,10.0,15.0,15.0,0.0,67.0,49.0,70.0,20.0,30.0,20.0
1342,G80_25T,D,231.0,675.0,c1,d1,0.0,3.0,15.0,0.0,0.0,11.0,40.0,0.0,0.0,0.0,0.0,0.0,20.0,15.0,10.0,0.0,15.0,0.0,48.0,70.0,42.0,11.0,11.0,10.0
1343,G80_25T,D,225.0,675.0,c1,d1,10.0,3.0,11.0,0.0,9.0,9.0,0.0,0.0,30.0,3.0,10.0,12.0,4.0,15.0,7.0,0.0,15.0,0.0,44.0,55.0,58.0,0.0,0.0,20.0
1344,G80_25T,D,252.0,675.0,c1,d1,10.0,3.0,11.0,0.0,8.0,14.0,0.0,0.0,30.0,3.0,10.0,20.0,4.0,15.0,10.0,15.0,15.0,0.0,45.0,43.0,26.0,19.0,21.0,20.0
1345,G80_25T,D,214.0,675.0,c1,d1,10.0,0.0,0.0,0.0,6.0,12.0,0.0,0.0,0.0,0.0,0.0,0.0,0.0,0.0,10.0,15.0,15.0,0.0,80.0,96.0,0.0,0.0,0.0,20.0
1347,G80_25T,D,161.0,675.0,c1,d1,10.0,0.0,0.0,0.0,3.0,3.0,0.0,0.0,0.0,0.0,0.0,0.0,0.0,0.0,10.0,15.0,15.0,0.0,36.0,41.0,34.0,12.0,12.0,20.0
1348,G80_EV,D,287.0,675.0,c1,d1,10.0,0.0,0.0,0.0,13.0,25.0,0.0,0.0,0.0,0.0,0.0,0.0,0.0,0.0,10.0,15.0,15.0,0.0,80.0,93.0,19.0,17.0,30.0,10.0
1349,G80_25T,D,185.0,675.0,c1,d1,10.0,0.0,0.0,0.0,2.0,2.0,0.0,0.0,0.0,0.0,0.0,0.0,0.0,0.0,10.0,0.0,15.0,0.0,76.0,100.0,0.0,0.0,0.0,20.0
1350,G80_25T,D,266.0,675.0,c1,d1,10.0,3.0,11.0,0.0,8.0,11.0,10.0,0.0,30.0,3.0,10.0,0.0,8.0,15.0,7.0,15.0,15.0,10.0,80.0,100.0,0.0,0.0,0.0,10.0
1351,G80_25T,C,411.0,675.0,c1,d1,10.0,25.0,11.0,30.0,0.0,2.0,40.0,0.0,30.0,3.0,10.0,12.0,20.0,15.0,7.0,0.0,15.0,0.0,44.0,60.0,57.0,0.0,0.0,20.0
1352,G80_EV,D,351.0,675.0,c1,d1,10.0,3.0,15.0,0.0,14.0,8.0,40.0,0.0,30.0,3.0,10.0,20.0,20.0,15.0,10.0,15.0,15.0,0.0,72.0,42.0,39.0,20.0,30.0,10.0
1355,G80_25T,D,334.0,675.0,c1,d1,10.0,3.0,15.0,0.0,14.0,11.0,40.0,0.0,30.0,3.0,10.0,20.0,20.0,15.0,10.0,15.0,15.0,0.0,50.0,51.0,52.0,10.0,10.0,20.0
1356,G80_25T,C,484.0,675.0,c1,d1,10.0,25.0,15.0,30.0,20.0,20.0,40.0,0.0,30.0,0.0,10.0,20.0,20.0,15.0,10.0,15.0,15.0,10.0,70.0,31.0,38.0,20.0,30.0,10.0
1359,G80_25T,D,227.0,675.0,c1,d1,10.0,3.0,15.0,0.0,10.0,11.0,40.0,0.0,30.0,3.0,10.0,12.0,20.0,15.0,10.0,15.0,15.0,0.0,9.0,2.0,59.0,9.0,9.0,10.0
1360,G80_25T,D,217.0,675.0,c1,d1,10.0,3.0,11.0,0.0,3.0,3.0,0.0,0.0,30.0,3.0,10.0,20.0,4.0,15.0,10.0,15.0,15.0,0.0,36.0,41.0,34.0,12.0,12.0,20.0
1361,G80_25T,D,302.0,675.0,c1,d1,10.0,3.0,7.0,0.0,6.0,12.0,40.0,0.0,30.0,3.0,10.0,0.0,20.0,15.0,10.0,15.0,15.0,0.0,80.0,96.0,0.0,0.0,0.0,20.0
1362,G80_25T,D,176.0,675.0,c1,d1,10.0,3.0,3.0,0.0,12.0,2.0,0.0,0.0,30.0,3.0,10.0,0.0,4.0,15.0,10.0,15.0,15.0,0.0,60.0,64.0,0.0,0.0,0.0,10.0
1364,G80_25T,D,227.0,675.0,c1,d1,10.0,3.0,7.0,0.0,2.0,2.0,10.0,0.0,30.0,3.0,10.0,0.0,4.0,15.0,10.0,0.0,15.0,0.0,76.0,100.0,0.0,0.0,0.0,20.0
1365,G80_25T,B,497.0,675.0,c1,d1,10.0,25.0,11.0,30.0,16.0,20.0,40.0,0.0,30.0,3.0,10.0,20.0,20.0,15.0,10.0,15.0,15.0,0.0,50.0,48.0,50.0,20.0,29.0,10.0
1366,G80_EV,E,409.0,675.0,c1,d1,10.0,25.0,11.0,30.0,13.0,25.0,0.0,0.0,18.0,3.0,10.0,0.0,0.0,15.0,10.0,15.0,15.0,0.0,80.0,93.0,19.0,17.0,30.0,10.0
1367,G80_25T,D,236.0,675.0,c1,d1,10.0,0.0,0.0,0.0,13.0,5.0,0.0,0.0,0.0,0.0,0.0,0.0,0.0,0.0,10.0,15.0,15.0,0.0,64.0,67.0,32.0,17.0,18.0,20.0
1368,G80_25T,D,175.0,675.0,c1,d1,10.0,0.0,0.0,0.0,11.0,11.0,0.0,0.0,0.0,0.0,0.0,0.0,0.0,0.0,7.0,15.0,15.0,10.0,21.0,11.0,70.0,12.0,12.0,20.0
1369,G80_25T,D,226.0,675.0,c1,d1,10.0,0.0,0.0,0.0,14.0,12.0,0.0,0.0,0.0,0.0,0.0,0.0,0.0,0.0,7.0,15.0,15.0,0.0,50.0,39.0,61.0,16.0,17.0,20.0
1370,G80_25T,D,215.0,675.0,c1,d1,10.0,0.0,0.0,0.0,16.0,14.0,0.0,0.0,0.0,0.0,0.0,0.0,0.0,0.0,10.0,0.0,15.0,10.0,62.0,8.0,57.0,20.0,23.0,20.0
1371,G80_25T,D,221.0,675.0,c1,d1,10.0,0.0,0.0,0.0,15.0,12.0,0.0,0.0,0.0,0.0,0.0,0.0,0.0,0.0,10.0,15.0,15.0,0.0,67.0,64.0,12.0,15.0,16.0,20.0
1373,G80_25T,C,466.0,675.0,c1,d1,10.0,25.0,15.0,30.0,20.0,16.0,40.0,0.0,30.0,3.0,10.0,20.0,20.0,15.0,10.0,15.0,15.0,10.0,47.0,33.0,23.0,20.0,29.0,10.0
1375,G80_25T,D,216.0,675.0,c1,d1,10.0,0.0,0.0,0.0,13.0,11.0,0.0,0.0,0.0,0.0,0.0,0.0,0.0,0.0,10.0,15.0,15.0,0.0,78.0,94.0,0.0,0.0,0.0,20.0
1376,G80_25T,D,195.0,675.0,c1,d1,10.0,0.0,0.0,0.0,6.0,11.0,0.0,0.0,0.0,0.0,0.0,0.0,0.0,0.0,10.0,0.0,15.0,0.0,75.0,98.0,0.0,0.0,0.0,20.0
1377,G80_25T,D,240.0,675.0,c1,d1,10.0,0.0,0.0,0.0,16.0,20.0,0.0,0.0,0.0,0.0,0.0,0.0,0.0,0.0,10.0,15.0,15.0,10.0,51.0,13.0,70.0,20.0,30.0,10.0
1378,G80_25T,C,459.0,675.0,c1,d1,10.0,24.0,11.0,30.0,13.0,5.0,22.0,0.0,30.0,3.0,10.0,20.0,8.0,15.0,10.0,15.0,15.0,0.0,64.0,67.0,32.0,17.0,18.0,20.0
1380,G80_25T,D,218.0,675.0,c1,d1,0.0,0.0,0.0,0.0,8.0,11.0,0.0,0.0,0.0,0.0,0.0,0.0,0.0,0.0,7.0,0.0,15.0,0.0,80.0,100.0,7.0,0.0,0.0,40.0
1381,G80_25T,D,249.0,675.0,c1,d1,10.0,3.0,15.0,0.0,15.0,2.0,22.0,0.0,30.0,3.0,10.0,20.0,20.0,15.0,10.0,15.0,15.0,10.0,54.0,49.0,11.0,0.0,0.0,10.0
1382,G80_25T,D,353.0,675.0,c1,d1,10.0,25.0,11.0,30.0,11.0,11.0,0.0,0.0,30.0,3.0,10.0,0.0,4.0,15.0,7.0,15.0,15.0,10.0,21.0,11.0,70.0,12.0,12.0,20.0
1383,G80_25T,C,469.0,675.0,c1,d1,10.0,25.0,11.0,30.0,16.0,14.0,40.0,0.0,30.0,3.0,10.0,20.0,20.0,15.0,10.0,0.0,15.0,10.0,62.0,8.0,57.0,20.0,23.0,20.0
1384,G80_25T,E,433.0,675.0,c1,d1,10.0,25.0,15.0,30.0,20.0,23.0,0.0,0.0,18.0,3.0,10.0,0.0,20.0,15.0,10.0,15.0,15.0,10.0,75.0,32.0,67.0,20.0,30.0,10.0
1385,G80_25T,E,135.0,675.0,c1,d1,10.0,3.0,11.0,0.0,15.0,11.0,0.0,0.0,0.0,3.0,10.0,0.0,0.0,15.0,10.0,15.0,15.0,10.0,80.0,87.0,0.0,0.0,0.0,10.0
1386,G80_25T,E,125.0,675.0,c1,d1,10.0,3.0,3.0,0.0,8.0,9.0,22.0,0.0,0.0,3.0,10.0,0.0,4.0,15.0,7.0,15.0,15.0,0.0,69.0,92.0,0.0,0.0,0.0,10.0
1387,G80_25T,D,412.0,675.0,c1,d1,10.0,12.0,11.0,30.0,15.0,12.0,22.0,0.0,30.0,3.0,10.0,0.0,8.0,15.0,10.0,15.0,15.0,0.0,67.0,64.0,12.0,15.0,16.0,20.0
1388,G80_25T,C,454.0,675.0,c1,d1,10.0,25.0,11.0,30.0,14.0,12.0,22.0,0.0,30.0,3.0,10.0,12.0,20.0,15.0,7.0,15.0,15.0,0.0,50.0,39.0,61.0,16.0,17.0,20.0
1389,G80_25T,D,343.0,675.0,c1,d1,10.0,25.0,7.0,30.0,15.0,11.0,22.0,0.0,30.0,3.0,10.0,0.0,4.0,15.0,10.0,15.0,15.0,10.0,18.0,0.0,65.0,9.0,9.0,10.0
1390,G80_25T,D,307.0,675.0,c1,d1,10.0,3.0,11.0,0.0,6.0,11.0,40.0,0.0,30.0,3.0,10.0,20.0,20.0,15.0,10.0,0.0,15.0,0.0,75.0,98.0,0.0,0.0,0.0,20.0
1391,G80_25T,D,251.0,675.0,c1,d1,10.0,3.0,11.0,0.0,0.0,9.0,22.0,0.0,30.0,3.0,10.0,20.0,8.0,15.0,10.0,0.0,15.0,0.0,62.0,93.0,0.0,0.0,0.0,20.0
1392,G80_25T,D,328.0,675.0,c1,d1,10.0,3.0,11.0,0.0,13.0,11.0,40.0,0.0,30.0,3.0,10.0,20.0,20.0,15.0,10.0,15.0,15.0,0.0,78.0,94.0,0.0,0.0,0.0,20.0
1393,G80_EV,D,253.0,675.0,c1,d1,10.0,0.0,0.0,0.0,13.0,25.0,0.0,0.0,0.0,0.0,0.0,0.0,0.0,0.0,10.0,15.0,15.0,0.0,55.0,50.0,53.0,17.0,30.0,10.0
1394,G80_EV,E,203.0,675.0,c1,d1,10.0,0.0,0.0,0.0,10.0,25.0,0.0,0.0,0.0,0.0,0.0,0.0,0.0,0.0,10.0,15.0,15.0,0.0,63.0,62.0,1.0,2.0,30.0,10.0
1395,G80_25T,D,272.0,675.0,c1,d1,10.0,0.0,0.0,0.0,5.0,22.0,0.0,0.0,0.0,0.0,0.0,0.0,0.0,0.0,10.0,15.0,15.0,0.0,65.0,61.0,49.0,20.0,30.0,20.0
1397,G80_25T,D,229.0,675.0,c1,d1,10.0,0.0,0.0,0.0,10.0,12.0,0.0,0.0,0.0,0.0,0.0,0.0,0.0,0.0,10.0,15.0,15.0,0.0,64.0,68.0,22.0,16.0,17.0,20.0
1398,G80_25T,D,175.0,675.0,c1,d1,10.0,0.0,0.0,0.0,2.0,11.0,0.0,0.0,0.0,0.0,0.0,0.0,0.0,0.0,10.0,0.0,15.0,0.0,42.0,60.0,45.0,5.0,5.0,20.0
1399,G80_25T,E,397.0,675.0,c1,d1,0.0,25.0,15.0,10.0,0.0,22.0,40.0,0.0,0.0,0.0,0.0,0.0,20.0,15.0,10.0,15.0,15.0,0.0,80.0,0.0,70.0,20.0,30.0,10.0
1400,G80_25T,D,256.0,675.0,c1,d1,10.0,3.0,15.0,0.0,3.0,3.0,10.0,0.0,30.0,3.0,10.0,20.0,12.0,15.0,7.0,15.0,15.0,0.0,41.0,50.0,52.0,11.0,11.0,10.0
1401,G80_25T,B,498.0,675.0,c1,d1,10.0,25.0,15.0,30.0,16.0,20.0,40.0,0.0,30.0,3.0,10.0,20.0,20.0,15.0,10.0,15.0,15.0,10.0,51.0,13.0,70.0,20.0,30.0,10.0
1403,G80_25T,E,147.0,675.0,c1,d1,10.0,3.0,3.0,0.0,6.0,11.0,22.0,0.0,18.0,3.0,10.0,20.0,4.0,15.0,10.0,15.0,15.0,10.0,26.0,32.0,34.0,0.0,0.0,10.0
1404,G80_25T,D,209.0,675.0,c1,d1,10.0,3.0,3.0,0.0,13.0,11.0,22.0,0.0,30.0,3.0,10.0,0.0,0.0,15.0,10.0,15.0,15.0,10.0,56.0,32.0,27.0,2.0,2.0,10.0
1408,G80_25T,D,292.0,675.0,c1,d1,10.0,3.0,7.0,0.0,11.0,11.0,40.0,0.0,30.0,3.0,10.0,12.0,20.0,15.0,10.0,15.0,15.0,10.0,49.0,54.0,19.0,9.0,9.0,20.0
1411,G80_25T,D,302.0,675.0,c1,d1,10.0,0.0,0.0,0.0,0.0,20.0,0.0,0.0,0.0,0.0,0.0,0.0,0.0,0.0,10.0,0.0,15.0,0.0,79.0,78.0,70.0,20.0,30.0,20.0
1412,G80_25T,D,219.0,675.0,c1,d1,0.0,3.0,15.0,0.0,8.0,11.0,0.0,0.0,0.0,0.0,0.0,0.0,8.0,15.0,7.0,0.0,15.0,0.0,80.0,100.0,7.0,0.0,0.0,40.0
1413,G80_25T,B,490.0,675.0,c1,d1,10.0,25.0,11.0,30.0,9.0,14.0,22.0,0.0,30.0,3.0,10.0,20.0,16.0,15.0,10.0,15.0,15.0,0.0,67.0,72.0,46.0,19.0,21.0,10.0
1414,G80_25T,D,184.0,675.0,c1,d1,10.0,0.0,0.0,0.0,7.0,3.0,0.0,0.0,0.0,0.0,0.0,0.0,0.0,0.0,7.0,15.0,15.0,0.0,68.0,77.0,12.0,0.0,0.0,20.0
1415,G80_25T,D,171.0,675.0,c1,d1,10.0,0.0,0.0,0.0,11.0,11.0,0.0,0.0,0.0,0.0,0.0,0.0,0.0,0.0,10.0,15.0,15.0,10.0,34.0,33.0,52.0,0.0,0.0,20.0
1417,G80_25T,C,459.0,675.0,c1,d1,10.0,15.0,11.0,30.0,10.0,14.0,40.0,0.0,30.0,3.0,10.0,20.0,20.0,15.0,10.0,15.0,15.0,0.0,56.0,11.0,70.0,20.0,24.0,10.0
1418,G80_25T,D,251.0,675.0,c1,d1,10.0,0.0,0.0,0.0,3.0,20.0,0.0,0.0,0.0,0.0,0.0,0.0,0.0,0.0,10.0,0.0,15.0,0.0,74.0,92.0,8.0,20.0,29.0,20.0
1420,G80_25T,B,526.0,675.0,c1,d1,10.0,25.0,11.0,30.0,5.0,22.0,40.0,0.0,30.0,3.0,10.0,20.0,20.0,15.0,10.0,15.0,15.0,0.0,65.0,61.0,49.0,20.0,30.0,20.0
1421,G80_EV,E,481.0,675.0,c1,d1,10.0,25.0,11.0,30.0,10.0,25.0,40.0,0.0,30.0,3.0,10.0,20.0,20.0,15.0,10.0,15.0,15.0,0.0,63.0,62.0,25.0,2.0,30.0,10.0
1422,G80_EV,B,485.0,675.0,c1,d1,10.0,25.0,15.0,30.0,13.0,25.0,22.0,0.0,30.0,3.0,10.0,20.0,12.0,15.0,10.0,15.0,15.0,0.0,55.0,50.0,53.0,17.0,30.0,10.0
1426,G80_25T,D,253.0,675.0,c1,d1,10.0,3.0,7.0,0.0,2.0,11.0,22.0,0.0,30.0,3.0,10.0,20.0,8.0,15.0,10.0,0.0,15.0,0.0,42.0,60.0,45.0,5.0,5.0,20.0
1427,G80_25T,A,560.0,675.0,c1,d1,10.0,25.0,15.0,30.0,0.0,20.0,40.0,0.0,30.0,3.0,10.0,20.0,20.0,15.0,10.0,0.0,15.0,0.0,79.0,78.0,70.0,20.0,30.0,20.0
1428,G80_25T,D,121.0,675.0,c1,d1,0.0,0.0,0.0,0.0,0.0,2.0,0.0,0.0,0.0,0.0,0.0,0.0,0.0,0.0,10.0,0.0,15.0,0.0,38.0,54.0,32.0,0.0,0.0,20.0
1429,G80_25T,D,288.0,675.0,c1,d1,10.0,3.0,3.0,0.0,7.0,3.0,40.0,0.0,30.0,3.0,10.0,20.0,20.0,15.0,7.0,15.0,15.0,0.0,68.0,77.0,12.0,0.0,0.0,20.0
1430,G80_25T,D,366.0,675.0,c1,d1,10.0,22.0,15.0,30.0,11.0,11.0,0.0,0.0,30.0,3.0,10.0,20.0,0.0,15.0,10.0,15.0,15.0,10.0,34.0,33.0,52.0,0.0,0.0,20.0
1433,G80_25T,D,218.0,675.0,c1,d1,10.0,0.0,0.0,0.0,8.0,11.0,0.0,0.0,0.0,0.0,0.0,0.0,0.0,0.0,10.0,15.0,15.0,0.0,71.0,88.0,0.0,0.0,0.0,40.0
1434,G80_25T,E,332.0,675.0,c1,d1,0.0,25.0,15.0,0.0,0.0,17.0,40.0,0.0,0.0,0.0,0.0,0.0,20.0,15.0,10.0,15.0,15.0,0.0,80.0,0.0,70.0,20.0,30.0,10.0
1435,G80_25T,E,214.0,675.0,c1,d1,10.0,3.0,15.0,0.0,11.0,9.0,0.0,0.0,30.0,0.0,10.0,20.0,0.0,15.0,3.0,15.0,15.0,0.0,54.0,66.0,38.0,0.0,0.0,10.0
1436,G80_25T,D,372.0,675.0,c1,d1,10.0,3.0,15.0,0.0,16.0,20.0,40.0,0.0,30.0,0.0,10.0,20.0,20.0,15.0,7.0,15.0,15.0,0.0,78.0,80.0,31.0,20.0,27.0,10.0
1437,G80_25T,C,464.0,675.0,c1,d1,10.0,25.0,15.0,30.0,5.0,17.0,10.0,0.0,30.0,3.0,10.0,20.0,8.0,15.0,10.0,15.0,15.0,0.0,55.0,48.0,63.0,20.0,30.0,10.0
1438,G80_25T,D,323.0,675.0,c1,d1,10.0,3.0,11.0,0.0,3.0,20.0,0.0,0.0,30.0,3.0,10.0,20.0,20.0,15.0,10.0,0.0,15.0,0.0,74.0,92.0,8.0,20.0,29.0,20.0
1439,G80_25T,D,318.0,675.0,c1,d1,10.0,3.0,15.0,0.0,8.0,6.0,40.0,0.0,30.0,0.0,10.0,20.0,20.0,15.0,10.0,15.0,15.0,0.0,80.0,62.0,16.0,20.0,23.0,10.0
1440,G80_25T,E,285.0,675.0,c1,d1,10.0,3.0,11.0,0.0,11.0,3.0,0.0,0.0,30.0,3.0,10.0,0.0,4.0,15.0,10.0,15.0,15.0,10.0,80.0,100.0,33.0,1.0,1.0,10.0
1441,G80_25T,D,156.0,675.0,c1,d1,10.0,0.0,0.0,0.0,10.0,11.0,0.0,0.0,0.0,0.0,0.0,0.0,0.0,0.0,10.0,15.0,15.0,0.0,34.0,35.0,46.0,0.0,0.0,20.0
1442,G80_25T,D,177.0,675.0,c1,d1,0.0,3.0,11.0,0.0,0.0,2.0,0.0,0.0,30.0,3.0,10.0,20.0,4.0,15.0,10.0,0.0,15.0,0.0,38.0,54.0,32.0,0.0,0.0,20.0
1444,G80_25T,D,304.0,675.0,c1,d1,10.0,3.0,11.0,0.0,8.0,11.0,22.0,0.0,30.0,3.0,10.0,12.0,20.0,15.0,10.0,15.0,15.0,0.0,71.0,88.0,0.0,0.0,0.0,40.0
1447,G80_25T,D,324.0,675.0,c1,d1,10.0,23.0,0.0,30.0,3.0,9.0,40.0,0.0,30.0,3.0,10.0,20.0,20.0,15.0,3.0,0.0,15.0,0.0,11.0,16.0,56.0,0.0,0.0,10.0
1448,G80_25T,D,286.0,675.0,c1,d1,10.0,24.0,7.0,30.0,4.0,9.0,22.0,0.0,30.0,3.0,10.0,20.0,8.0,15.0,10.0,0.0,15.0,0.0,3.0,4.0,52.0,0.0,0.0,10.0
1449,G80_25T,D,276.0,675.0,c1,d1,10.0,0.0,0.0,0.0,15.0,20.0,0.0,0.0,0.0,0.0,0.0,0.0,0.0,0.0,3.0,15.0,15.0,0.0,80.0,73.0,25.0,20.0,30.0,20.0
1450,G80_25T,E,285.0,675.0,c1,d1,10.0,0.0,0.0,0.0,16.0,20.0,0.0,0.0,0.0,0.0,0.0,0.0,0.0,0.0,10.0,15.0,15.0,0.0,73.0,47.0,59.0,20.0,30.0,20.0
1453,G80_25T,E,355.0,675.0,c1,d1,0.0,25.0,15.0,0.0,13.0,17.0,40.0,0.0,0.0,0.0,0.0,0.0,20.0,15.0,10.0,15.0,15.0,10.0,80.0,0.0,70.0,20.0,30.0,10.0
1454,G80_25T,E,290.0,675.0,c1,d1,10.0,3.0,15.0,0.0,10.0,12.0,10.0,0.0,30.0,0.0,10.0,20.0,0.0,15.0,10.0,15.0,15.0,0.0,72.0,77.0,31.0,17.0,18.0,10.0
1455,G80_25T,E,208.0,675.0,c1,d1,10.0,3.0,3.0,0.0,8.0,3.0,22.0,0.0,18.0,3.0,10.0,20.0,4.0,15.0,10.0,0.0,15.0,0.0,64.0,71.0,29.0,10.0,10.0,10.0
1457,G80_25T,D,298.0,675.0,c1,d1,10.0,3.0,11.0,0.0,3.0,11.0,22.0,0.0,30.0,3.0,10.0,20.0,20.0,15.0,10.0,15.0,15.0,0.0,80.0,100.0,0.0,0.0,0.0,10.0
1458,G80_25T,D,277.0,675.0,c1,d1,10.0,3.0,15.0,0.0,8.0,5.0,22.0,0.0,30.0,3.0,10.0,6.0,8.0,15.0,10.0,0.0,15.0,0.0,59.0,67.0,36.0,17.0,18.0,10.0
1459,G80_25T,D,264.0,675.0,c1,d1,10.0,3.0,7.0,0.0,10.0,11.0,40.0,0.0,30.0,3.0,10.0,20.0,20.0,15.0,10.0,15.0,15.0,0.0,34.0,35.0,46.0,0.0,0.0,20.0
1462,G80_25T,D,319.0,675.0,c1,d1,10.0,25.0,7.0,30.0,12.0,9.0,0.0,0.0,30.0,3.0,10.0,20.0,8.0,15.0,10.0,15.0,15.0,10.0,20.0,10.0,50.0,0.0,0.0,10.0
1463,G80_25T,D,190.0,675.0,c1,d1,10.0,0.0,0.0,0.0,4.0,11.0,0.0,0.0,0.0,0.0,0.0,0.0,0.0,0.0,7.0,0.0,15.0,0.0,69.0,91.0,13.0,0.0,0.0,20.0
1464,G80_25T,D,198.0,675.0,c1,d1,10.0,0.0,0.0,0.0,10.0,12.0,0.0,0.0,0.0,0.0,0.0,0.0,0.0,0.0,10.0,15.0,15.0,10.0,48.0,14.0,36.0,14.0,14.0,40.0
1465,G80_25T,E,167.0,675.0,c1,d1,10.0,0.0,0.0,0.0,19.0,11.0,0.0,0.0,0.0,0.0,0.0,0.0,0.0,0.0,10.0,15.0,15.0,10.0,17.0,0.0,66.0,12.0,12.0,20.0
1466,G80_25T,E,292.0,675.0,c1,d1,10.0,3.0,15.0,0.0,8.0,12.0,22.0,0.0,30.0,3.0,10.0,20.0,20.0,15.0,10.0,15.0,15.0,0.0,80.0,0.0,46.0,18.0,20.0,10.0
1467,G80_25T,B,504.0,675.0,c1,d1,10.0,25.0,15.0,30.0,15.0,20.0,22.0,0.0,30.0,3.0,10.0,20.0,8.0,15.0,3.0,15.0,15.0,0.0,80.0,73.0,25.0,20.0,30.0,20.0
1469,G80_25T,E,543.0,675.0,c1,d1,10.0,25.0,15.0,30.0,16.0,20.0,40.0,0.0,30.0,3.0,10.0,20.0,20.0,15.0,10.0,15.0,15.0,0.0,73.0,47.0,59.0,20.0,30.0,20.0
1473,G80_25T,D,181.0,675.0,c1,d1,10.0,0.0,0.0,0.0,20.0,3.0,0.0,0.0,0.0,0.0,0.0,0.0,0.0,0.0,10.0,15.0,15.0,10.0,61.0,29.0,24.0,7.0,7.0,20.0
1474,G80_25T,D,212.0,675.0,c1,d1,10.0,0.0,0.0,0.0,8.0,6.0,0.0,0.0,0.0,0.0,0.0,0.0,0.0,0.0,10.0,0.0,15.0,0.0,65.0,73.0,15.0,19.0,21.0,20.0
1475,G80_25T,D,226.0,675.0,c1,d1,10.0,0.0,0.0,0.0,10.0,11.0,0.0,0.0,0.0,0.0,0.0,0.0,0.0,0.0,10.0,15.0,15.0,10.0,59.0,69.0,27.0,10.0,10.0,20.0
1476,G80_25T,D,144.0,675.0,c1,d1,10.0,0.0,0.0,0.0,3.0,11.0,0.0,0.0,0.0,0.0,0.0,0.0,0.0,0.0,10.0,15.0,15.0,0.0,26.0,38.0,30.0,8.0,8.0,20.0
1477,G80_25T,D,236.0,675.0,c1,d1,10.0,0.0,0.0,0.0,18.0,12.0,0.0,0.0,0.0,0.0,0.0,0.0,0.0,0.0,10.0,15.0,15.0,0.0,74.0,49.0,33.0,15.0,15.0,20.0
1478,G80_25T,D,257.0,675.0,c1,d1,10.0,0.0,0.0,0.0,18.0,22.0,0.0,0.0,0.0,0.0,0.0,0.0,0.0,0.0,10.0,15.0,15.0,0.0,61.0,31.0,55.0,20.0,30.0,20.0
1479,G80_25T,D,217.0,675.0,c1,d1,0.0,3.0,7.0,0.0,11.0,9.0,10.0,0.0,30.0,3.0,10.0,0.0,4.0,15.0,10.0,15.0,15.0,0.0,62.0,77.0,16.0,0.0,0.0,10.0
1481,G80_25T,D,250.0,675.0,c1,d1,10.0,3.0,15.0,0.0,4.0,11.0,0.0,0.0,30.0,3.0,10.0,12.0,12.0,15.0,7.0,0.0,15.0,0.0,69.0,91.0,13.0,0.0,0.0,20.0
1482,G80_25T,D,314.0,675.0,c1,d1,10.0,3.0,15.0,0.0,10.0,12.0,40.0,0.0,30.0,3.0,10.0,20.0,20.0,15.0,10.0,15.0,15.0,10.0,48.0,14.0,36.0,14.0,14.0,40.0
1483,G80_25T,E,283.0,675.0,c1,d1,10.0,3.0,15.0,0.0,19.0,11.0,40.0,0.0,30.0,3.0,10.0,20.0,20.0,15.0,10.0,15.0,15.0,10.0,17.0,0.0,66.0,12.0,12.0,20.0
1486,G80_EV,D,323.0,675.0,c1,d1,10.0,3.0,11.0,0.0,16.0,25.0,22.0,0.0,30.0,3.0,10.0,0.0,4.0,15.0,10.0,15.0,15.0,0.0,64.0,58.0,45.0,17.0,30.0,10.0
1487,G80_25T,D,161.0,675.0,c1,d1,10.0,0.0,0.0,0.0,5.0,3.0,0.0,0.0,0.0,0.0,0.0,0.0,0.0,0.0,10.0,0.0,15.0,0.0,54.0,63.0,27.0,7.0,7.0,10.0
1488,G80_25T,D,180.0,675.0,c1,d1,10.0,0.0,0.0,0.0,8.0,11.0,0.0,0.0,0.0,0.0,0.0,0.0,0.0,0.0,10.0,15.0,15.0,0.0,54.0,42.0,39.0,3.0,3.0,20.0
1490,G80_25T,D,355.0,675.0,c1,d1,10.0,25.0,11.0,30.0,20.0,3.0,0.0,0.0,30.0,3.0,10.0,0.0,0.0,15.0,10.0,15.0,15.0,10.0,61.0,29.0,24.0,7.0,7.0,20.0
1491,G80_25T,B,466.0,675.0,c1,d1,10.0,25.0,11.0,30.0,8.0,6.0,40.0,0.0,30.0,3.0,10.0,20.0,20.0,15.0,10.0,0.0,15.0,0.0,65.0,73.0,15.0,19.0,21.0,20.0
1494,G80_25T,D,127.0,675.0,c1,d1,10.0,0.0,0.0,0.0,3.0,3.0,0.0,0.0,0.0,0.0,0.0,0.0,0.0,0.0,10.0,15.0,15.0,0.0,39.0,13.0,41.0,4.0,4.0,20.0
1495,G80_25T,D,151.0,675.0,c1,d1,10.0,0.0,0.0,0.0,19.0,11.0,0.0,0.0,0.0,0.0,0.0,0.0,0.0,0.0,7.0,15.0,15.0,0.0,41.0,26.0,37.0,0.0,0.0,20.0
1496,G80_25T,D,154.0,675.0,c1,d1,10.0,0.0,0.0,0.0,10.0,11.0,0.0,0.0,0.0,0.0,0.0,0.0,0.0,0.0,10.0,0.0,15.0,10.0,28.0,22.0,52.0,8.0,8.0,20.0
1498,G80_25T,D,258.0,675.0,c1,d1,10.0,3.0,11.0,0.0,10.0,11.0,0.0,0.0,30.0,3.0,10.0,0.0,0.0,15.0,10.0,15.0,15.0,10.0,59.0,69.0,27.0,10.0,10.0,20.0
1499,G80_25T,D,215.0,675.0,c1,d1,10.0,3.0,15.0,0.0,5.0,3.0,22.0,0.0,30.0,3.0,10.0,0.0,20.0,15.0,10.0,15.0,15.0,0.0,61.0,47.0,11.0,0.0,0.0,10.0
1500,G80_25T,E,252.0,675.0,c1,d1,10.0,3.0,11.0,0.0,12.0,11.0,40.0,0.0,18.0,3.0,10.0,0.0,20.0,15.0,10.0,15.0,15.0,0.0,66.0,75.0,22.0,8.0,8.0,10.0
1501,G80_25T,D,371.0,675.0,c1,d1,10.0,0.0,0.0,30.0,18.0,12.0,0.0,0.0,30.0,3.0,10.0,12.0,0.0,0.0,10.0,15.0,15.0,0.0,74.0,49.0,33.0,15.0,15.0,20.0
1502,G80_25T,E,398.0,675.0,c1,d1,0.0,25.0,15.0,10.0,0.0,23.0,40.0,0.0,0.0,0.0,0.0,0.0,20.0,15.0,10.0,15.0,15.0,0.0,80.0,0.0,70.0,20.0,30.0,10.0
1503,G80_25T,E,186.0,675.0,c1,d1,10.0,3.0,11.0,0.0,8.0,20.0,0.0,0.0,0.0,3.0,10.0,0.0,4.0,15.0,7.0,15.0,15.0,0.0,76.0,88.0,12.0,20.0,29.0,10.0
1504,G80_25T,B,489.0,675.0,c1,d1,10.0,25.0,7.0,30.0,18.0,22.0,22.0,0.0,30.0,3.0,10.0,20.0,20.0,15.0,10.0,15.0,15.0,0.0,61.0,31.0,55.0,20.0,30.0,20.0
1505,G80_25T,B,469.0,675.0,c1,d1,10.0,25.0,15.0,30.0,8.0,16.0,40.0,0.0,30.0,3.0,10.0,20.0,20.0,15.0,10.0,0.0,15.0,0.0,32.0,43.0,68.0,20.0,29.0,10.0
1506,G80_25T,D,260.0,675.0,c1,d1,10.0,3.0,15.0,0.0,3.0,11.0,40.0,0.0,30.0,3.0,10.0,20.0,20.0,15.0,10.0,15.0,15.0,0.0,26.0,38.0,30.0,8.0,8.0,20.0
1507,G80_25T,D,217.0,675.0,c1,d1,10.0,3.0,7.0,0.0,5.0,3.0,0.0,0.0,30.0,3.0,10.0,20.0,8.0,15.0,10.0,0.0,15.0,0.0,54.0,63.0,27.0,7.0,7.0,10.0
1508,G80_25T,D,379.0,675.0,c1,d1,10.0,24.0,15.0,30.0,8.0,11.0,10.0,0.0,30.0,3.0,10.0,12.0,0.0,15.0,10.0,15.0,15.0,0.0,54.0,42.0,39.0,3.0,3.0,20.0
1509,G80_25T,E,455.0,675.0,c1,d1,10.0,25.0,15.0,30.0,19.0,20.0,22.0,0.0,30.0,3.0,10.0,0.0,4.0,15.0,10.0,15.0,15.0,0.0,70.0,44.0,38.0,20.0,30.0,10.0
1511,G80_25T,D,217.0,675.0,c1,d1,10.0,3.0,7.0,0.0,3.0,3.0,22.0,0.0,30.0,3.0,10.0,20.0,20.0,15.0,10.0,15.0,15.0,0.0,39.0,13.0,41.0,4.0,4.0,20.0
1512,G80_25T,C,423.0,675.0,c1,d1,10.0,25.0,11.0,30.0,2.0,12.0,22.0,0.0,30.0,3.0,10.0,20.0,20.0,15.0,10.0,0.0,15.0,0.0,80.0,98.0,0.0,0.0,0.0,10.0
1514,G80_25T,D,349.0,675.0,c1,d1,10.0,25.0,11.0,30.0,19.0,11.0,0.0,0.0,30.0,3.0,10.0,20.0,4.0,15.0,7.0,15.0,15.0,0.0,41.0,26.0,37.0,0.0,0.0,20.0
1517,G80_25T,E,233.0,675.0,c1,d1,0.0,3.0,3.0,0.0,0.0,12.0,22.0,0.0,30.0,3.0,10.0,20.0,20.0,15.0,10.0,0.0,15.0,0.0,80.0,100.0,0.0,0.0,0.0,10.0
1518,G80_25T,E,374.0,675.0,c1,d1,0.0,25.0,15.0,30.0,0.0,12.0,40.0,0.0,0.0,0.0,0.0,0.0,20.0,15.0,10.0,0.0,15.0,10.0,58.0,75.0,11.0,14.0,14.0,10.0
1522,G80_25T,D,418.0,675.0,c1,d1,10.0,24.0,3.0,30.0,20.0,11.0,40.0,0.0,30.0,3.0,10.0,20.0,20.0,15.0,10.0,15.0,15.0,10.0,40.0,0.0,56.0,13.0,13.0,10.0
1523,G80_25T,D,145.0,675.0,c1,d1,10.0,0.0,0.0,0.0,20.0,3.0,0.0,0.0,0.0,0.0,0.0,0.0,0.0,0.0,10.0,15.0,15.0,10.0,23.0,0.0,61.0,4.0,4.0,20.0
1524,G80_25T,D,190.0,675.0,c1,d1,10.0,0.0,0.0,0.0,0.0,3.0,0.0,0.0,0.0,0.0,0.0,0.0,0.0,0.0,10.0,0.0,15.0,0.0,73.0,96.0,13.0,0.0,0.0,20.0
1525,G80_25T,D,388.0,675.0,c1,d1,10.0,25.0,11.0,30.0,0.0,3.0,0.0,0.0,30.0,3.0,10.0,20.0,4.0,15.0,10.0,0.0,15.0,0.0,73.0,96.0,13.0,0.0,0.0,20.0
1526,G80_25T,D,209.0,675.0,c1,d1,10.0,3.0,11.0,0.0,20.0,3.0,0.0,0.0,30.0,3.0,10.0,20.0,12.0,15.0,10.0,15.0,15.0,10.0,23.0,0.0,61.0,4.0,4.0,20.0
1527,G80_25T,D,215.0,675.0,c1,d1,10.0,3.0,15.0,0.0,5.0,9.0,22.0,0.0,30.0,3.0,10.0,20.0,20.0,15.0,10.0,15.0,15.0,10.0,20.0,24.0,39.0,0.0,0.0,10.0
1529,G80_25T,C,412.0,675.0,c1,d1,10.0,25.0,15.0,30.0,0.0,9.0,22.0,0.0,30.0,3.0,10.0,20.0,8.0,15.0,10.0,0.0,15.0,0.0,80.0,100.0,0.0,0.0,0.0,10.0
1530,G80_25T,D,241.0,675.0,c1,d1,10.0,0.0,0.0,0.0,8.0,16.0,0.0,0.0,0.0,0.0,0.0,0.0,0.0,0.0,10.0,15.0,15.0,0.0,37.0,49.0,62.0,20.0,29.0,20.0
1531,G80_25T,D,219.0,675.0,c1,d1,10.0,0.0,0.0,0.0,20.0,20.0,0.0,0.0,0.0,0.0,0.0,0.0,0.0,0.0,10.0,15.0,15.0,0.0,58.0,33.0,18.0,20.0,30.0,20.0
1532,G80_25T,D,253.0,675.0,c1,d1,10.0,0.0,0.0,0.0,8.0,20.0,0.0,0.0,0.0,0.0,0.0,0.0,0.0,0.0,10.0,15.0,15.0,0.0,40.0,52.0,64.0,20.0,29.0,20.0
1533,G80_25T,D,201.0,675.0,c1,d1,10.0,0.0,0.0,0.0,5.0,2.0,0.0,0.0,0.0,0.0,0.0,0.0,0.0,0.0,10.0,15.0,15.0,0.0,75.0,99.0,0.0,0.0,0.0,20.0
1535,G80_25T,E,240.0,675.0,c1,d1,10.0,3.0,11.0,0.0,6.0,16.0,22.0,0.0,0.0,3.0,10.0,0.0,0.0,15.0,10.0,0.0,15.0,0.0,77.0,93.0,62.0,20.0,27.0,10.0
1536,G80_25T,E,221.0,675.0,c1,d1,10.0,3.0,11.0,0.0,5.0,11.0,10.0,0.0,0.0,3.0,10.0,0.0,20.0,15.0,10.0,15.0,15.0,0.0,80.0,100.0,45.0,9.0,9.0,10.0
1537,G80_25T,B,495.0,675.0,c1,d1,10.0,25.0,11.0,30.0,8.0,16.0,40.0,0.0,30.0,3.0,10.0,20.0,20.0,15.0,10.0,15.0,15.0,0.0,37.0,49.0,62.0,20.0,29.0,20.0
1538,G80_25T,E,345.0,675.0,c1,d1,0.0,25.0,15.0,0.0,13.0,17.0,40.0,0.0,0.0,0.0,0.0,0.0,20.0,15.0,10.0,15.0,15.0,0.0,80.0,0.0,70.0,20.0,30.0,10.0
1539,G80_25T,D,251.0,675.0,c1,d1,10.0,3.0,15.0,0.0,3.0,11.0,0.0,0.0,30.0,0.0,10.0,20.0,8.0,15.0,10.0,15.0,15.0,0.0,67.0,68.0,24.0,13.0,14.0,10.0
1540,G80_25T,D,110.0,675.0,c1,d1,10.0,0.0,0.0,0.0,14.0,9.0,0.0,0.0,0.0,0.0,0.0,0.0,0.0,0.0,7.0,15.0,15.0,10.0,8.0,0.0,52.0,0.0,0.0,20.0
1542,G80_25T,C,477.0,675.0,c1,d1,10.0,25.0,15.0,30.0,20.0,20.0,40.0,0.0,30.0,3.0,10.0,20.0,20.0,15.0,10.0,15.0,15.0,0.0,58.0,33.0,18.0,20.0,30.0,20.0
1543,G80_25T,B,511.0,675.0,c1,d1,10.0,25.0,15.0,30.0,8.0,20.0,40.0,0.0,30.0,3.0,10.0,20.0,20.0,15.0,10.0,15.0,15.0,0.0,40.0,52.0,64.0,20.0,29.0,20.0
1544,G80_25T,D,320.0,675.0,c1,d1,0.0,8.0,3.0,30.0,3.0,3.0,10.0,0.0,0.0,0.0,0.0,0.0,8.0,15.0,7.0,0.0,15.0,0.0,71.0,66.0,45.0,13.0,13.0,10.0
1545,G80_25T,D,287.0,675.0,c1,d1,10.0,3.0,11.0,0.0,5.0,2.0,22.0,0.0,30.0,3.0,10.0,12.0,20.0,15.0,10.0,15.0,15.0,0.0,75.0,99.0,0.0,0.0,0.0,20.0
1546,G80_25T,D,364.0,675.0,c1,d1,10.0,25.0,15.0,30.0,8.0,9.0,0.0,0.0,30.0,3.0,10.0,20.0,4.0,15.0,10.0,15.0,15.0,0.0,44.0,56.0,35.0,0.0,0.0,10.0
1550,G80_25T,D,321.0,675.0,c1,d1,10.0,20.0,11.0,30.0,14.0,9.0,22.0,0.0,30.0,3.0,10.0,12.0,8.0,15.0,7.0,15.0,15.0,10.0,8.0,0.0,52.0,0.0,0.0,20.0
1551,G80_25T,D,201.0,675.0,c1,d1,10.0,0.0,0.0,0.0,4.0,9.0,0.0,0.0,0.0,0.0,0.0,0.0,0.0,0.0,10.0,15.0,15.0,0.0,78.0,100.0,0.0,0.0,0.0,10.0
1555,G80_25T,E,235.0,675.0,c1,d1,10.0,3.0,15.0,0.0,20.0,11.0,22.0,0.0,30.0,3.0,10.0,20.0,8.0,15.0,10.0,15.0,15.0,10.0,71.0,0.0,13.0,7.0,7.0,10.0
1557,G80_25T,D,287.0,675.0,c1,d1,10.0,3.0,11.0,0.0,4.0,9.0,22.0,0.0,30.0,3.0,10.0,20.0,12.0,15.0,10.0,15.0,15.0,0.0,78.0,100.0,0.0,0.0,0.0,10.0
1560,G80_25T,D,150.0,675.0,c1,d1,10.0,0.0,0.0,0.0,15.0,11.0,0.0,0.0,0.0,0.0,0.0,0.0,0.0,0.0,10.0,15.0,15.0,10.0,40.0,2.0,50.0,1.0,1.0,20.0
1561,G80_25T,D,205.0,675.0,c1,d1,10.0,0.0,0.0,0.0,8.0,5.0,0.0,0.0,0.0,0.0,0.0,0.0,0.0,0.0,10.0,15.0,15.0,0.0,40.0,45.0,56.0,15.0,16.0,20.0
1562,G80_25T,D,237.0,675.0,c1,d1,10.0,3.0,3.0,0.0,10.0,11.0,0.0,0.0,30.0,3.0,10.0,20.0,4.0,15.0,10.0,15.0,15.0,0.0,72.0,68.0,18.0,0.0,0.0,10.0
1563,G80_25T,D,208.0,675.0,c1,d1,10.0,3.0,3.0,0.0,15.0,11.0,10.0,0.0,30.0,3.0,10.0,20.0,4.0,15.0,10.0,15.0,15.0,10.0,40.0,2.0,50.0,1.0,1.0,20.0
1564,G80_25T,E,225.0,675.0,c1,d1,10.0,3.0,7.0,0.0,10.0,11.0,22.0,0.0,18.0,3.0,10.0,0.0,20.0,15.0,10.0,15.0,15.0,0.0,57.0,65.0,34.0,10.0,10.0,10.0
1565,G80_25T,C,421.0,675.0,c1,d1,10.0,20.0,15.0,30.0,7.0,9.0,40.0,0.0,30.0,3.0,10.0,12.0,20.0,15.0,10.0,15.0,15.0,0.0,60.0,80.0,10.0,0.0,0.0,10.0
1566,G80_25T,D,375.0,675.0,c1,d1,10.0,25.0,7.0,30.0,8.0,5.0,0.0,0.0,30.0,3.0,10.0,0.0,0.0,15.0,10.0,15.0,15.0,0.0,40.0,45.0,56.0,15.0,16.0,20.0
1567,G80_25T,E,160.0,675.0,c1,d1,10.0,0.0,0.0,0.0,16.0,9.0,0.0,0.0,0.0,3.0,10.0,0.0,0.0,0.0,10.0,15.0,15.0,10.0,78.0,98.0,6.0,0.0,0.0,10.0
1568,G80_25T,D,356.0,675.0,c1,d1,10.0,22.0,7.0,30.0,9.0,11.0,22.0,0.0,30.0,3.0,10.0,20.0,8.0,15.0,10.0,15.0,15.0,10.0,26.0,23.0,26.0,12.0,12.0,10.0
1569,G80_25T,D,98.0,675.0,c1,d1,10.0,0.0,0.0,0.0,0.0,2.0,0.0,0.0,0.0,0.0,0.0,0.0,0.0,0.0,10.0,0.0,15.0,0.0,11.0,12.0,68.0,0.0,0.0,20.0
1572,G80_25T,D,287.0,675.0,c1,d1,10.0,3.0,11.0,0.0,10.0,12.0,22.0,0.0,30.0,3.0,10.0,20.0,20.0,15.0,10.0,15.0,15.0,0.0,58.0,60.0,12.0,15.0,16.0,10.0
1574,G80_25T,D,236.0,675.0,c1,d1,10.0,0.0,0.0,0.0,3.0,12.0,0.0,0.0,0.0,0.0,0.0,0.0,0.0,0.0,10.0,0.0,15.0,0.0,70.0,85.0,30.0,15.0,16.0,20.0
1575,G80_25T,E,481.0,675.0,c1,d1,10.0,25.0,15.0,30.0,20.0,20.0,40.0,0.0,30.0,3.0,10.0,20.0,20.0,15.0,10.0,15.0,15.0,0.0,71.0,22.0,30.0,20.0,30.0,10.0
1576,G80_25T,D,250.0,675.0,c1,d1,10.0,3.0,15.0,0.0,13.0,3.0,22.0,0.0,30.0,3.0,10.0,12.0,8.0,15.0,10.0,15.0,15.0,0.0,59.0,23.0,48.0,3.0,3.0,20.0
1577,G80_25T,E,186.0,675.0,c1,d1,10.0,3.0,11.0,0.0,20.0,11.0,0.0,0.0,0.0,3.0,10.0,0.0,0.0,15.0,10.0,15.0,15.0,10.0,72.0,80.0,61.0,0.0,0.0,10.0
1578,G80_25T,D,256.0,675.0,c1,d1,10.0,0.0,0.0,0.0,12.0,22.0,0.0,0.0,0.0,0.0,0.0,0.0,0.0,0.0,10.0,15.0,15.0,0.0,56.0,37.0,59.0,20.0,30.0,20.0
1579,G80_25T,D,272.0,675.0,c1,d1,10.0,0.0,0.0,0.0,15.0,20.0,0.0,0.0,0.0,0.0,0.0,0.0,0.0,0.0,10.0,15.0,15.0,0.0,62.0,41.0,64.0,20.0,30.0,20.0
1580,G80_25T,D,98.0,675.0,c1,d1,10.0,0.0,0.0,0.0,11.0,2.0,0.0,0.0,0.0,0.0,0.0,0.0,0.0,0.0,7.0,15.0,15.0,0.0,24.0,6.0,48.0,0.0,0.0,10.0
1582,G80_25T,E,229.0,675.0,c1,d1,10.0,3.0,11.0,0.0,0.0,17.0,10.0,0.0,0.0,3.0,10.0,0.0,0.0,15.0,7.0,15.0,15.0,0.0,80.0,92.0,51.0,20.0,30.0,10.0
1583,G80_25T,D,160.0,675.0,c1,d1,10.0,3.0,7.0,0.0,0.0,2.0,10.0,0.0,30.0,3.0,10.0,20.0,4.0,15.0,10.0,0.0,15.0,0.0,11.0,12.0,68.0,0.0,0.0,20.0
1584,G80_25T,D,242.0,675.0,c1,d1,10.0,0.0,0.0,0.0,17.0,16.0,0.0,0.0,0.0,0.0,0.0,0.0,0.0,0.0,10.0,15.0,15.0,10.0,40.0,30.0,62.0,20.0,27.0,20.0
1585,G80_25T,D,239.0,675.0,c1,d1,10.0,0.0,0.0,0.0,20.0,20.0,0.0,0.0,0.0,0.0,0.0,0.0,0.0,0.0,10.0,15.0,15.0,0.0,46.0,30.0,54.0,20.0,29.0,20.0
1588,G80_25T,D,195.0,675.0,c1,d1,10.0,0.0,0.0,0.0,20.0,11.0,0.0,0.0,0.0,0.0,0.0,0.0,0.0,0.0,7.0,15.0,15.0,10.0,70.0,67.0,0.0,0.0,0.0,20.0
1589,G80_25T,D,225.0,675.0,c1,d1,10.0,0.0,0.0,0.0,5.0,5.0,0.0,0.0,0.0,0.0,0.0,0.0,0.0,0.0,7.0,15.0,15.0,0.0,58.0,70.0,32.0,18.0,20.0,20.0
1590,G80_25T,D,268.0,675.0,c1,d1,10.0,0.0,0.0,0.0,19.0,20.0,0.0,0.0,0.0,0.0,0.0,0.0,0.0,0.0,10.0,15.0,15.0,10.0,51.0,43.0,57.0,20.0,28.0,20.0
1591,G80_25T,D,348.0,675.0,c1,d1,10.0,3.0,11.0,0.0,3.0,12.0,40.0,0.0,30.0,3.0,10.0,20.0,20.0,15.0,10.0,0.0,15.0,0.0,70.0,85.0,30.0,15.0,16.0,20.0
1592,G80_25T,B,488.0,675.0,c1,d1,10.0,25.0,15.0,30.0,12.0,22.0,22.0,0.0,30.0,3.0,10.0,20.0,12.0,15.0,10.0,15.0,15.0,0.0,56.0,37.0,59.0,20.0,30.0,20.0
1593,G80_25T,D,219.0,675.0,c1,d1,10.0,3.0,0.0,0.0,0.0,2.0,10.0,0.0,30.0,3.0,10.0,0.0,0.0,15.0,10.0,0.0,15.0,0.0,69.0,96.0,26.0,0.0,0.0,10.0
1594,G80_25T,D,218.0,675.0,c1,d1,10.0,0.0,0.0,0.0,14.0,11.0,0.0,0.0,0.0,0.0,0.0,0.0,0.0,0.0,10.0,15.0,15.0,0.0,61.0,64.0,32.0,8.0,8.0,20.0
1595,G80_25T,D,267.0,675.0,c1,d1,10.0,0.0,0.0,0.0,5.0,22.0,0.0,0.0,0.0,0.0,0.0,0.0,0.0,0.0,10.0,15.0,15.0,0.0,48.0,52.0,70.0,20.0,30.0,20.0
1596,G80_EV,D,213.0,675.0,c1,d1,10.0,0.0,0.0,0.0,6.0,17.0,0.0,0.0,0.0,0.0,0.0,0.0,0.0,0.0,10.0,15.0,15.0,0.0,66.0,78.0,6.0,0.0,30.0,10.0
1597,G80_25T,D,144.0,675.0,c1,d1,10.0,0.0,0.0,0.0,3.0,11.0,0.0,0.0,0.0,0.0,0.0,0.0,0.0,0.0,10.0,0.0,15.0,0.0,41.0,29.0,49.0,3.0,3.0,20.0
1598,G80_25T,D,301.0,675.0,c1,d1,10.0,20.0,7.0,30.0,11.0,2.0,10.0,0.0,30.0,3.0,10.0,20.0,8.0,15.0,7.0,15.0,15.0,0.0,24.0,6.0,48.0,0.0,0.0,10.0
1599,G80_25T,B,526.0,675.0,c1,d1,10.0,25.0,11.0,30.0,15.0,20.0,40.0,0.0,30.0,3.0,10.0,20.0,20.0,15.0,10.0,15.0,15.0,0.0,62.0,41.0,64.0,20.0,30.0,20.0
1600,G80_25T,D,405.0,675.0,c1,d1,10.0,25.0,11.0,30.0,8.0,11.0,10.0,0.0,30.0,3.0,10.0,20.0,20.0,15.0,7.0,15.0,15.0,0.0,49.0,63.0,43.0,0.0,0.0,10.0
1601,G80_25T,D,396.0,675.0,c1,d1,10.0,3.0,11.0,30.0,17.0,16.0,10.0,0.0,30.0,3.0,10.0,20.0,12.0,15.0,10.0,15.0,15.0,10.0,40.0,30.0,62.0,20.0,27.0,20.0
1603,G80_25T,C,465.0,675.0,c1,d1,10.0,23.0,15.0,30.0,20.0,20.0,22.0,0.0,30.0,3.0,10.0,20.0,8.0,15.0,10.0,15.0,15.0,0.0,46.0,30.0,54.0,20.0,29.0,20.0
1604,G80_25T,D,207.0,675.0,c1,d1,10.0,0.0,0.0,0.0,8.0,9.0,0.0,0.0,0.0,0.0,0.0,0.0,0.0,0.0,7.0,15.0,15.0,0.0,61.0,80.0,32.0,0.0,0.0,20.0
1606,G80_25T,D,108.0,675.0,c1,d1,10.0,0.0,0.0,0.0,8.0,3.0,0.0,0.0,0.0,0.0,0.0,0.0,0.0,0.0,10.0,15.0,15.0,0.0,12.0,0.0,61.0,2.0,2.0,20.0
1607,G80_25T,E,206.0,675.0,c1,d1,0.0,0.0,0.0,0.0,11.0,16.0,0.0,0.0,0.0,0.0,0.0,0.0,0.0,0.0,10.0,15.0,15.0,0.0,52.0,59.0,41.0,20.0,27.0,20.0
1608,G80_25T,D,234.0,675.0,c1,d1,10.0,0.0,0.0,0.0,10.0,12.0,0.0,0.0,0.0,0.0,0.0,0.0,0.0,0.0,7.0,0.0,15.0,0.0,59.0,60.0,53.0,18.0,20.0,20.0
1609,G80_25T,D,181.0,675.0,c1,d1,10.0,0.0,0.0,0.0,17.0,11.0,0.0,0.0,0.0,0.0,0.0,0.0,0.0,0.0,7.0,15.0,15.0,10.0,44.0,35.0,47.0,0.0,0.0,20.0
1610,G80_25T,E,121.0,675.0,c1,d1,0.0,0.0,0.0,0.0,19.0,11.0,0.0,0.0,0.0,0.0,0.0,0.0,0.0,0.0,10.0,15.0,15.0,10.0,31.0,8.0,46.0,8.0,8.0,20.0
1611,G80_25T,D,141.0,675.0,c1,d1,10.0,0.0,0.0,0.0,6.0,3.0,0.0,0.0,0.0,0.0,0.0,0.0,0.0,0.0,7.0,15.0,15.0,0.0,39.0,6.0,64.0,3.0,3.0,20.0
1612,G80_25T,D,288.0,675.0,c1,d1,10.0,3.0,15.0,0.0,5.0,12.0,40.0,0.0,30.0,0.0,10.0,20.0,20.0,15.0,10.0,15.0,15.0,0.0,76.0,90.0,2.0,0.0,0.0,10.0
1613,G80_25T,D,358.0,675.0,c1,d1,10.0,3.0,15.0,0.0,19.0,20.0,22.0,0.0,30.0,3.0,10.0,20.0,12.0,15.0,10.0,15.0,15.0,10.0,51.0,43.0,57.0,20.0,28.0,20.0
1614,G80_25T,D,415.0,675.0,c1,d1,10.0,25.0,7.0,30.0,20.0,11.0,22.0,0.0,30.0,3.0,10.0,20.0,8.0,15.0,7.0,15.0,15.0,10.0,70.0,67.0,0.0,0.0,0.0,20.0
1615,G80_25T,B,517.0,675.0,c1,d1,10.0,25.0,7.0,30.0,5.0,22.0,40.0,0.0,30.0,3.0,10.0,20.0,20.0,15.0,10.0,15.0,15.0,0.0,48.0,52.0,70.0,20.0,30.0,20.0
1616,G80_25T,D,296.0,675.0,c1,d1,10.0,3.0,15.0,0.0,16.0,12.0,40.0,0.0,30.0,0.0,10.0,20.0,20.0,15.0,3.0,15.0,15.0,0.0,54.0,43.0,37.0,18.0,20.0,10.0
1618,G80_25T,C,457.0,675.0,c1,d1,10.0,25.0,11.0,30.0,16.0,16.0,22.0,0.0,30.0,3.0,10.0,0.0,4.0,15.0,10.0,15.0,15.0,10.0,51.0,49.0,56.0,20.0,29.0,10.0
1619,G80_EV,D,396.0,675.0,c1,d1,10.0,19.0,0.0,30.0,6.0,17.0,22.0,0.0,30.0,3.0,10.0,0.0,4.0,15.0,10.0,15.0,15.0,0.0,66.0,78.0,6.0,0.0,30.0,10.0
1620,G80_25T,C,424.0,675.0,c1,d1,10.0,25.0,7.0,30.0,14.0,12.0,10.0,0.0,30.0,3.0,10.0,20.0,8.0,15.0,10.0,15.0,15.0,0.0,80.0,100.0,0.0,0.0,0.0,10.0
1621,G80_25T,E,149.0,675.0,c1,d1,10.0,3.0,11.0,0.0,10.0,11.0,0.0,0.0,0.0,3.0,10.0,0.0,16.0,15.0,10.0,15.0,15.0,0.0,58.0,40.0,56.0,13.0,13.0,10.0
1622,G80_25T,D,392.0,675.0,c1,d1,10.0,23.0,7.0,30.0,3.0,11.0,40.0,0.0,30.0,3.0,10.0,20.0,20.0,15.0,10.0,0.0,15.0,0.0,41.0,29.0,49.0,3.0,3.0,20.0
1624,G80_25T,D,173.0,675.0,c1,d1,10.0,0.0,0.0,0.0,3.0,3.0,0.0,0.0,0.0,0.0,0.0,0.0,0.0,0.0,7.0,0.0,15.0,0.0,69.0,66.0,22.0,4.0,4.0,20.0
1625,G80_25T,D,181.0,675.0,c1,d1,10.0,0.0,0.0,0.0,2.0,11.0,0.0,0.0,0.0,0.0,0.0,0.0,0.0,0.0,10.0,0.0,15.0,0.0,31.0,47.0,63.0,11.0,11.0,20.0
1626,G80_25T,D,265.0,675.0,c1,d1,10.0,3.0,3.0,0.0,8.0,9.0,22.0,0.0,30.0,3.0,10.0,0.0,12.0,15.0,7.0,15.0,15.0,0.0,61.0,80.0,32.0,0.0,0.0,20.0
1627,G80_25T,D,245.0,675.0,c1,d1,10.0,3.0,7.0,0.0,5.0,9.0,10.0,0.0,30.0,3.0,10.0,20.0,8.0,15.0,10.0,15.0,15.0,0.0,59.0,80.0,16.0,0.0,0.0,10.0
1629,G80_25T,C,408.0,675.0,c1,d1,10.0,25.0,11.0,30.0,10.0,12.0,0.0,0.0,30.0,3.0,10.0,0.0,0.0,15.0,7.0,0.0,15.0,0.0,59.0,60.0,53.0,18.0,20.0,20.0
1630,G80_25T,D,367.0,675.0,c1,d1,10.0,25.0,7.0,30.0,17.0,11.0,0.0,0.0,30.0,3.0,10.0,12.0,4.0,15.0,7.0,15.0,15.0,10.0,44.0,35.0,47.0,0.0,0.0,20.0
1631,G80_25T,E,295.0,675.0,c1,d1,0.0,25.0,11.0,30.0,19.0,11.0,0.0,0.0,30.0,3.0,10.0,0.0,0.0,15.0,10.0,15.0,15.0,10.0,31.0,8.0,46.0,8.0,8.0,20.0
1632,G80_25T,D,206.0,675.0,c1,d1,10.0,3.0,11.0,0.0,17.0,2.0,0.0,0.0,30.0,3.0,10.0,20.0,4.0,15.0,10.0,15.0,15.0,0.0,60.0,56.0,5.0,0.0,0.0,10.0
1634,G80_25T,D,347.0,675.0,c1,d1,10.0,25.0,3.0,30.0,3.0,3.0,0.0,0.0,30.0,3.0,10.0,0.0,8.0,15.0,7.0,0.0,15.0,0.0,69.0,66.0,22.0,4.0,4.0,20.0
1635,G80_25T,D,334.0,675.0,c1,d1,10.0,3.0,15.0,0.0,15.0,12.0,40.0,0.0,30.0,3.0,10.0,12.0,20.0,15.0,7.0,0.0,15.0,10.0,50.0,38.0,70.0,19.0,20.0,10.0
1636,G80_25T,D,241.0,675.0,c1,d1,10.0,3.0,15.0,0.0,3.0,14.0,40.0,0.0,30.0,3.0,10.0,20.0,20.0,15.0,10.0,15.0,15.0,0.0,0.0,0.0,58.0,19.0,21.0,10.0
1638,G80_25T,D,231.0,675.0,c1,d1,10.0,3.0,15.0,0.0,2.0,11.0,10.0,0.0,30.0,3.0,10.0,0.0,4.0,15.0,10.0,0.0,15.0,0.0,31.0,47.0,63.0,11.0,11.0,20.0
1639,G80_25T,D,172.0,675.0,c1,d1,10.0,0.0,0.0,0.0,5.0,11.0,0.0,0.0,0.0,0.0,0.0,0.0,0.0,0.0,10.0,15.0,15.0,0.0,36.0,47.0,17.0,8.0,8.0,40.0
1640,G80_25T,D,155.0,675.0,c1,d1,10.0,0.0,0.0,0.0,18.0,3.0,0.0,0.0,0.0,0.0,0.0,0.0,0.0,0.0,10.0,0.0,15.0,10.0,60.0,13.0,40.0,3.0,3.0,20.0
1641,G80_25T,D,262.0,675.0,c1,d1,10.0,0.0,0.0,0.0,5.0,17.0,0.0,0.0,0.0,0.0,0.0,0.0,0.0,0.0,10.0,15.0,15.0,0.0,55.0,48.0,67.0,20.0,30.0,20.0
1642,G80_25T,D,275.0,675.0,c1,d1,10.0,0.0,0.0,0.0,19.0,16.0,0.0,0.0,0.0,0.0,0.0,0.0,0.0,0.0,10.0,15.0,15.0,10.0,53.0,45.0,67.0,20.0,25.0,20.0
1643,G80_25T,D,177.0,675.0,c1,d1,10.0,0.0,0.0,0.0,4.0,8.0,0.0,0.0,0.0,0.0,0.0,0.0,0.0,0.0,7.0,0.0,15.0,0.0,55.0,77.0,31.0,0.0,0.0,20.0
1644,G80_25T,E,201.0,675.0,c1,d1,0.0,0.0,0.0,0.0,11.0,17.0,0.0,0.0,0.0,0.0,0.0,0.0,0.0,0.0,10.0,15.0,15.0,10.0,65.0,50.0,18.0,20.0,30.0,20.0
1645,G80_25T,D,213.0,675.0,c1,d1,10.0,0.0,0.0,0.0,12.0,12.0,0.0,0.0,0.0,0.0,0.0,0.0,0.0,0.0,10.0,15.0,15.0,0.0,80.0,89.0,0.0,0.0,0.0,20.0
1646,G80_25T,E,358.0,675.0,c1,d1,0.0,25.0,15.0,0.0,11.0,22.0,40.0,0.0,0.0,0.0,0.0,0.0,20.0,15.0,10.0,15.0,15.0,10.0,80.0,0.0,70.0,20.0,30.0,10.0
1647,G80_25T,D,233.0,675.0,c1,d1,10.0,3.0,15.0,0.0,18.0,9.0,40.0,0.0,30.0,3.0,10.0,20.0,20.0,15.0,10.0,15.0,15.0,10.0,0.0,0.0,70.0,0.0,0.0,10.0
1648,G80_25T,D,288.0,675.0,c1,d1,10.0,3.0,15.0,0.0,5.0,11.0,40.0,0.0,30.0,3.0,10.0,20.0,20.0,15.0,10.0,15.0,15.0,0.0,36.0,47.0,17.0,8.0,8.0,40.0
1649,G80_25T,D,357.0,675.0,c1,d1,10.0,25.0,15.0,30.0,18.0,3.0,0.0,0.0,30.0,3.0,10.0,20.0,4.0,15.0,10.0,0.0,15.0,10.0,60.0,13.0,40.0,3.0,3.0,20.0
1650,G80_25T,B,512.0,675.0,c1,d1,10.0,25.0,7.0,30.0,5.0,17.0,40.0,0.0,30.0,3.0,10.0,20.0,20.0,15.0,10.0,15.0,15.0,0.0,55.0,48.0,67.0,20.0,30.0,20.0
1651,G80_25T,C,463.0,675.0,c1,d1,10.0,25.0,15.0,30.0,19.0,16.0,10.0,0.0,30.0,3.0,10.0,0.0,0.0,15.0,10.0,15.0,15.0,10.0,53.0,45.0,67.0,20.0,25.0,20.0
1652,G80_25T,D,285.0,675.0,c1,d1,10.0,3.0,7.0,0.0,4.0,8.0,40.0,0.0,30.0,3.0,10.0,20.0,20.0,15.0,7.0,0.0,15.0,0.0,55.0,77.0,31.0,0.0,0.0,20.0
1653,G80_25T,E,211.0,675.0,c1,d1,10.0,3.0,15.0,0.0,9.0,11.0,0.0,0.0,30.0,3.0,10.0,20.0,8.0,15.0,10.0,15.0,15.0,10.0,48.0,0.0,49.0,5.0,5.0,10.0
1654,G80_25T,E,455.0,675.0,c1,d1,0.0,25.0,11.0,30.0,11.0,17.0,40.0,0.0,30.0,3.0,10.0,20.0,20.0,15.0,10.0,15.0,15.0,10.0,65.0,50.0,18.0,20.0,30.0,20.0
1655,G80_25T,D,295.0,675.0,c1,d1,10.0,3.0,3.0,0.0,12.0,12.0,22.0,0.0,30.0,3.0,10.0,20.0,16.0,15.0,10.0,15.0,15.0,0.0,80.0,89.0,0.0,0.0,0.0,20.0
1657,G80_25T,D,239.0,675.0,c1,d1,10.0,3.0,15.0,0.0,16.0,11.0,10.0,0.0,30.0,3.0,10.0,0.0,8.0,15.0,10.0,15.0,15.0,0.0,69.0,74.0,5.0,0.0,0.0,10.0
1658,G80_25T,D,263.0,675.0,c1,d1,10.0,3.0,15.0,0.0,4.0,11.0,22.0,0.0,30.0,0.0,10.0,20.0,12.0,15.0,10.0,0.0,15.0,0.0,73.0,98.0,15.0,0.0,0.0,10.0
1659,G80_25T,D,276.0,675.0,c1,d1,10.0,3.0,15.0,0.0,19.0,20.0,22.0,0.0,30.0,3.0,10.0,0.0,8.0,15.0,10.0,15.0,15.0,0.0,53.0,47.0,11.0,20.0,30.0,10.0
1660,G80_25T,D,152.0,675.0,c1,d1,10.0,0.0,0.0,0.0,18.0,11.0,0.0,0.0,0.0,0.0,0.0,0.0,0.0,0.0,10.0,15.0,15.0,10.0,23.0,0.0,68.0,1.0,1.0,20.0
1661,G80_25T,D,388.0,675.0,c1,d1,10.0,25.0,11.0,30.0,18.0,11.0,22.0,0.0,30.0,3.0,10.0,20.0,20.0,15.0,10.0,15.0,15.0,10.0,23.0,0.0,68.0,1.0,1.0,20.0
1662,G80_25T,D,185.0,675.0,c1,d1,10.0,0.0,0.0,0.0,4.0,11.0,0.0,0.0,0.0,0.0,0.0,0.0,0.0,0.0,10.0,0.0,15.0,0.0,66.0,87.0,12.0,0.0,0.0,20.0
1663,G80_EV,E,347.0,675.0,c1,d1,10.0,25.0,11.0,30.0,6.0,17.0,0.0,0.0,18.0,3.0,10.0,0.0,4.0,15.0,7.0,15.0,15.0,0.0,80.0,100.0,0.0,0.0,11.0,10.0
1664,G80_25T,D,282.0,675.0,c1,d1,10.0,3.0,11.0,0.0,18.0,11.0,22.0,0.0,30.0,3.0,10.0,20.0,20.0,15.0,3.0,15.0,15.0,10.0,75.0,63.0,8.0,0.0,0.0,10.0
1666,G80_25T,D,307.0,675.0,c1,d1,10.0,3.0,11.0,0.0,5.0,11.0,40.0,0.0,30.0,3.0,10.0,20.0,20.0,15.0,7.0,15.0,15.0,0.0,59.0,76.0,19.0,9.0,9.0,10.0
1667,G80_25T,D,264.0,675.0,c1,d1,10.0,3.0,11.0,0.0,13.0,11.0,10.0,0.0,30.0,3.0,10.0,12.0,8.0,15.0,10.0,15.0,15.0,0.0,62.0,68.0,26.0,6.0,6.0,10.0
1668,G80_25T,D,220.0,675.0,c1,d1,10.0,0.0,0.0,0.0,12.0,8.0,0.0,0.0,0.0,0.0,0.0,0.0,0.0,0.0,7.0,15.0,15.0,10.0,73.0,95.0,15.0,0.0,0.0,10.0
1669,G80_25T,E,192.0,675.0,c1,d1,0.0,0.0,0.0,0.0,10.0,22.0,0.0,0.0,0.0,0.0,0.0,0.0,0.0,0.0,10.0,15.0,15.0,0.0,51.0,33.0,46.0,20.0,30.0,20.0
1670,G80_25T,D,263.0,675.0,c1,d1,10.0,3.0,15.0,0.0,4.0,11.0,22.0,0.0,30.0,3.0,10.0,12.0,8.0,15.0,10.0,0.0,15.0,0.0,66.0,87.0,12.0,0.0,0.0,20.0
1671,G80_25T,B,510.0,675.0,c1,d1,10.0,25.0,11.0,30.0,17.0,20.0,40.0,0.0,30.0,3.0,10.0,20.0,20.0,15.0,10.0,15.0,15.0,0.0,48.0,44.0,70.0,20.0,27.0,10.0
1672,G80_25T,E,450.0,675.0,c1,d1,0.0,25.0,15.0,30.0,10.0,22.0,40.0,0.0,30.0,3.0,10.0,20.0,20.0,15.0,10.0,15.0,15.0,0.0,51.0,33.0,46.0,20.0,30.0,20.0
1673,G80_25T,E,252.0,675.0,c1,d1,10.0,3.0,11.0,0.0,12.0,8.0,0.0,0.0,30.0,3.0,10.0,0.0,0.0,15.0,7.0,15.0,15.0,10.0,73.0,95.0,15.0,0.0,0.0,10.0
1674,G80_25T,D,211.0,675.0,c1,d1,10.0,0.0,0.0,0.0,20.0,12.0,0.0,0.0,0.0,0.0,0.0,0.0,0.0,0.0,10.0,15.0,15.0,10.0,55.0,18.0,43.0,16.0,17.0,20.0
1675,G80_25T,D,135.0,675.0,c1,d1,10.0,0.0,0.0,0.0,19.0,11.0,0.0,0.0,0.0,0.0,0.0,0.0,0.0,0.0,10.0,0.0,15.0,10.0,37.0,0.0,45.0,4.0,4.0,20.0
1676,G80_25T,C,456.0,675.0,c1,d1,10.0,9.0,7.0,30.0,20.0,20.0,40.0,0.0,30.0,3.0,10.0,20.0,20.0,15.0,10.0,15.0,15.0,10.0,44.0,18.0,53.0,20.0,27.0,10.0
1677,G80_25T,D,198.0,675.0,c1,d1,10.0,0.0,0.0,0.0,9.0,6.0,0.0,0.0,0.0,0.0,0.0,0.0,0.0,0.0,10.0,15.0,15.0,0.0,57.0,18.0,44.0,20.0,24.0,20.0
1678,G80_25T,E,385.0,675.0,c1,d1,10.0,25.0,11.0,30.0,20.0,12.0,0.0,0.0,30.0,3.0,10.0,0.0,0.0,15.0,10.0,15.0,15.0,10.0,55.0,18.0,43.0,16.0,17.0,20.0
1679,G80_25T,D,201.0,675.0,c1,d1,10.0,3.0,7.0,0.0,19.0,11.0,10.0,0.0,30.0,3.0,10.0,20.0,8.0,15.0,10.0,0.0,15.0,10.0,37.0,0.0,45.0,4.0,4.0,20.0
1680,G80_EV,D,153.0,675.0,c1,d1,10.0,0.0,0.0,0.0,4.0,17.0,0.0,0.0,0.0,0.0,0.0,0.0,0.0,0.0,10.0,0.0,15.0,0.0,38.0,16.0,51.0,2.0,30.0,10.0
1681,G80_25T,D,292.0,675.0,c1,d1,10.0,3.0,11.0,0.0,9.0,6.0,22.0,0.0,30.0,3.0,10.0,20.0,20.0,15.0,10.0,15.0,15.0,0.0,57.0,18.0,44.0,20.0,24.0,20.0
1682,G80_25T,D,183.0,675.0,c1,d1,10.0,0.0,0.0,0.0,7.0,11.0,0.0,0.0,0.0,0.0,0.0,0.0,0.0,0.0,10.0,15.0,15.0,0.0,53.0,40.0,44.0,4.0,4.0,20.0
1683,G80_EV,D,351.0,675.0,c1,d1,10.0,25.0,11.0,30.0,4.0,17.0,0.0,0.0,30.0,3.0,10.0,20.0,4.0,15.0,10.0,0.0,15.0,0.0,38.0,16.0,51.0,2.0,30.0,10.0
1685,G80_25T,E,137.0,675.0,c1,d1,10.0,3.0,11.0,0.0,9.0,6.0,10.0,0.0,0.0,3.0,10.0,0.0,0.0,15.0,10.0,15.0,15.0,0.0,70.0,43.0,23.0,20.0,24.0,10.0
1686,G80_25T,D,219.0,675.0,c1,d1,10.0,0.0,0.0,0.0,5.0,16.0,0.0,0.0,0.0,0.0,0.0,0.0,0.0,0.0,10.0,0.0,15.0,0.0,39.0,57.0,50.0,20.0,27.0,20.0
1687,G80_25T,D,247.0,675.0,c1,d1,10.0,0.0,0.0,0.0,5.0,12.0,0.0,0.0,0.0,0.0,0.0,0.0,0.0,0.0,10.0,15.0,15.0,0.0,61.0,72.0,44.0,16.0,17.0,20.0
1689,G80_25T,D,245.0,675.0,c1,d1,10.0,3.0,7.0,0.0,7.0,11.0,10.0,0.0,30.0,3.0,10.0,20.0,4.0,15.0,10.0,15.0,15.0,0.0,53.0,40.0,44.0,4.0,4.0,20.0
1690,G80_25T,D,100.0,675.0,c1,d1,10.0,0.0,0.0,0.0,5.0,11.0,0.0,0.0,0.0,0.0,0.0,0.0,0.0,0.0,10.0,15.0,15.0,0.0,7.0,6.0,51.0,0.0,0.0,20.0
1691,G80_25T,C,447.0,675.0,c1,d1,10.0,25.0,15.0,30.0,5.0,16.0,22.0,0.0,30.0,3.0,10.0,20.0,8.0,15.0,10.0,0.0,15.0,0.0,39.0,57.0,50.0,20.0,27.0,20.0
1692,G80_25T,D,293.0,675.0,c1,d1,10.0,3.0,11.0,0.0,5.0,12.0,10.0,0.0,30.0,3.0,10.0,0.0,4.0,15.0,10.0,15.0,15.0,0.0,61.0,72.0,44.0,16.0,17.0,20.0
1694,G80_25T,D,305.0,675.0,c1,d1,10.0,24.0,15.0,30.0,5.0,11.0,0.0,0.0,30.0,3.0,10.0,20.0,8.0,15.0,10.0,15.0,15.0,0.0,7.0,6.0,51.0,0.0,0.0,20.0
1695,G80_25T,D,217.0,675.0,c1,d1,10.0,0.0,0.0,0.0,15.0,11.0,0.0,0.0,0.0,0.0,0.0,0.0,0.0,0.0,10.0,0.0,15.0,10.0,67.0,73.0,22.0,7.0,7.0,20.0
1699,G80_25T,D,187.0,675.0,c1,d1,10.0,0.0,0.0,0.0,6.0,9.0,0.0,0.0,0.0,0.0,0.0,0.0,0.0,0.0,7.0,15.0,15.0,0.0,63.0,86.0,6.0,0.0,0.0,20.0
1701,G80_25T,D,311.0,675.0,c1,d1,10.0,3.0,11.0,0.0,15.0,11.0,22.0,0.0,30.0,3.0,10.0,20.0,20.0,15.0,10.0,0.0,15.0,10.0,67.0,73.0,22.0,7.0,7.0,20.0
1704,G80_25T,D,395.0,675.0,c1,d1,10.0,25.0,11.0,30.0,6.0,9.0,10.0,0.0,30.0,3.0,10.0,20.0,4.0,15.0,7.0,15.0,15.0,0.0,63.0,86.0,6.0,0.0,0.0,20.0
1707,G80_25T,D,202.0,675.0,c1,d1,10.0,0.0,0.0,0.0,3.0,11.0,0.0,0.0,0.0,0.0,0.0,0.0,0.0,0.0,10.0,15.0,15.0,0.0,42.0,59.0,43.0,12.0,12.0,20.0
1709,G80_25T,D,222.0,675.0,c1,d1,10.0,3.0,11.0,0.0,13.0,3.0,40.0,0.0,30.0,3.0,10.0,20.0,20.0,15.0,10.0,15.0,15.0,10.0,30.0,7.0,37.0,0.0,0.0,10.0
1712,G80_25T,D,229.0,675.0,c1,d1,10.0,3.0,7.0,0.0,11.0,11.0,10.0,0.0,30.0,0.0,10.0,20.0,0.0,15.0,7.0,15.0,15.0,0.0,49.0,54.0,40.0,11.0,11.0,10.0
1714,G80_25T,D,272.0,675.0,c1,d1,10.0,3.0,11.0,0.0,3.0,11.0,10.0,0.0,30.0,3.0,10.0,20.0,8.0,15.0,10.0,15.0,15.0,0.0,42.0,59.0,43.0,12.0,12.0,20.0
1716,G80_25T,D,182.0,675.0,c1,d1,10.0,0.0,0.0,0.0,10.0,2.0,0.0,0.0,0.0,0.0,0.0,0.0,0.0,0.0,10.0,0.0,15.0,0.0,74.0,91.0,0.0,0.0,0.0,20.0
1718,G80_EV,D,180.0,675.0,c1,d1,10.0,0.0,0.0,0.0,3.0,17.0,0.0,0.0,0.0,0.0,0.0,0.0,0.0,0.0,10.0,15.0,15.0,0.0,55.0,50.0,15.0,0.0,30.0,10.0
1721,G80_25T,D,181.0,675.0,c1,d1,10.0,0.0,0.0,0.0,16.0,14.0,0.0,0.0,0.0,0.0,0.0,0.0,0.0,0.0,10.0,15.0,15.0,10.0,21.0,0.0,58.0,20.0,22.0,20.0
1722,G80_25T,D,228.0,675.0,c1,d1,10.0,0.0,0.0,0.0,19.0,22.0,0.0,0.0,0.0,0.0,0.0,0.0,0.0,0.0,10.0,15.0,15.0,0.0,63.0,31.0,53.0,20.0,30.0,10.0
1723,G80_25T,C,410.0,675.0,c1,d1,10.0,25.0,15.0,30.0,10.0,2.0,22.0,0.0,30.0,3.0,10.0,20.0,8.0,15.0,10.0,0.0,15.0,0.0,74.0,91.0,0.0,0.0,0.0,20.0
1725,G80_EV,D,268.0,675.0,c1,d1,10.0,3.0,7.0,0.0,3.0,17.0,40.0,0.0,30.0,3.0,10.0,0.0,20.0,15.0,10.0,15.0,15.0,0.0,55.0,50.0,15.0,0.0,30.0,10.0
1726,G80_EV,D,216.0,675.0,c1,d1,10.0,0.0,0.0,0.0,3.0,25.0,0.0,0.0,0.0,0.0,0.0,0.0,0.0,0.0,10.0,0.0,15.0,0.0,56.0,58.0,52.0,17.0,30.0,10.0
1727,G80_25T,C,435.0,675.0,c1,d1,10.0,25.0,11.0,30.0,16.0,14.0,40.0,0.0,30.0,3.0,10.0,20.0,20.0,15.0,10.0,15.0,15.0,10.0,21.0,0.0,58.0,20.0,22.0,20.0
1729,G80_25T,B,483.0,675.0,c1,d1,10.0,25.0,15.0,30.0,19.0,22.0,40.0,0.0,30.0,0.0,10.0,20.0,20.0,15.0,10.0,15.0,15.0,0.0,63.0,31.0,53.0,20.0,30.0,10.0
1731,G80_EV,D,303.0,675.0,c1,d1,10.0,3.0,11.0,0.0,3.0,25.0,22.0,0.0,30.0,0.0,10.0,20.0,16.0,15.0,10.0,0.0,15.0,0.0,56.0,58.0,52.0,17.0,30.0,10.0
1732,G80_25T,D,163.0,675.0,c1,d1,10.0,0.0,0.0,0.0,14.0,11.0,0.0,0.0,0.0,0.0,0.0,0.0,0.0,0.0,10.0,15.0,15.0,0.0,20.0,6.0,70.0,11.0,11.0,20.0
1733,G80_25T,D,147.0,675.0,c1,d1,10.0,0.0,0.0,0.0,5.0,9.0,0.0,0.0,0.0,0.0,0.0,0.0,0.0,0.0,7.0,15.0,15.0,10.0,24.0,31.0,51.0,0.0,0.0,20.0
1734,G80_25T,D,171.0,675.0,c1,d1,10.0,0.0,0.0,0.0,13.0,11.0,0.0,0.0,0.0,0.0,0.0,0.0,0.0,0.0,10.0,15.0,15.0,10.0,39.0,32.0,32.0,7.0,7.0,20.0
1735,G80_25T,D,198.0,675.0,c1,d1,10.0,0.0,0.0,0.0,13.0,12.0,0.0,0.0,0.0,0.0,0.0,0.0,0.0,0.0,10.0,15.0,15.0,10.0,41.0,29.0,40.0,16.0,17.0,20.0
1738,G80_25T,D,162.0,675.0,c1,d1,10.0,0.0,0.0,0.0,8.0,11.0,0.0,0.0,0.0,0.0,0.0,0.0,0.0,0.0,10.0,15.0,15.0,10.0,26.0,24.0,45.0,9.0,9.0,20.0
1740,G80_25T,D,125.0,675.0,c1,d1,10.0,0.0,0.0,0.0,20.0,3.0,0.0,0.0,0.0,0.0,0.0,0.0,0.0,0.0,10.0,15.0,15.0,10.0,24.0,0.0,26.0,11.0,11.0,20.0
1741,G80_25T,D,168.0,675.0,c1,d1,10.0,0.0,0.0,0.0,14.0,11.0,0.0,0.0,0.0,0.0,0.0,0.0,0.0,0.0,7.0,15.0,15.0,10.0,53.0,54.0,9.0,0.0,0.0,20.0
1742,G80_25T,D,137.0,675.0,c1,d1,10.0,0.0,0.0,0.0,7.0,11.0,0.0,0.0,0.0,0.0,0.0,0.0,0.0,0.0,10.0,15.0,15.0,0.0,28.0,32.0,39.0,0.0,0.0,20.0
1743,G80_25T,D,244.0,675.0,c1,d1,10.0,0.0,0.0,0.0,18.0,12.0,0.0,0.0,0.0,0.0,0.0,0.0,0.0,0.0,10.0,15.0,15.0,10.0,64.0,55.0,32.0,16.0,17.0,20.0
1744,G80_25T,D,275.0,675.0,c1,d1,10.0,3.0,11.0,0.0,14.0,11.0,40.0,0.0,30.0,3.0,10.0,20.0,20.0,15.0,10.0,15.0,15.0,0.0,20.0,6.0,70.0,11.0,11.0,20.0
1745,G80_25T,D,192.0,675.0,c1,d1,10.0,0.0,0.0,0.0,15.0,11.0,0.0,0.0,0.0,0.0,0.0,0.0,0.0,0.0,7.0,15.0,15.0,10.0,63.0,66.0,10.0,0.0,0.0,20.0
1746,G80_25T,D,205.0,675.0,c1,d1,10.0,0.0,0.0,0.0,8.0,9.0,0.0,0.0,0.0,0.0,0.0,0.0,0.0,0.0,7.0,15.0,15.0,0.0,61.0,80.0,10.0,0.0,0.0,40.0
1747,G80_25T,D,170.0,675.0,c1,d1,10.0,0.0,0.0,0.0,4.0,2.0,0.0,0.0,0.0,0.0,0.0,0.0,0.0,0.0,10.0,15.0,15.0,0.0,50.0,63.0,11.0,0.0,0.0,40.0
1748,G80_25T,D,110.0,675.0,c1,d1,10.0,0.0,0.0,0.0,4.0,2.0,0.0,0.0,0.0,0.0,0.0,0.0,0.0,0.0,10.0,15.0,15.0,0.0,24.0,20.0,40.0,0.0,0.0,20.0
1749,G80_25T,D,199.0,675.0,c1,d1,10.0,0.0,0.0,0.0,5.0,11.0,0.0,0.0,0.0,0.0,0.0,0.0,0.0,0.0,10.0,15.0,15.0,0.0,67.0,68.0,22.0,3.0,3.0,20.0
1750,G80_25T,D,129.0,675.0,c1,d1,10.0,0.0,0.0,0.0,9.0,2.0,0.0,0.0,0.0,0.0,0.0,0.0,0.0,0.0,10.0,15.0,15.0,0.0,38.0,29.0,31.0,0.0,0.0,20.0
1751,G80_25T,D,198.0,675.0,c1,d1,10.0,0.0,0.0,0.0,3.0,11.0,0.0,0.0,0.0,0.0,0.0,0.0,0.0,0.0,10.0,15.0,15.0,0.0,57.0,76.0,19.0,6.0,6.0,20.0
1752,G80_25T,D,153.0,675.0,c1,d1,10.0,0.0,0.0,0.0,3.0,9.0,0.0,0.0,0.0,0.0,0.0,0.0,0.0,0.0,10.0,0.0,15.0,0.0,26.0,41.0,69.0,0.0,0.0,20.0
1753,G80_25T,D,168.0,675.0,c1,d1,10.0,0.0,0.0,0.0,3.0,11.0,0.0,0.0,0.0,0.0,0.0,0.0,0.0,0.0,10.0,15.0,15.0,0.0,43.0,32.0,53.0,3.0,3.0,20.0
1754,G80_25T,D,116.0,675.0,c1,d1,10.0,0.0,0.0,0.0,8.0,3.0,0.0,0.0,0.0,0.0,0.0,0.0,0.0,0.0,10.0,15.0,15.0,0.0,20.0,6.0,59.0,0.0,0.0,20.0
1755,G80_25T,D,204.0,675.0,c1,d1,10.0,0.0,0.0,0.0,0.0,11.0,0.0,0.0,0.0,0.0,0.0,0.0,0.0,0.0,10.0,0.0,15.0,0.0,43.0,65.0,56.0,12.0,12.0,20.0
1756,G80_25T,D,173.0,675.0,c1,d1,10.0,0.0,0.0,0.0,7.0,11.0,0.0,0.0,0.0,0.0,0.0,0.0,0.0,0.0,10.0,15.0,15.0,0.0,38.0,48.0,37.0,6.0,6.0,20.0
1758,G80_25T,D,189.0,675.0,c1,d1,10.0,0.0,0.0,0.0,5.0,11.0,0.0,0.0,0.0,0.0,0.0,0.0,0.0,0.0,7.0,15.0,15.0,0.0,67.0,68.0,19.0,1.0,1.0,20.0
1759,G80_25T,D,173.0,675.0,c1,d1,10.0,0.0,0.0,0.0,9.0,3.0,0.0,0.0,0.0,0.0,0.0,0.0,0.0,0.0,10.0,15.0,15.0,0.0,48.0,46.0,29.0,9.0,9.0,20.0
1760,G80_25T,D,174.0,675.0,c1,d1,10.0,0.0,0.0,0.0,5.0,11.0,0.0,0.0,0.0,0.0,0.0,0.0,0.0,0.0,7.0,15.0,15.0,0.0,40.0,23.0,70.0,4.0,4.0,20.0
1761,G80_25T,D,178.0,675.0,c1,d1,10.0,0.0,0.0,0.0,5.0,11.0,0.0,0.0,0.0,0.0,0.0,0.0,0.0,0.0,10.0,15.0,15.0,0.0,50.0,41.0,43.0,4.0,4.0,20.0
1762,G80_25T,D,107.0,675.0,c1,d1,10.0,0.0,0.0,0.0,4.0,2.0,0.0,0.0,0.0,0.0,0.0,0.0,0.0,0.0,10.0,15.0,15.0,0.0,18.0,13.0,50.0,0.0,0.0,20.0
1763,G80_25T,D,172.0,675.0,c1,d1,10.0,0.0,0.0,0.0,10.0,9.0,0.0,0.0,0.0,0.0,0.0,0.0,0.0,0.0,10.0,15.0,15.0,0.0,37.0,41.0,55.0,0.0,0.0,20.0
1764,G80_25T,D,104.0,675.0,c1,d1,10.0,0.0,0.0,0.0,0.0,3.0,0.0,0.0,0.0,0.0,0.0,0.0,0.0,0.0,10.0,0.0,15.0,0.0,13.0,13.0,70.0,0.0,0.0,20.0
1765,G80_25T,D,290.0,675.0,c1,d1,10.0,3.0,11.0,0.0,13.0,12.0,40.0,0.0,30.0,3.0,10.0,0.0,20.0,15.0,10.0,15.0,15.0,10.0,41.0,29.0,40.0,16.0,17.0,20.0
1766,G80_25T,D,223.0,675.0,c1,d1,10.0,3.0,11.0,0.0,7.0,11.0,22.0,0.0,30.0,3.0,10.0,20.0,12.0,15.0,10.0,15.0,15.0,0.0,28.0,32.0,39.0,0.0,0.0,20.0
1767,G80_25T,D,418.0,675.0,c1,d1,10.0,25.0,11.0,30.0,18.0,12.0,0.0,0.0,30.0,3.0,10.0,0.0,0.0,15.0,10.0,15.0,15.0,10.0,64.0,55.0,32.0,16.0,17.0,20.0
1768,G80_25T,D,259.0,675.0,c1,d1,10.0,3.0,11.0,0.0,5.0,9.0,40.0,0.0,30.0,3.0,10.0,20.0,20.0,15.0,7.0,15.0,15.0,10.0,24.0,31.0,51.0,0.0,0.0,20.0
1769,G80_25T,D,283.0,675.0,c1,d1,10.0,3.0,11.0,0.0,13.0,11.0,40.0,0.0,30.0,3.0,10.0,20.0,20.0,15.0,10.0,15.0,15.0,10.0,39.0,32.0,32.0,7.0,7.0,20.0
1772,G80_25T,D,262.0,675.0,c1,d1,10.0,3.0,11.0,0.0,14.0,11.0,22.0,0.0,30.0,3.0,10.0,20.0,20.0,15.0,7.0,15.0,15.0,10.0,53.0,54.0,9.0,0.0,0.0,20.0
1774,G80_25T,D,236.0,675.0,c1,d1,10.0,3.0,11.0,0.0,8.0,11.0,22.0,0.0,30.0,3.0,10.0,12.0,8.0,15.0,10.0,15.0,15.0,10.0,26.0,24.0,45.0,9.0,9.0,20.0
1775,G80_25T,D,274.0,675.0,c1,d1,10.0,3.0,11.0,0.0,15.0,11.0,22.0,0.0,30.0,3.0,10.0,20.0,8.0,15.0,7.0,15.0,15.0,10.0,63.0,66.0,10.0,0.0,0.0,20.0
1776,G80_25T,E,452.0,675.0,c1,d1,0.0,25.0,3.0,30.0,20.0,20.0,40.0,0.0,30.0,3.0,10.0,20.0,20.0,15.0,10.0,15.0,15.0,10.0,59.0,20.0,57.0,20.0,30.0,10.0
1777,G80_25T,D,236.0,675.0,c1,d1,10.0,3.0,11.0,0.0,4.0,2.0,22.0,0.0,30.0,3.0,10.0,0.0,12.0,15.0,10.0,15.0,15.0,0.0,50.0,63.0,11.0,0.0,0.0,40.0
1778,G80_25T,D,214.0,675.0,c1,d1,10.0,3.0,11.0,0.0,5.0,11.0,0.0,0.0,30.0,3.0,10.0,0.0,4.0,15.0,10.0,15.0,15.0,0.0,50.0,41.0,43.0,4.0,4.0,20.0
1779,G80_25T,D,311.0,675.0,c1,d1,10.0,3.0,11.0,0.0,5.0,11.0,40.0,0.0,30.0,3.0,10.0,20.0,20.0,15.0,10.0,15.0,15.0,0.0,67.0,68.0,22.0,3.0,3.0,20.0
1780,G80_25T,D,223.0,675.0,c1,d1,10.0,3.0,11.0,0.0,9.0,2.0,22.0,0.0,30.0,3.0,10.0,20.0,20.0,15.0,10.0,15.0,15.0,0.0,38.0,29.0,31.0,0.0,0.0,20.0
1781,G80_25T,D,285.0,675.0,c1,d1,10.0,3.0,11.0,0.0,9.0,3.0,40.0,0.0,30.0,3.0,10.0,20.0,20.0,15.0,10.0,15.0,15.0,0.0,48.0,46.0,29.0,9.0,9.0,20.0
1782,G80_25T,D,226.0,675.0,c1,d1,10.0,3.0,11.0,0.0,10.0,9.0,10.0,0.0,30.0,3.0,10.0,0.0,12.0,15.0,10.0,15.0,15.0,0.0,37.0,41.0,55.0,0.0,0.0,20.0
1783,G80_25T,D,262.0,675.0,c1,d1,10.0,3.0,11.0,0.0,3.0,11.0,22.0,0.0,30.0,3.0,10.0,20.0,20.0,15.0,10.0,15.0,15.0,0.0,43.0,32.0,53.0,3.0,3.0,20.0
1784,G80_25T,D,186.0,675.0,c1,d1,10.0,3.0,11.0,0.0,8.0,3.0,10.0,0.0,30.0,3.0,10.0,20.0,8.0,15.0,10.0,15.0,15.0,0.0,20.0,6.0,59.0,0.0,0.0,20.0
1786,G80_25T,D,176.0,675.0,c1,d1,10.0,3.0,11.0,0.0,0.0,3.0,0.0,0.0,30.0,3.0,10.0,20.0,20.0,15.0,10.0,0.0,15.0,0.0,13.0,13.0,70.0,0.0,0.0,20.0
1787,G80_25T,D,285.0,675.0,c1,d1,10.0,3.0,11.0,0.0,7.0,11.0,40.0,0.0,30.0,3.0,10.0,20.0,20.0,15.0,10.0,15.0,15.0,0.0,38.0,48.0,37.0,6.0,6.0,20.0
1788,G80_25T,D,291.0,675.0,c1,d1,10.0,3.0,11.0,0.0,8.0,9.0,22.0,0.0,30.0,3.0,10.0,20.0,12.0,15.0,7.0,15.0,15.0,0.0,61.0,80.0,10.0,0.0,0.0,40.0
1789,G80_25T,D,235.0,675.0,c1,d1,10.0,3.0,11.0,0.0,5.0,11.0,10.0,0.0,30.0,3.0,10.0,0.0,4.0,15.0,7.0,15.0,15.0,0.0,67.0,68.0,19.0,1.0,1.0,20.0
1790,G80_25T,D,150.0,675.0,c1,d1,10.0,3.0,11.0,0.0,4.0,2.0,0.0,0.0,30.0,3.0,10.0,0.0,8.0,15.0,10.0,15.0,15.0,0.0,24.0,20.0,40.0,0.0,0.0,20.0
1791,G80_25T,D,266.0,675.0,c1,d1,10.0,3.0,11.0,0.0,5.0,11.0,40.0,0.0,30.0,3.0,10.0,0.0,20.0,15.0,7.0,15.0,15.0,0.0,40.0,23.0,70.0,4.0,4.0,20.0
1792,G80_25T,D,258.0,675.0,c1,d1,10.0,3.0,11.0,0.0,5.0,11.0,22.0,0.0,30.0,3.0,10.0,20.0,8.0,15.0,7.0,15.0,15.0,0.0,54.0,50.0,31.0,4.0,4.0,20.0
1793,G80_25T,D,294.0,675.0,c1,d1,10.0,3.0,15.0,0.0,3.0,11.0,40.0,0.0,30.0,3.0,10.0,0.0,20.0,15.0,10.0,15.0,15.0,0.0,57.0,76.0,19.0,6.0,6.0,20.0
1794,G80_25T,D,377.0,675.0,c1,d1,10.0,25.0,15.0,30.0,3.0,9.0,22.0,0.0,30.0,3.0,10.0,20.0,4.0,15.0,10.0,0.0,15.0,0.0,26.0,41.0,69.0,0.0,0.0,20.0
1795,G80_25T,D,201.0,675.0,c1,d1,10.0,3.0,11.0,0.0,4.0,2.0,22.0,0.0,30.0,3.0,10.0,20.0,20.0,15.0,10.0,15.0,15.0,0.0,18.0,13.0,50.0,0.0,0.0,20.0
1796,G80_25T,D,316.0,675.0,c1,d1,10.0,3.0,11.0,0.0,0.0,11.0,40.0,0.0,30.0,3.0,10.0,20.0,20.0,15.0,10.0,0.0,15.0,0.0,43.0,65.0,56.0,12.0,12.0,20.0
1797,G80_25T,D,145.0,675.0,c1,d1,10.0,0.0,0.0,0.0,16.0,11.0,0.0,0.0,0.0,0.0,0.0,0.0,0.0,0.0,10.0,15.0,15.0,10.0,14.0,0.0,60.0,7.0,7.0,20.0
1798,G80_25T,D,253.0,675.0,c1,d1,10.0,3.0,11.0,0.0,11.0,9.0,10.0,0.0,30.0,3.0,10.0,0.0,4.0,15.0,7.0,15.0,15.0,0.0,80.0,100.0,0.0,0.0,0.0,10.0
1799,G80_25T,D,342.0,675.0,c1,d1,10.0,18.0,7.0,30.0,16.0,11.0,10.0,0.0,30.0,3.0,10.0,20.0,4.0,15.0,10.0,15.0,15.0,10.0,14.0,0.0,60.0,7.0,7.0,20.0
1800,G80_25T,E,217.0,675.0,c1,d1,10.0,3.0,3.0,0.0,11.0,12.0,22.0,0.0,0.0,3.0,10.0,0.0,8.0,15.0,7.0,15.0,15.0,0.0,80.0,100.0,35.0,14.0,14.0,10.0
1801,G80_25T,E,240.0,675.0,c1,d1,10.0,0.0,0.0,0.0,20.0,22.0,0.0,0.0,0.0,0.0,0.0,0.0,0.0,0.0,10.0,15.0,15.0,10.0,73.0,36.0,9.0,20.0,30.0,20.0
1802,G80_25T,E,322.0,675.0,c1,d1,10.0,3.0,11.0,0.0,20.0,22.0,22.0,0.0,30.0,3.0,10.0,20.0,8.0,15.0,10.0,15.0,15.0,10.0,73.0,36.0,9.0,20.0,30.0,20.0
1803,G80_25T,D,256.0,675.0,c1,d1,10.0,3.0,11.0,0.0,10.0,11.0,0.0,0.0,30.0,3.0,10.0,0.0,8.0,15.0,10.0,15.0,15.0,10.0,78.0,97.0,0.0,0.0,0.0,10.0
1804,G80_25T,D,208.0,675.0,c1,d1,10.0,0.0,0.0,0.0,4.0,5.0,0.0,0.0,0.0,0.0,0.0,0.0,0.0,0.0,10.0,0.0,15.0,0.0,77.0,69.0,20.0,14.0,14.0,20.0
1805,G80_25T,D,35.0,675.0,c1,d1,0.0,0.0,0.0,0.0,0.0,0.0,0.0,0.0,0.0,0.0,0.0,0.0,0.0,0.0,10.0,,15.0,,0.0,87.0,3.0,0.0,0.0,0.0
1806,G80_25T,E,117.0,675.0,c1,d1,10.0,3.0,11.0,0.0,8.0,3.0,10.0,0.0,18.0,3.0,10.0,0.0,4.0,15.0,10.0,15.0,15.0,0.0,36.0,29.0,37.0,0.0,0.0,10.0
1807,G80_25T,D,300.0,675.0,c1,d1,10.0,3.0,11.0,0.0,4.0,5.0,40.0,0.0,30.0,3.0,10.0,0.0,20.0,15.0,10.0,0.0,15.0,0.0,77.0,69.0,20.0,14.0,14.0,20.0
1810,G80_25T,D,203.0,675.0,c1,d1,0.0,0.0,0.0,0.0,15.0,9.0,0.0,0.0,0.0,0.0,0.0,0.0,0.0,0.0,7.0,15.0,15.0,10.0,59.0,68.0,35.0,0.0,0.0,20.0
1813,G80_25T,D,273.0,675.0,c1,d1,0.0,3.0,11.0,0.0,15.0,9.0,10.0,0.0,30.0,3.0,10.0,20.0,8.0,15.0,7.0,15.0,15.0,10.0,59.0,68.0,35.0,0.0,0.0,20.0
1814,G80_25T,D,165.0,675.0,c1,d1,10.0,0.0,0.0,0.0,18.0,12.0,0.0,0.0,0.0,0.0,0.0,0.0,0.0,0.0,10.0,15.0,15.0,0.0,41.0,16.0,53.0,17.0,18.0,10.0
1815,G80_25T,D,189.0,675.0,c1,d1,10.0,0.0,0.0,0.0,11.0,12.0,0.0,0.0,0.0,0.0,0.0,0.0,0.0,0.0,7.0,0.0,15.0,0.0,49.0,46.0,61.0,18.0,20.0,10.0
1816,G80_25T,E,129.0,675.0,c1,d1,10.0,3.0,11.0,0.0,4.0,3.0,10.0,0.0,0.0,3.0,10.0,20.0,4.0,15.0,7.0,0.0,15.0,0.0,64.0,57.0,49.0,2.0,2.0,10.0
1817,G80_25T,D,294.0,675.0,c1,d1,10.0,3.0,7.0,0.0,11.0,12.0,40.0,0.0,30.0,0.0,10.0,20.0,20.0,15.0,7.0,0.0,15.0,0.0,49.0,46.0,61.0,18.0,20.0,10.0
1818,G80_25T,D,382.0,675.0,c1,d1,10.0,25.0,3.0,30.0,18.0,12.0,22.0,0.0,30.0,0.0,10.0,20.0,12.0,15.0,10.0,15.0,15.0,0.0,41.0,16.0,53.0,17.0,18.0,10.0
1819,G80_25T,E,397.0,675.0,c1,d1,0.0,19.0,15.0,10.0,11.0,17.0,40.0,0.0,0.0,0.0,0.0,0.0,20.0,15.0,10.0,15.0,15.0,10.0,80.0,0.0,60.0,20.0,30.0,10.0
1821,G80_25T,D,130.0,675.0,c1,d1,10.0,0.0,0.0,0.0,2.0,3.0,0.0,0.0,0.0,0.0,0.0,0.0,0.0,0.0,10.0,0.0,15.0,0.0,41.0,18.0,55.0,3.0,3.0,20.0
1822,G80_25T,D,174.0,675.0,c1,d1,10.0,0.0,0.0,0.0,4.0,2.0,0.0,0.0,0.0,0.0,0.0,0.0,0.0,0.0,7.0,15.0,15.0,0.0,59.0,74.0,18.0,0.0,0.0,20.0
1823,G80_25T,D,155.0,675.0,c1,d1,10.0,0.0,0.0,0.0,5.0,11.0,0.0,0.0,0.0,0.0,0.0,0.0,0.0,0.0,10.0,15.0,15.0,0.0,45.0,32.0,38.0,2.0,2.0,20.0
1824,G80_25T,D,205.0,675.0,c1,d1,10.0,0.0,0.0,0.0,12.0,11.0,0.0,0.0,0.0,0.0,0.0,0.0,0.0,0.0,10.0,15.0,15.0,0.0,68.0,77.0,17.0,0.0,0.0,20.0
1825,G80_25T,D,264.0,675.0,c1,d1,10.0,0.0,0.0,0.0,14.0,20.0,0.0,0.0,0.0,0.0,0.0,0.0,0.0,0.0,10.0,15.0,15.0,0.0,47.0,50.0,66.0,20.0,27.0,20.0
1826,G80_25T,D,226.0,675.0,c1,d1,10.0,0.0,0.0,0.0,20.0,20.0,0.0,0.0,0.0,0.0,0.0,0.0,0.0,0.0,10.0,15.0,15.0,0.0,60.0,54.0,5.0,20.0,27.0,20.0
1828,G80_25T,D,358.0,675.0,c1,d1,10.0,25.0,7.0,30.0,4.0,2.0,10.0,0.0,30.0,3.0,10.0,0.0,4.0,15.0,7.0,15.0,15.0,0.0,59.0,74.0,18.0,0.0,0.0,20.0
1829,G80_25T,D,242.0,675.0,c1,d1,10.0,3.0,11.0,0.0,2.0,3.0,40.0,0.0,30.0,3.0,10.0,20.0,20.0,15.0,10.0,0.0,15.0,0.0,41.0,18.0,55.0,3.0,3.0,20.0
1830,G80_25T,D,211.0,675.0,c1,d1,10.0,3.0,11.0,0.0,5.0,11.0,0.0,0.0,30.0,3.0,10.0,20.0,4.0,15.0,10.0,15.0,15.0,0.0,45.0,32.0,38.0,2.0,2.0,20.0
1831,G80_25T,D,317.0,675.0,c1,d1,10.0,3.0,11.0,0.0,12.0,11.0,40.0,0.0,30.0,3.0,10.0,20.0,20.0,15.0,10.0,15.0,15.0,0.0,68.0,77.0,17.0,0.0,0.0,20.0
1833,G80_25T,D,279.0,675.0,c1,d1,10.0,3.0,11.0,0.0,3.0,9.0,40.0,0.0,30.0,3.0,10.0,0.0,20.0,15.0,10.0,0.0,15.0,0.0,80.0,100.0,0.0,0.0,0.0,10.0
1834,G80_25T,B,518.0,675.0,c1,d1,10.0,25.0,11.0,30.0,14.0,20.0,40.0,0.0,30.0,3.0,10.0,20.0,20.0,15.0,10.0,15.0,15.0,0.0,47.0,50.0,66.0,20.0,27.0,20.0
1835,G80_25T,B,480.0,675.0,c1,d1,10.0,25.0,11.0,30.0,20.0,20.0,40.0,0.0,30.0,3.0,10.0,20.0,20.0,15.0,10.0,15.0,15.0,0.0,60.0,54.0,5.0,20.0,27.0,20.0
1838,G80_25T,D,255.0,675.0,c1,d1,10.0,0.0,0.0,0.0,5.0,17.0,0.0,0.0,0.0,0.0,0.0,0.0,0.0,0.0,7.0,15.0,15.0,0.0,52.0,44.0,70.0,20.0,30.0,20.0
1839,G80_25T,B,513.0,675.0,c1,d1,10.0,25.0,15.0,30.0,5.0,17.0,40.0,0.0,30.0,3.0,10.0,20.0,20.0,15.0,7.0,15.0,15.0,0.0,52.0,44.0,70.0,20.0,30.0,20.0
1841,G80_25T,D,268.0,675.0,c1,d1,10.0,0.0,0.0,0.0,7.0,22.0,0.0,0.0,0.0,0.0,0.0,0.0,0.0,0.0,10.0,15.0,15.0,0.0,58.0,50.0,61.0,20.0,30.0,20.0
1843,G80_25T,D,281.0,675.0,c1,d1,10.0,0.0,0.0,0.0,8.0,20.0,0.0,0.0,0.0,0.0,0.0,0.0,0.0,0.0,10.0,15.0,15.0,0.0,54.0,65.0,65.0,20.0,29.0,20.0
1844,G80_25T,D,247.0,675.0,c1,d1,10.0,0.0,0.0,0.0,8.0,20.0,0.0,0.0,0.0,0.0,0.0,0.0,0.0,0.0,10.0,15.0,15.0,0.0,69.0,80.0,3.0,20.0,27.0,20.0
1845,G80_25T,D,229.0,675.0,c1,d1,10.0,0.0,0.0,0.0,10.0,20.0,0.0,0.0,0.0,0.0,0.0,0.0,0.0,0.0,10.0,0.0,15.0,10.0,62.0,70.0,6.0,20.0,26.0,20.0
1846,G80_25T,D,214.0,675.0,c1,d1,10.0,0.0,0.0,0.0,13.0,11.0,0.0,0.0,0.0,0.0,0.0,0.0,0.0,0.0,7.0,0.0,15.0,0.0,76.0,71.0,39.0,1.0,1.0,20.0
1848,G80_25T,D,165.0,675.0,c1,d1,10.0,3.0,11.0,0.0,9.0,9.0,0.0,0.0,30.0,3.0,10.0,20.0,20.0,15.0,10.0,0.0,15.0,10.0,0.0,0.0,70.0,0.0,0.0,10.0
1849,G80_25T,D,363.0,675.0,c1,d1,10.0,3.0,11.0,0.0,8.0,20.0,22.0,0.0,30.0,3.0,10.0,20.0,8.0,15.0,10.0,15.0,15.0,0.0,54.0,65.0,65.0,20.0,29.0,20.0
1850,G80_25T,D,378.0,675.0,c1,d1,10.0,3.0,11.0,0.0,11.0,20.0,40.0,0.0,30.0,3.0,10.0,20.0,20.0,15.0,10.0,15.0,15.0,0.0,58.0,65.0,45.0,20.0,27.0,20.0
1851,G80_25T,D,323.0,675.0,c1,d1,10.0,3.0,11.0,0.0,10.0,20.0,22.0,0.0,30.0,3.0,10.0,20.0,20.0,15.0,10.0,0.0,15.0,10.0,62.0,70.0,6.0,20.0,26.0,20.0
1853,G80_25T,B,501.0,675.0,c1,d1,10.0,25.0,11.0,30.0,8.0,20.0,40.0,0.0,30.0,3.0,10.0,20.0,20.0,15.0,10.0,15.0,15.0,0.0,69.0,80.0,3.0,20.0,27.0,20.0
1854,G80_25T,B,518.0,675.0,c1,d1,10.0,25.0,7.0,30.0,7.0,22.0,40.0,0.0,30.0,3.0,10.0,20.0,20.0,15.0,10.0,15.0,15.0,0.0,58.0,50.0,61.0,20.0,30.0,20.0
1855,G80_25T,D,326.0,675.0,c1,d1,10.0,3.0,11.0,0.0,13.0,11.0,40.0,0.0,30.0,3.0,10.0,20.0,20.0,15.0,7.0,0.0,15.0,0.0,76.0,71.0,39.0,1.0,1.0,20.0
1860,G80_25T,E,209.0,675.0,c1,d1,10.0,3.0,11.0,0.0,10.0,5.0,22.0,0.0,0.0,3.0,10.0,20.0,4.0,15.0,10.0,15.0,15.0,0.0,60.0,65.0,52.0,19.0,20.0,10.0
1861,G80_25T,D,169.0,675.0,c1,d1,10.0,0.0,0.0,0.0,20.0,11.0,0.0,0.0,0.0,0.0,0.0,0.0,0.0,0.0,10.0,15.0,15.0,10.0,42.0,11.0,39.0,8.0,8.0,20.0
1864,G80_25T,D,383.0,675.0,c1,d1,10.0,23.0,3.0,30.0,20.0,11.0,22.0,0.0,30.0,3.0,10.0,20.0,8.0,15.0,10.0,15.0,15.0,10.0,42.0,11.0,39.0,8.0,8.0,20.0
1865,G80_25T,D,326.0,675.0,c1,d1,10.0,3.0,15.0,0.0,5.0,12.0,40.0,0.0,30.0,3.0,10.0,20.0,20.0,15.0,10.0,15.0,15.0,0.0,49.0,56.0,39.0,19.0,20.0,10.0
1866,G80_25T,D,380.0,675.0,c1,d1,10.0,3.0,7.0,0.0,19.0,20.0,40.0,0.0,30.0,3.0,10.0,20.0,20.0,15.0,10.0,15.0,15.0,0.0,67.0,63.0,46.0,20.0,27.0,10.0
1869,G80_25T,D,161.0,675.0,c1,d1,10.0,0.0,0.0,0.0,4.0,9.0,0.0,0.0,0.0,0.0,0.0,0.0,0.0,0.0,10.0,15.0,15.0,0.0,32.0,49.0,47.0,0.0,0.0,20.0
1870,G80_25T,D,414.0,675.0,c1,d1,10.0,25.0,11.0,30.0,6.0,11.0,22.0,0.0,30.0,3.0,10.0,20.0,20.0,15.0,10.0,15.0,15.0,10.0,51.0,41.0,43.0,3.0,3.0,10.0
1872,G80_25T,D,269.0,675.0,c1,d1,10.0,3.0,7.0,0.0,4.0,9.0,40.0,0.0,30.0,3.0,10.0,20.0,20.0,15.0,10.0,15.0,15.0,0.0,32.0,49.0,47.0,0.0,0.0,20.0
1873,G80_25T,B,476.0,675.0,c1,d1,10.0,25.0,15.0,30.0,5.0,16.0,40.0,0.0,30.0,0.0,10.0,20.0,20.0,15.0,3.0,0.0,15.0,0.0,71.0,63.0,48.0,20.0,30.0,10.0
1874,G80_25T,D,141.0,675.0,c1,d1,10.0,0.0,0.0,0.0,9.0,9.0,0.0,0.0,0.0,0.0,0.0,0.0,0.0,0.0,7.0,15.0,15.0,0.0,30.0,32.0,44.0,0.0,0.0,20.0
1875,G80_25T,D,207.0,675.0,c1,d1,10.0,0.0,0.0,0.0,7.0,9.0,0.0,0.0,0.0,0.0,0.0,0.0,0.0,0.0,10.0,15.0,15.0,0.0,69.0,93.0,9.0,0.0,0.0,20.0
1876,G80_25T,D,165.0,675.0,c1,d1,10.0,0.0,0.0,0.0,8.0,9.0,0.0,0.0,0.0,0.0,0.0,0.0,0.0,0.0,10.0,15.0,15.0,10.0,29.0,32.0,57.0,0.0,0.0,20.0
1877,G80_25T,D,184.0,675.0,c1,d1,10.0,0.0,0.0,0.0,12.0,11.0,0.0,0.0,0.0,0.0,0.0,0.0,0.0,0.0,7.0,15.0,15.0,0.0,47.0,48.0,39.0,5.0,5.0,20.0
1878,G80_25T,D,211.0,675.0,c1,d1,10.0,0.0,0.0,0.0,8.0,9.0,0.0,0.0,0.0,0.0,0.0,0.0,0.0,0.0,10.0,15.0,15.0,0.0,65.0,86.0,23.0,0.0,0.0,20.0
1879,G80_25T,E,350.0,675.0,c1,d1,10.0,25.0,11.0,30.0,8.0,9.0,0.0,0.0,30.0,3.0,10.0,0.0,0.0,15.0,7.0,15.0,15.0,10.0,59.0,78.0,5.0,0.0,0.0,10.0
1882,G80_25T,D,248.0,675.0,c1,d1,10.0,0.0,0.0,0.0,15.0,19.0,0.0,0.0,0.0,0.0,0.0,0.0,0.0,0.0,10.0,15.0,15.0,0.0,41.0,33.0,70.0,20.0,30.0,20.0
1884,G80_25T,D,391.0,675.0,c1,d1,10.0,25.0,7.0,30.0,9.0,9.0,40.0,0.0,30.0,3.0,10.0,20.0,20.0,15.0,7.0,15.0,15.0,0.0,30.0,32.0,44.0,0.0,0.0,20.0
1885,G80_25T,D,212.0,675.0,c1,d1,10.0,3.0,0.0,0.0,8.0,9.0,10.0,0.0,30.0,3.0,10.0,12.0,4.0,15.0,10.0,15.0,15.0,10.0,29.0,32.0,57.0,0.0,0.0,20.0
1886,G80_25T,D,293.0,675.0,c1,d1,10.0,3.0,7.0,0.0,8.0,9.0,22.0,0.0,30.0,3.0,10.0,20.0,12.0,15.0,10.0,15.0,15.0,0.0,65.0,86.0,23.0,0.0,0.0,20.0
1887,G80_25T,C,415.0,675.0,c1,d1,10.0,25.0,15.0,30.0,7.0,9.0,22.0,0.0,30.0,3.0,10.0,0.0,8.0,15.0,10.0,15.0,15.0,0.0,69.0,93.0,9.0,0.0,0.0,20.0
1888,G80_25T,C,412.0,675.0,c1,d1,10.0,25.0,11.0,30.0,12.0,11.0,22.0,0.0,30.0,3.0,10.0,20.0,12.0,15.0,7.0,15.0,15.0,0.0,47.0,48.0,39.0,5.0,5.0,20.0
1889,G80_25T,D,317.0,675.0,c1,d1,0.0,3.0,11.0,0.0,17.0,22.0,22.0,0.0,30.0,3.0,10.0,20.0,20.0,15.0,10.0,15.0,15.0,0.0,77.0,57.0,0.0,20.0,30.0,10.0
1890,G80_25T,B,506.0,675.0,c1,d1,10.0,25.0,15.0,30.0,15.0,19.0,40.0,0.0,30.0,3.0,10.0,20.0,20.0,15.0,10.0,15.0,15.0,0.0,41.0,33.0,70.0,20.0,30.0,20.0
1894,G80_25T,D,269.0,675.0,c1,d1,10.0,0.0,0.0,0.0,20.0,20.0,0.0,0.0,0.0,0.0,0.0,0.0,0.0,0.0,10.0,15.0,15.0,10.0,54.0,40.0,56.0,20.0,29.0,20.0
1895,G80_25T,E,382.0,675.0,c1,d1,10.0,21.0,15.0,10.0,13.0,12.0,40.0,0.0,30.0,3.0,10.0,20.0,20.0,15.0,10.0,15.0,15.0,0.0,33.0,0.0,47.0,16.0,17.0,10.0
1896,G80_25T,E,234.0,675.0,c1,d1,10.0,0.0,0.0,0.0,12.0,12.0,0.0,0.0,0.0,0.0,0.0,0.0,0.0,0.0,10.0,15.0,15.0,0.0,59.0,58.0,37.0,17.0,19.0,20.0
1897,G80_25T,B,527.0,675.0,c1,d1,10.0,25.0,15.0,30.0,20.0,20.0,40.0,0.0,30.0,3.0,10.0,20.0,20.0,15.0,10.0,15.0,15.0,10.0,54.0,40.0,56.0,20.0,29.0,20.0
1898,G80_25T,D,145.0,675.0,c1,d1,10.0,0.0,0.0,0.0,13.0,3.0,0.0,0.0,0.0,0.0,0.0,0.0,0.0,0.0,7.0,15.0,15.0,0.0,36.0,0.0,70.0,3.0,3.0,20.0
1899,G80_25T,E,324.0,675.0,c1,d1,10.0,3.0,15.0,0.0,12.0,12.0,22.0,0.0,30.0,3.0,10.0,20.0,12.0,15.0,10.0,15.0,15.0,0.0,59.0,58.0,37.0,17.0,19.0,20.0
1902,G80_25T,D,377.0,675.0,c1,d1,10.0,25.0,15.0,30.0,13.0,3.0,22.0,0.0,30.0,3.0,10.0,20.0,12.0,15.0,7.0,15.0,15.0,0.0,36.0,0.0,70.0,3.0,3.0,20.0
1903,G80_25T,D,168.0,675.0,c1,d1,10.0,0.0,0.0,0.0,5.0,11.0,0.0,0.0,0.0,0.0,0.0,0.0,0.0,0.0,10.0,15.0,15.0,0.0,52.0,43.0,33.0,2.0,2.0,20.0
1904,G80_25T,D,149.0,675.0,c1,d1,10.0,0.0,0.0,0.0,0.0,2.0,0.0,0.0,0.0,0.0,0.0,0.0,0.0,0.0,10.0,0.0,15.0,0.0,42.0,59.0,41.0,0.0,0.0,20.0
1905,G80_25T,D,275.0,675.0,c1,d1,10.0,3.0,11.0,0.0,6.0,12.0,40.0,0.0,30.0,3.0,10.0,20.0,20.0,15.0,10.0,0.0,15.0,0.0,44.0,50.0,25.0,15.0,16.0,10.0
1906,G80_25T,D,165.0,675.0,c1,d1,10.0,0.0,0.0,0.0,7.0,11.0,0.0,0.0,0.0,0.0,0.0,0.0,0.0,0.0,10.0,15.0,15.0,0.0,35.0,43.0,37.0,6.0,6.0,20.0
1907,G80_25T,D,294.0,675.0,c1,d1,10.0,25.0,11.0,30.0,8.0,3.0,10.0,0.0,30.0,3.0,10.0,20.0,4.0,15.0,10.0,15.0,15.0,0.0,27.0,13.0,25.0,0.0,0.0,10.0
1908,G80_25T,D,151.0,675.0,c1,d1,10.0,0.0,0.0,0.0,7.0,9.0,0.0,0.0,0.0,0.0,0.0,0.0,0.0,0.0,10.0,0.0,15.0,0.0,40.0,52.0,38.0,0.0,0.0,20.0
1910,G80_25T,E,343.0,675.0,c1,d1,10.0,23.0,11.0,30.0,7.0,3.0,0.0,0.0,30.0,3.0,0.0,0.0,0.0,15.0,10.0,15.0,15.0,0.0,61.0,72.0,28.0,0.0,0.0,10.0
1911,G80_25T,D,276.0,675.0,c1,d1,10.0,3.0,15.0,0.0,7.0,9.0,40.0,0.0,30.0,3.0,10.0,0.0,20.0,15.0,3.0,15.0,15.0,0.0,47.0,62.0,42.0,0.0,0.0,20.0
1913,G80_25T,D,390.0,675.0,c1,d1,10.0,10.0,11.0,30.0,12.0,12.0,10.0,0.0,30.0,0.0,10.0,20.0,12.0,15.0,10.0,15.0,15.0,0.0,65.0,65.0,13.0,17.0,18.0,10.0
1914,G80_25T,D,250.0,675.0,c1,d1,10.0,3.0,11.0,0.0,5.0,11.0,22.0,0.0,30.0,3.0,10.0,20.0,8.0,15.0,10.0,15.0,15.0,0.0,52.0,43.0,33.0,2.0,2.0,20.0
1915,G80_25T,B,534.0,675.0,c1,d1,10.0,25.0,15.0,30.0,14.0,20.0,40.0,0.0,30.0,3.0,10.0,20.0,20.0,15.0,7.0,15.0,15.0,0.0,80.0,65.0,40.0,20.0,30.0,10.0
1916,G80_25T,D,231.0,675.0,c1,d1,10.0,3.0,11.0,0.0,0.0,2.0,22.0,0.0,30.0,3.0,10.0,20.0,8.0,15.0,10.0,0.0,15.0,0.0,42.0,59.0,41.0,0.0,0.0,20.0
1917,G80_25T,D,397.0,675.0,c1,d1,10.0,25.0,15.0,30.0,7.0,11.0,22.0,0.0,30.0,3.0,10.0,20.0,12.0,15.0,10.0,15.0,15.0,0.0,35.0,43.0,37.0,6.0,6.0,20.0
1919,G80_25T,D,233.0,675.0,c1,d1,10.0,3.0,7.0,0.0,5.0,11.0,0.0,0.0,30.0,3.0,10.0,0.0,4.0,15.0,10.0,15.0,15.0,0.0,61.0,79.0,25.0,5.0,5.0,10.0
1920,G80_25T,D,211.0,675.0,c1,d1,10.0,3.0,11.0,0.0,7.0,9.0,0.0,0.0,30.0,3.0,10.0,20.0,8.0,15.0,10.0,0.0,15.0,0.0,40.0,52.0,38.0,0.0,0.0,20.0
1921,G80_25T,E,355.0,675.0,c1,d1,10.0,24.0,15.0,10.0,6.0,12.0,10.0,0.0,30.0,3.0,10.0,0.0,4.0,15.0,10.0,15.0,15.0,10.0,80.0,0.0,38.0,14.0,14.0,10.0
1922,G80_25T,E,434.0,675.0,c1,d1,10.0,25.0,15.0,10.0,3.0,5.0,40.0,0.0,30.0,3.0,10.0,20.0,20.0,15.0,10.0,15.0,15.0,0.0,80.0,0.0,70.0,14.0,14.0,10.0
1923,G80_25T,E,251.0,675.0,c1,d1,10.0,3.0,15.0,0.0,0.0,3.0,40.0,0.0,30.0,3.0,10.0,20.0,20.0,15.0,7.0,0.0,15.0,0.0,80.0,0.0,34.0,13.0,13.0,10.0
1924,G80_25T,E,323.0,675.0,c1,d1,10.0,25.0,15.0,10.0,0.0,11.0,0.0,0.0,30.0,3.0,10.0,12.0,8.0,15.0,10.0,0.0,15.0,0.0,80.0,0.0,43.0,8.0,8.0,10.0
1926,G80_25T,D,270.0,675.0,c1,d1,0.0,25.0,11.0,30.0,5.0,2.0,0.0,0.0,0.0,0.0,0.0,0.0,4.0,15.0,7.0,15.0,15.0,0.0,45.0,53.0,33.0,0.0,0.0,10.0
1928,G80_25T,D,253.0,675.0,c1,d1,10.0,3.0,15.0,0.0,12.0,11.0,0.0,0.0,30.0,3.0,10.0,0.0,4.0,15.0,10.0,15.0,15.0,0.0,80.0,100.0,0.0,0.0,0.0,10.0
1929,G80_25T,E,353.0,675.0,c1,d1,10.0,25.0,11.0,30.0,16.0,3.0,0.0,0.0,30.0,3.0,10.0,0.0,0.0,15.0,10.0,15.0,15.0,10.0,49.0,2.0,62.0,13.0,14.0,10.0
1930,G80_25T,D,300.0,675.0,c1,d1,10.0,0.0,0.0,0.0,15.0,20.0,0.0,0.0,0.0,0.0,0.0,0.0,0.0,0.0,3.0,15.0,15.0,0.0,80.0,63.0,59.0,20.0,30.0,20.0
1931,G80_25T,D,366.0,675.0,c1,d1,10.0,3.0,11.0,0.0,15.0,20.0,10.0,0.0,30.0,3.0,10.0,12.0,12.0,15.0,3.0,15.0,15.0,0.0,80.0,63.0,59.0,20.0,30.0,20.0
1932,G80_25T,D,192.0,675.0,c1,d1,10.0,0.0,0.0,0.0,10.0,12.0,0.0,0.0,0.0,0.0,0.0,0.0,0.0,0.0,10.0,15.0,15.0,10.0,43.0,8.0,59.0,15.0,15.0,20.0
1933,G80_25T,D,202.0,675.0,c1,d1,10.0,0.0,0.0,0.0,8.0,14.0,0.0,0.0,0.0,0.0,0.0,0.0,0.0,0.0,10.0,15.0,15.0,0.0,54.0,13.0,50.0,20.0,23.0,20.0
1934,G80_25T,D,406.0,675.0,c1,d1,10.0,25.0,11.0,30.0,10.0,12.0,0.0,0.0,30.0,3.0,10.0,20.0,20.0,15.0,10.0,15.0,15.0,10.0,43.0,8.0,59.0,15.0,15.0,20.0
1935,G80_25T,D,310.0,675.0,c1,d1,10.0,3.0,7.0,0.0,8.0,14.0,40.0,0.0,30.0,3.0,10.0,20.0,20.0,15.0,10.0,15.0,15.0,0.0,54.0,13.0,50.0,20.0,23.0,20.0
1936,G80_25T,E,175.0,675.0,c1,d1,10.0,3.0,11.0,0.0,4.0,9.0,40.0,0.0,0.0,3.0,10.0,0.0,20.0,15.0,10.0,15.0,15.0,0.0,48.0,68.0,54.0,0.0,0.0,10.0
1937,G80_25T,D,201.0,675.0,c1,d1,10.0,0.0,0.0,0.0,20.0,11.0,0.0,0.0,0.0,0.0,0.0,0.0,0.0,0.0,10.0,15.0,15.0,10.0,53.0,41.0,22.0,12.0,12.0,20.0
1938,G80_25T,E,279.0,675.0,c1,d1,10.0,0.0,0.0,0.0,20.0,20.0,0.0,0.0,0.0,0.0,0.0,0.0,0.0,0.0,10.0,15.0,15.0,0.0,62.0,47.0,64.0,20.0,26.0,20.0
1939,G80_25T,E,152.0,675.0,c1,d1,10.0,3.0,11.0,0.0,20.0,3.0,0.0,0.0,18.0,3.0,10.0,0.0,4.0,15.0,10.0,15.0,15.0,0.0,60.0,37.0,26.0,6.0,6.0,10.0
1940,G80_25T,C,459.0,675.0,c1,d1,10.0,25.0,15.0,30.0,20.0,11.0,40.0,0.0,30.0,3.0,10.0,20.0,20.0,15.0,10.0,15.0,15.0,10.0,53.0,41.0,22.0,12.0,12.0,20.0
1941,G80_25T,D,245.0,675.0,c1,d1,10.0,0.0,0.0,0.0,20.0,20.0,0.0,0.0,0.0,0.0,0.0,0.0,0.0,0.0,10.0,15.0,15.0,10.0,46.0,33.0,46.0,20.0,30.0,20.0
1942,G80_25T,E,494.0,675.0,c1,d1,10.0,20.0,11.0,30.0,20.0,20.0,22.0,0.0,30.0,3.0,10.0,20.0,4.0,15.0,10.0,15.0,15.0,0.0,62.0,47.0,64.0,20.0,26.0,20.0
1943,G80_25T,B,503.0,675.0,c1,d1,10.0,25.0,15.0,30.0,20.0,20.0,40.0,0.0,30.0,3.0,10.0,20.0,20.0,15.0,10.0,15.0,15.0,10.0,46.0,33.0,46.0,20.0,30.0,20.0
1944,G80_25T,D,357.0,675.0,c1,d1,10.0,3.0,11.0,0.0,5.0,12.0,22.0,0.0,30.0,0.0,10.0,20.0,8.0,15.0,10.0,15.0,15.0,0.0,80.0,100.0,52.0,19.0,20.0,10.0
1946,G80_25T,D,175.0,675.0,c1,d1,10.0,0.0,0.0,0.0,14.0,3.0,0.0,0.0,0.0,0.0,0.0,0.0,0.0,0.0,3.0,15.0,15.0,0.0,71.0,71.0,3.0,0.0,0.0,20.0
1947,G80_25T,D,238.0,675.0,c1,d1,10.0,0.0,0.0,0.0,20.0,20.0,0.0,0.0,0.0,0.0,0.0,0.0,0.0,0.0,10.0,15.0,15.0,0.0,52.0,22.0,57.0,20.0,27.0,20.0
1948,G80_25T,D,180.0,675.0,c1,d1,10.0,0.0,0.0,0.0,12.0,11.0,0.0,0.0,0.0,0.0,0.0,0.0,0.0,0.0,10.0,15.0,15.0,0.0,41.0,40.0,34.0,11.0,11.0,20.0
1950,G80_25T,D,243.0,675.0,c1,d1,10.0,3.0,11.0,0.0,14.0,3.0,0.0,0.0,30.0,3.0,10.0,20.0,16.0,15.0,3.0,15.0,15.0,0.0,71.0,71.0,3.0,0.0,0.0,20.0
1951,G80_25T,C,430.0,675.0,c1,d1,10.0,25.0,15.0,30.0,20.0,20.0,10.0,0.0,30.0,3.0,10.0,0.0,4.0,15.0,10.0,15.0,15.0,0.0,52.0,22.0,57.0,20.0,27.0,20.0
1952,G80_25T,D,400.0,675.0,c1,d1,10.0,25.0,15.0,30.0,12.0,11.0,22.0,0.0,30.0,3.0,10.0,12.0,8.0,15.0,10.0,15.0,15.0,0.0,41.0,40.0,34.0,11.0,11.0,20.0
1953,G80_25T,D,264.0,675.0,c1,d1,10.0,0.0,0.0,0.0,5.0,22.0,0.0,0.0,0.0,0.0,0.0,0.0,0.0,0.0,10.0,15.0,15.0,0.0,63.0,59.0,45.0,20.0,30.0,20.0
1954,G80_25T,D,194.0,675.0,c1,d1,0.0,3.0,7.0,0.0,0.0,11.0,22.0,0.0,0.0,0.0,0.0,0.0,4.0,15.0,10.0,0.0,15.0,0.0,71.0,98.0,18.0,0.0,0.0,10.0
1956,G80_25T,B,496.0,675.0,c1,d1,10.0,25.0,15.0,30.0,5.0,22.0,22.0,0.0,30.0,3.0,10.0,20.0,12.0,15.0,10.0,15.0,15.0,0.0,63.0,59.0,45.0,20.0,30.0,20.0
1958,G80_25T,D,290.0,675.0,c1,d1,10.0,3.0,11.0,0.0,4.0,9.0,40.0,0.0,30.0,3.0,6.0,0.0,20.0,15.0,10.0,15.0,15.0,0.0,67.0,95.0,17.0,0.0,0.0,10.0
1959,G80_25T,D,126.0,675.0,c1,d1,10.0,0.0,0.0,0.0,19.0,9.0,0.0,0.0,0.0,0.0,0.0,0.0,0.0,0.0,10.0,15.0,15.0,10.0,21.0,0.0,47.0,0.0,0.0,20.0
1960,G80_25T,D,179.0,675.0,c1,d1,10.0,0.0,0.0,0.0,5.0,11.0,0.0,0.0,0.0,0.0,0.0,0.0,0.0,0.0,10.0,15.0,15.0,0.0,68.0,69.0,6.0,0.0,0.0,20.0
1961,G80_25T,D,206.0,675.0,c1,d1,10.0,0.0,0.0,0.0,11.0,12.0,0.0,0.0,0.0,0.0,0.0,0.0,0.0,0.0,10.0,15.0,15.0,10.0,47.0,43.0,24.0,19.0,20.0,20.0
1962,G80_25T,D,200.0,675.0,c1,d1,10.0,3.0,11.0,0.0,19.0,9.0,10.0,0.0,30.0,3.0,10.0,20.0,12.0,15.0,10.0,15.0,15.0,10.0,21.0,0.0,47.0,0.0,0.0,20.0
1964,G80_25T,D,222.0,675.0,c1,d1,10.0,0.0,0.0,0.0,6.0,5.0,0.0,0.0,0.0,0.0,0.0,0.0,0.0,0.0,10.0,15.0,15.0,0.0,44.0,54.0,60.0,16.0,17.0,20.0
1965,G80_25T,D,291.0,675.0,c1,d1,10.0,3.0,11.0,0.0,5.0,11.0,40.0,0.0,30.0,3.0,10.0,20.0,20.0,15.0,10.0,15.0,15.0,0.0,68.0,69.0,6.0,0.0,0.0,20.0
1966,G80_25T,D,240.0,675.0,c1,d1,10.0,0.0,0.0,0.0,0.0,16.0,0.0,0.0,0.0,0.0,0.0,0.0,0.0,0.0,3.0,0.0,15.0,0.0,52.0,75.0,53.0,20.0,26.0,20.0
1967,G80_25T,D,422.0,675.0,c1,d1,10.0,25.0,15.0,30.0,11.0,12.0,10.0,0.0,30.0,3.0,10.0,20.0,8.0,15.0,10.0,15.0,15.0,10.0,47.0,43.0,24.0,19.0,20.0,20.0
1969,G80_25T,D,296.0,675.0,c1,d1,10.0,3.0,15.0,0.0,6.0,5.0,10.0,0.0,30.0,3.0,10.0,20.0,8.0,15.0,10.0,15.0,15.0,0.0,44.0,54.0,60.0,16.0,17.0,20.0
1970,G80_25T,D,297.0,675.0,c1,d1,10.0,24.0,15.0,30.0,7.0,2.0,0.0,0.0,30.0,3.0,10.0,20.0,4.0,15.0,10.0,15.0,15.0,0.0,22.0,11.0,44.0,0.0,0.0,10.0
1971,G80_25T,B,480.0,675.0,c1,d1,10.0,25.0,15.0,30.0,0.0,16.0,22.0,0.0,30.0,3.0,10.0,20.0,20.0,15.0,3.0,0.0,15.0,0.0,52.0,75.0,53.0,20.0,26.0,20.0
1972,G80_25T,D,264.0,675.0,c1,d1,10.0,0.0,0.0,0.0,18.0,16.0,0.0,0.0,0.0,0.0,0.0,0.0,0.0,0.0,7.0,0.0,15.0,10.0,65.0,61.0,43.0,20.0,29.0,20.0
1973,G80_25T,D,169.0,675.0,c1,d1,10.0,0.0,0.0,0.0,5.0,11.0,0.0,0.0,0.0,0.0,0.0,0.0,0.0,0.0,7.0,0.0,15.0,0.0,51.0,69.0,31.0,0.0,0.0,20.0
1974,G80_25T,B,518.0,675.0,c1,d1,10.0,25.0,11.0,30.0,18.0,16.0,40.0,0.0,30.0,3.0,10.0,20.0,20.0,15.0,7.0,0.0,15.0,10.0,65.0,61.0,43.0,20.0,29.0,20.0
1976,G80_25T,D,186.0,675.0,c1,d1,10.0,0.0,0.0,0.0,14.0,12.0,0.0,0.0,0.0,0.0,0.0,0.0,0.0,0.0,10.0,15.0,15.0,0.0,30.0,11.0,63.0,17.0,19.0,20.0
1977,G80_25T,D,334.0,675.0,c1,d1,10.0,6.0,7.0,30.0,5.0,11.0,22.0,0.0,30.0,3.0,10.0,20.0,12.0,15.0,7.0,0.0,15.0,0.0,51.0,69.0,31.0,0.0,0.0,20.0
1978,G80_25T,D,271.0,675.0,c1,d1,10.0,3.0,11.0,0.0,9.0,12.0,40.0,0.0,30.0,3.0,10.0,0.0,20.0,15.0,10.0,15.0,15.0,0.0,53.0,23.0,42.0,15.0,15.0,10.0
1980,G80_25T,E,278.0,675.0,c1,d1,10.0,25.0,3.0,30.0,15.0,11.0,10.0,0.0,0.0,3.0,10.0,0.0,4.0,15.0,7.0,0.0,15.0,10.0,76.0,68.0,32.0,2.0,2.0,10.0
1981,G80_25T,D,214.0,675.0,c1,d1,10.0,0.0,0.0,0.0,18.0,14.0,0.0,0.0,0.0,0.0,0.0,0.0,0.0,0.0,10.0,15.0,15.0,10.0,41.0,16.0,63.0,20.0,22.0,10.0
1982,G80_25T,C,435.0,675.0,c1,d1,10.0,24.0,7.0,30.0,14.0,12.0,40.0,0.0,30.0,3.0,10.0,20.0,20.0,15.0,10.0,15.0,15.0,0.0,30.0,11.0,63.0,17.0,19.0,20.0
1984,G80_25T,B,514.0,675.0,c1,d1,10.0,25.0,0.0,30.0,20.0,22.0,40.0,0.0,30.0,3.0,10.0,20.0,20.0,15.0,10.0,15.0,15.0,10.0,73.0,22.0,64.0,20.0,30.0,10.0
1985,G80_25T,D,241.0,675.0,c1,d1,10.0,3.0,11.0,0.0,18.0,14.0,22.0,0.0,0.0,0.0,0.0,0.0,16.0,15.0,10.0,15.0,15.0,10.0,41.0,16.0,63.0,20.0,22.0,10.0
1987,G80_25T,D,223.0,675.0,c1,d1,10.0,0.0,0.0,0.0,0.0,9.0,0.0,0.0,0.0,0.0,0.0,0.0,0.0,0.0,10.0,0.0,15.0,0.0,70.0,100.0,39.0,0.0,0.0,20.0
1988,G80_25T,D,209.0,675.0,c1,d1,10.0,0.0,0.0,0.0,9.0,9.0,0.0,0.0,0.0,0.0,0.0,0.0,0.0,0.0,3.0,15.0,15.0,0.0,54.0,69.0,55.0,0.0,0.0,20.0
1991,G80_25T,D,263.0,675.0,c1,d1,10.0,3.0,11.0,0.0,0.0,9.0,0.0,0.0,30.0,3.0,10.0,0.0,8.0,15.0,10.0,0.0,15.0,0.0,70.0,100.0,39.0,0.0,0.0,20.0
1992,G80_25T,D,395.0,675.0,c1,d1,10.0,25.0,11.0,30.0,8.0,11.0,10.0,0.0,30.0,3.0,10.0,12.0,4.0,15.0,7.0,15.0,15.0,0.0,46.0,55.0,50.0,9.0,9.0,10.0
1993,G80_25T,D,405.0,675.0,c1,d1,10.0,7.0,11.0,30.0,9.0,9.0,40.0,0.0,30.0,3.0,10.0,20.0,20.0,15.0,3.0,15.0,15.0,0.0,54.0,69.0,55.0,0.0,0.0,20.0
1997,G80_25T,E,219.0,675.0,c1,d1,10.0,0.0,0.0,0.0,0.0,5.0,0.0,0.0,0.0,0.0,0.0,0.0,0.0,0.0,10.0,0.0,15.0,0.0,48.0,68.0,54.0,19.0,20.0,20.0
1998,G80_25T,D,221.0,675.0,c1,d1,10.0,0.0,0.0,0.0,18.0,11.0,0.0,0.0,0.0,0.0,0.0,0.0,0.0,0.0,10.0,15.0,15.0,0.0,75.0,81.0,16.0,0.0,0.0,20.0
2000,G80_25T,E,473.0,675.0,c1,d1,10.0,25.0,11.0,30.0,0.0,5.0,40.0,0.0,30.0,3.0,10.0,20.0,20.0,15.0,10.0,0.0,15.0,0.0,48.0,68.0,54.0,19.0,20.0,20.0
2001,G80_25T,C,419.0,675.0,c1,d1,10.0,25.0,11.0,30.0,18.0,11.0,0.0,0.0,30.0,3.0,10.0,20.0,4.0,15.0,10.0,15.0,15.0,0.0,75.0,81.0,16.0,0.0,0.0,20.0
2002,G80_25T,D,155.0,675.0,c1,d1,10.0,0.0,0.0,0.0,3.0,3.0,0.0,0.0,0.0,0.0,0.0,0.0,0.0,0.0,7.0,15.0,15.0,0.0,53.0,38.0,39.0,1.0,1.0,20.0
2003,G80_25T,B,488.0,675.0,c1,d1,10.0,25.0,15.0,30.0,16.0,16.0,40.0,0.0,30.0,3.0,10.0,20.0,20.0,15.0,10.0,15.0,15.0,0.0,53.0,52.0,36.0,20.0,27.0,10.0
2004,G80_25T,D,171.0,675.0,c1,d1,10.0,0.0,0.0,0.0,12.0,2.0,0.0,0.0,0.0,0.0,0.0,0.0,0.0,0.0,10.0,15.0,15.0,0.0,65.0,72.0,0.0,0.0,0.0,20.0
2005,G80_25T,D,211.0,675.0,c1,d1,10.0,0.0,0.0,0.0,8.0,11.0,0.0,0.0,0.0,0.0,0.0,0.0,0.0,0.0,10.0,15.0,15.0,10.0,70.0,87.0,5.0,0.0,0.0,20.0
2006,G80_25T,D,225.0,675.0,c1,d1,10.0,3.0,7.0,0.0,3.0,3.0,22.0,0.0,30.0,3.0,10.0,0.0,20.0,15.0,7.0,15.0,15.0,0.0,53.0,38.0,39.0,1.0,1.0,20.0
2007,G80_25T,D,283.0,675.0,c1,d1,10.0,3.0,11.0,0.0,12.0,2.0,40.0,0.0,30.0,3.0,10.0,20.0,20.0,15.0,10.0,15.0,15.0,0.0,65.0,72.0,0.0,0.0,0.0,20.0
2008,G80_25T,D,215.0,675.0,c1,d1,10.0,3.0,11.0,0.0,4.0,9.0,10.0,0.0,30.0,3.0,10.0,0.0,20.0,15.0,10.0,0.0,15.0,0.0,53.0,74.0,18.0,0.0,0.0,10.0
2009,G80_25T,D,156.0,675.0,c1,d1,10.0,0.0,0.0,0.0,11.0,11.0,0.0,0.0,0.0,0.0,0.0,0.0,0.0,0.0,10.0,15.0,15.0,10.0,29.0,0.0,67.0,4.0,4.0,20.0
2010,G80_25T,D,293.0,675.0,c1,d1,10.0,3.0,11.0,0.0,8.0,11.0,22.0,0.0,30.0,3.0,10.0,20.0,8.0,15.0,10.0,15.0,15.0,10.0,70.0,87.0,5.0,0.0,0.0,20.0
2011,G80_25T,C,457.0,675.0,c1,d1,10.0,25.0,15.0,30.0,20.0,20.0,22.0,0.0,30.0,3.0,10.0,20.0,20.0,15.0,10.0,15.0,15.0,10.0,47.0,17.0,46.0,20.0,27.0,10.0
2012,G80_25T,D,291.0,675.0,c1,d1,10.0,3.0,7.0,0.0,4.0,9.0,40.0,0.0,30.0,3.0,10.0,0.0,20.0,15.0,10.0,15.0,15.0,0.0,80.0,100.0,0.0,0.0,0.0,10.0
2013,G80_25T,D,197.0,675.0,c1,d1,10.0,3.0,11.0,0.0,11.0,11.0,0.0,0.0,30.0,3.0,10.0,0.0,8.0,15.0,10.0,15.0,15.0,10.0,30.0,0.0,67.0,4.0,4.0,20.0
2014,G80_25T,D,146.0,675.0,c1,d1,10.0,0.0,0.0,0.0,3.0,2.0,0.0,0.0,0.0,0.0,0.0,0.0,0.0,0.0,10.0,15.0,15.0,0.0,33.0,38.0,50.0,0.0,0.0,20.0
2015,G80_25T,D,339.0,675.0,c1,d1,10.0,24.0,7.0,30.0,3.0,2.0,0.0,0.0,30.0,3.0,10.0,20.0,4.0,15.0,10.0,15.0,15.0,0.0,33.0,38.0,50.0,0.0,0.0,20.0
2016,G80_25T,D,182.0,675.0,c1,d1,10.0,0.0,0.0,0.0,4.0,3.0,0.0,0.0,0.0,0.0,0.0,0.0,0.0,0.0,10.0,0.0,15.0,0.0,54.0,65.0,31.0,10.0,10.0,20.0
2017,G80_25T,D,260.0,675.0,c1,d1,10.0,3.0,7.0,0.0,4.0,3.0,22.0,0.0,30.0,3.0,10.0,20.0,8.0,15.0,10.0,0.0,15.0,0.0,54.0,65.0,31.0,10.0,10.0,20.0
2018,G80_25T,E,81.0,675.0,c1,d1,10.0,0.0,0.0,0.0,12.0,11.0,0.0,0.0,0.0,0.0,0.0,0.0,0.0,0.0,10.0,15.0,15.0,0.0,24.0,14.0,0.0,0.0,0.0,20.0
2019,G80_25T,D,283.0,675.0,c1,d1,10.0,3.0,15.0,0.0,10.0,9.0,40.0,0.0,30.0,3.0,10.0,20.0,20.0,15.0,10.0,15.0,15.0,0.0,44.0,52.0,42.0,0.0,0.0,10.0
2021,G80_25T,D,251.0,675.0,c1,d1,10.0,0.0,0.0,0.0,5.0,22.0,0.0,0.0,0.0,0.0,0.0,0.0,0.0,0.0,10.0,15.0,15.0,0.0,44.0,48.0,62.0,20.0,30.0,20.0
2022,G80_25T,E,335.0,675.0,c1,d1,10.0,25.0,11.0,30.0,12.0,11.0,40.0,0.0,30.0,3.0,10.0,20.0,20.0,15.0,10.0,15.0,15.0,0.0,24.0,14.0,0.0,0.0,0.0,20.0
2023,G80_25T,D,182.0,675.0,c1,d1,10.0,0.0,0.0,0.0,3.0,11.0,0.0,0.0,0.0,0.0,0.0,0.0,0.0,0.0,10.0,15.0,15.0,0.0,60.0,81.0,7.0,0.0,0.0,20.0
2024,G80_25T,D,262.0,675.0,c1,d1,10.0,0.0,0.0,0.0,17.0,20.0,0.0,0.0,0.0,0.0,0.0,0.0,0.0,0.0,10.0,15.0,15.0,10.0,47.0,41.0,59.0,20.0,28.0,20.0
2026,G80_25T,B,509.0,675.0,c1,d1,10.0,25.0,15.0,30.0,5.0,22.0,40.0,0.0,30.0,3.0,10.0,20.0,20.0,15.0,10.0,15.0,15.0,0.0,44.0,48.0,62.0,20.0,30.0,20.0
2027,G80_25T,D,264.0,675.0,c1,d1,10.0,3.0,11.0,0.0,3.0,11.0,10.0,0.0,30.0,3.0,10.0,20.0,20.0,15.0,10.0,15.0,15.0,0.0,60.0,81.0,7.0,0.0,0.0,20.0
2028,G80_25T,B,520.0,675.0,c1,d1,10.0,25.0,15.0,30.0,17.0,20.0,40.0,0.0,30.0,3.0,10.0,20.0,20.0,15.0,10.0,15.0,15.0,10.0,47.0,41.0,59.0,20.0,28.0,20.0
2029,G80_25T,C,415.0,675.0,c1,d1,10.0,24.0,11.0,30.0,18.0,11.0,0.0,0.0,30.0,3.0,10.0,0.0,0.0,15.0,10.0,15.0,15.0,0.0,79.0,88.0,24.0,6.0,6.0,10.0
2030,G80_25T,D,180.0,675.0,c1,d1,10.0,0.0,0.0,0.0,7.0,9.0,0.0,0.0,0.0,0.0,0.0,0.0,0.0,0.0,10.0,0.0,15.0,10.0,47.0,62.0,40.0,0.0,0.0,20.0
2031,G80_25T,D,225.0,675.0,c1,d1,10.0,0.0,0.0,0.0,18.0,11.0,0.0,0.0,0.0,0.0,0.0,0.0,0.0,0.0,10.0,15.0,15.0,0.0,63.0,62.0,39.0,6.0,6.0,20.0
2032,G80_25T,E,391.0,675.0,c1,d1,10.0,25.0,3.0,30.0,18.0,11.0,0.0,0.0,30.0,3.0,10.0,0.0,0.0,15.0,10.0,15.0,15.0,0.0,63.0,62.0,39.0,6.0,6.0,20.0
2033,G80_25T,D,242.0,675.0,c1,d1,10.0,3.0,11.0,0.0,7.0,9.0,10.0,0.0,30.0,3.0,10.0,12.0,8.0,15.0,10.0,0.0,15.0,10.0,47.0,62.0,40.0,0.0,0.0,20.0
2034,G80_25T,B,489.0,675.0,c1,d1,10.0,25.0,15.0,30.0,5.0,14.0,40.0,0.0,30.0,0.0,10.0,20.0,20.0,15.0,10.0,0.0,15.0,0.0,50.0,75.0,70.0,20.0,25.0,10.0
2036,G80_25T,D,240.0,675.0,c1,d1,10.0,3.0,7.0,0.0,8.0,9.0,22.0,0.0,30.0,3.0,10.0,0.0,20.0,15.0,10.0,15.0,15.0,10.0,39.0,49.0,45.0,0.0,0.0,10.0
2037,G80_25T,D,160.0,675.0,c1,d1,10.0,0.0,0.0,0.0,8.0,3.0,0.0,0.0,0.0,0.0,0.0,0.0,0.0,0.0,10.0,15.0,15.0,0.0,54.0,57.0,18.0,0.0,0.0,20.0
2038,G80_25T,D,242.0,675.0,c1,d1,10.0,3.0,11.0,0.0,8.0,3.0,22.0,0.0,30.0,3.0,10.0,20.0,8.0,15.0,10.0,15.0,15.0,0.0,54.0,57.0,18.0,0.0,0.0,20.0
2039,G80_25T,D,220.0,675.0,c1,d1,10.0,0.0,0.0,0.0,20.0,16.0,0.0,0.0,0.0,0.0,0.0,0.0,0.0,0.0,10.0,0.0,15.0,10.0,43.0,18.0,61.0,20.0,27.0,20.0
2040,G80_25T,C,416.0,675.0,c1,d1,10.0,3.0,15.0,30.0,20.0,16.0,40.0,0.0,30.0,3.0,10.0,20.0,20.0,15.0,10.0,0.0,15.0,10.0,43.0,18.0,61.0,20.0,27.0,20.0
2041,G80_25T,D,210.0,675.0,c1,d1,10.0,4.0,7.0,0.0,7.0,3.0,0.0,0.0,30.0,3.0,10.0,0.0,8.0,15.0,10.0,15.0,15.0,0.0,69.0,59.0,23.0,1.0,1.0,10.0
2042,G80_25T,D,261.0,675.0,c1,d1,10.0,0.0,0.0,0.0,7.0,22.0,0.0,0.0,0.0,0.0,0.0,0.0,0.0,0.0,10.0,15.0,15.0,0.0,67.0,60.0,35.0,20.0,30.0,20.0
2043,G80_25T,D,191.0,675.0,c1,d1,10.0,0.0,0.0,0.0,3.0,6.0,0.0,0.0,0.0,0.0,0.0,0.0,0.0,0.0,7.0,15.0,15.0,0.0,80.0,85.0,0.0,0.0,0.0,20.0
2044,G80_25T,D,285.0,675.0,c1,d1,10.0,3.0,11.0,0.0,3.0,6.0,22.0,0.0,30.0,3.0,10.0,20.0,20.0,15.0,7.0,15.0,15.0,0.0,80.0,85.0,0.0,0.0,0.0,20.0
2045,G80_25T,D,376.0,675.0,c1,d1,10.0,6.0,11.0,0.0,7.0,22.0,40.0,0.0,30.0,3.0,10.0,20.0,20.0,15.0,10.0,15.0,15.0,0.0,67.0,60.0,35.0,20.0,30.0,20.0
2046,G80_25T,D,329.0,675.0,c1,d1,10.0,3.0,15.0,0.0,18.0,12.0,40.0,0.0,30.0,3.0,10.0,12.0,20.0,15.0,10.0,15.0,15.0,10.0,55.0,38.0,45.0,16.0,17.0,10.0
2047,G80_25T,E,269.0,675.0,c1,d1,10.0,3.0,11.0,0.0,14.0,20.0,10.0,0.0,18.0,3.0,10.0,0.0,4.0,15.0,10.0,15.0,15.0,0.0,78.0,64.0,39.0,20.0,30.0,10.0
2053,G80_25T,D,252.0,675.0,c1,d1,10.0,3.0,11.0,0.0,9.0,9.0,0.0,0.0,30.0,3.0,10.0,20.0,8.0,15.0,10.0,15.0,15.0,0.0,66.0,86.0,12.0,0.0,0.0,10.0
2054,G80_25T,D,245.0,675.0,c1,d1,10.0,3.0,11.0,0.0,5.0,9.0,0.0,0.0,30.0,3.0,10.0,12.0,8.0,15.0,10.0,15.0,15.0,0.0,67.0,93.0,9.0,0.0,0.0,10.0
2055,G80_25T,C,442.0,675.0,c1,d1,10.0,25.0,11.0,30.0,11.0,9.0,40.0,0.0,30.0,3.0,10.0,20.0,20.0,15.0,10.0,15.0,15.0,0.0,65.0,83.0,10.0,0.0,0.0,10.0
2057,G80_25T,D,195.0,675.0,c1,d1,10.0,0.0,0.0,0.0,10.0,11.0,0.0,0.0,0.0,0.0,0.0,0.0,0.0,0.0,10.0,15.0,15.0,0.0,62.0,52.0,34.0,3.0,3.0,20.0
2058,G80_25T,D,220.0,675.0,c1,d1,10.0,0.0,0.0,0.0,8.0,12.0,0.0,0.0,0.0,0.0,0.0,0.0,0.0,0.0,3.0,15.0,15.0,0.0,40.0,39.0,70.0,18.0,20.0,20.0
2059,G80_25T,D,162.0,675.0,c1,d1,10.0,0.0,0.0,0.0,13.0,11.0,0.0,0.0,0.0,0.0,0.0,0.0,0.0,0.0,10.0,15.0,15.0,0.0,31.0,19.0,48.0,10.0,10.0,20.0
2060,G80_25T,D,164.0,675.0,c1,d1,10.0,0.0,0.0,0.0,5.0,9.0,0.0,0.0,0.0,0.0,0.0,0.0,0.0,0.0,7.0,15.0,15.0,10.0,32.0,45.0,46.0,0.0,0.0,20.0
2061,G80_25T,D,238.0,675.0,c1,d1,10.0,0.0,0.0,0.0,14.0,16.0,0.0,0.0,0.0,0.0,0.0,0.0,0.0,0.0,10.0,15.0,15.0,0.0,47.0,48.0,44.0,20.0,29.0,20.0
2063,G80_25T,D,242.0,675.0,c1,d1,10.0,0.0,0.0,0.0,20.0,12.0,0.0,0.0,0.0,0.0,0.0,0.0,0.0,0.0,10.0,15.0,15.0,10.0,68.0,50.0,31.0,15.0,16.0,20.0
2065,G80_25T,D,405.0,675.0,c1,d1,10.0,25.0,7.0,30.0,8.0,9.0,0.0,0.0,30.0,3.0,10.0,20.0,8.0,15.0,10.0,15.0,15.0,0.0,80.0,100.0,0.0,0.0,0.0,10.0
2066,G80_25T,D,336.0,675.0,c1,d1,10.0,3.0,15.0,0.0,8.0,12.0,40.0,0.0,30.0,3.0,10.0,20.0,20.0,15.0,3.0,15.0,15.0,0.0,40.0,39.0,70.0,18.0,20.0,20.0
2067,G80_25T,D,356.0,675.0,c1,d1,10.0,25.0,3.0,30.0,13.0,11.0,0.0,0.0,30.0,3.0,10.0,20.0,8.0,15.0,10.0,15.0,15.0,0.0,31.0,19.0,48.0,10.0,10.0,20.0
2068,G80_25T,D,273.0,675.0,c1,d1,10.0,3.0,15.0,0.0,10.0,11.0,22.0,0.0,30.0,3.0,10.0,0.0,20.0,15.0,10.0,15.0,15.0,0.0,62.0,52.0,34.0,3.0,3.0,20.0
2069,G80_25T,D,350.0,675.0,c1,d1,10.0,3.0,11.0,0.0,14.0,16.0,40.0,0.0,30.0,3.0,10.0,20.0,20.0,15.0,10.0,15.0,15.0,0.0,47.0,48.0,44.0,20.0,29.0,20.0
2071,G80_25T,D,396.0,675.0,c1,d1,10.0,25.0,7.0,30.0,5.0,9.0,22.0,0.0,30.0,3.0,10.0,20.0,20.0,15.0,7.0,15.0,15.0,10.0,32.0,45.0,46.0,0.0,0.0,20.0
2072,G80_25T,D,162.0,675.0,c1,d1,10.0,0.0,0.0,0.0,5.0,9.0,0.0,0.0,0.0,0.0,0.0,0.0,0.0,0.0,10.0,15.0,15.0,0.0,42.0,59.0,27.0,0.0,0.0,20.0
2073,G80_25T,D,179.0,675.0,c1,d1,0.0,0.0,0.0,0.0,5.0,11.0,0.0,0.0,0.0,0.0,0.0,0.0,0.0,0.0,10.0,15.0,15.0,0.0,58.0,75.0,16.0,2.0,2.0,20.0
2074,G80_25T,D,275.0,675.0,c1,d1,10.0,3.0,0.0,0.0,20.0,12.0,0.0,0.0,30.0,3.0,10.0,12.0,0.0,15.0,10.0,15.0,15.0,10.0,68.0,50.0,31.0,15.0,16.0,20.0
2075,G80_25T,D,236.0,675.0,c1,d1,10.0,3.0,11.0,0.0,5.0,9.0,10.0,0.0,30.0,3.0,10.0,20.0,12.0,15.0,10.0,15.0,15.0,0.0,42.0,59.0,27.0,0.0,0.0,20.0
2076,G80_25T,D,291.0,675.0,c1,d1,0.0,3.0,11.0,0.0,5.0,11.0,40.0,0.0,30.0,3.0,10.0,20.0,20.0,15.0,10.0,15.0,15.0,0.0,58.0,75.0,16.0,2.0,2.0,20.0
2077,G80_25T,D,344.0,675.0,c1,d1,10.0,24.0,15.0,30.0,7.0,9.0,0.0,0.0,30.0,3.0,10.0,0.0,4.0,15.0,7.0,15.0,15.0,0.0,45.0,59.0,36.0,0.0,0.0,10.0
2078,G80_25T,D,259.0,675.0,c1,d1,10.0,0.0,0.0,0.0,18.0,20.0,0.0,0.0,0.0,0.0,0.0,0.0,0.0,0.0,7.0,15.0,15.0,0.0,50.0,44.0,63.0,20.0,27.0,20.0
2079,G80_25T,E,272.0,675.0,c1,d1,10.0,3.0,15.0,0.0,10.0,12.0,40.0,0.0,30.0,3.0,10.0,20.0,20.0,15.0,10.0,15.0,15.0,0.0,53.0,0.0,35.0,17.0,19.0,10.0
2080,G80_25T,D,289.0,675.0,c1,d1,10.0,3.0,3.0,0.0,2.0,11.0,40.0,0.0,30.0,3.0,10.0,20.0,20.0,15.0,7.0,0.0,15.0,0.0,80.0,100.0,0.0,0.0,0.0,10.0
2081,G80_25T,D,244.0,675.0,c1,d1,10.0,0.0,0.0,0.0,7.0,12.0,0.0,0.0,0.0,0.0,0.0,0.0,0.0,0.0,3.0,0.0,15.0,0.0,62.0,70.0,62.0,16.0,17.0,20.0
2082,G80_25T,B,517.0,675.0,c1,d1,10.0,25.0,15.0,30.0,18.0,20.0,40.0,0.0,30.0,3.0,10.0,20.0,20.0,15.0,7.0,15.0,15.0,0.0,50.0,44.0,63.0,20.0,27.0,20.0
2083,G80_25T,D,166.0,675.0,c1,d1,10.0,0.0,0.0,0.0,11.0,11.0,0.0,0.0,0.0,0.0,0.0,0.0,0.0,0.0,10.0,15.0,15.0,10.0,43.0,50.0,21.0,0.0,0.0,20.0
2085,G80_25T,D,356.0,675.0,c1,d1,10.0,3.0,11.0,0.0,7.0,12.0,40.0,0.0,30.0,3.0,10.0,20.0,20.0,15.0,3.0,0.0,15.0,0.0,62.0,70.0,62.0,16.0,17.0,20.0
2087,G80_25T,D,274.0,675.0,c1,d1,10.0,3.0,7.0,0.0,11.0,11.0,40.0,0.0,30.0,3.0,10.0,20.0,20.0,15.0,10.0,15.0,15.0,10.0,43.0,50.0,21.0,0.0,0.0,20.0
2091,G80_EV,D,216.0,675.0,c1,d1,10.0,0.0,0.0,0.0,10.0,17.0,0.0,0.0,0.0,0.0,0.0,0.0,0.0,0.0,10.0,15.0,15.0,0.0,68.0,63.0,18.0,0.0,30.0,10.0
2092,G80_25T,E,465.0,675.0,c1,d1,10.0,25.0,15.0,10.0,20.0,20.0,40.0,0.0,30.0,3.0,10.0,20.0,20.0,15.0,10.0,15.0,15.0,10.0,76.0,0.0,41.0,20.0,30.0,10.0
2093,G80_25T,D,98.0,675.0,c1,d1,10.0,0.0,0.0,0.0,6.0,2.0,0.0,0.0,0.0,0.0,0.0,0.0,0.0,0.0,10.0,15.0,15.0,0.0,0.0,0.0,70.0,0.0,0.0,20.0
2094,G80_25T,D,152.0,675.0,c1,d1,10.0,0.0,0.0,0.0,9.0,2.0,0.0,0.0,0.0,0.0,0.0,0.0,0.0,0.0,10.0,15.0,15.0,0.0,43.0,39.0,39.0,0.0,0.0,20.0
2095,G80_25T,D,218.0,675.0,c1,d1,10.0,0.0,0.0,0.0,20.0,14.0,0.0,0.0,0.0,0.0,0.0,0.0,0.0,0.0,10.0,15.0,15.0,10.0,40.0,0.0,70.0,20.0,24.0,20.0
2097,G80_EV,D,270.0,675.0,c1,d1,10.0,3.0,11.0,0.0,10.0,17.0,22.0,0.0,30.0,3.0,10.0,0.0,0.0,15.0,10.0,15.0,15.0,0.0,68.0,63.0,18.0,0.0,30.0,10.0
2099,G80_25T,D,352.0,675.0,c1,d1,10.0,25.0,11.0,30.0,6.0,2.0,40.0,0.0,30.0,3.0,10.0,20.0,20.0,15.0,10.0,15.0,15.0,0.0,0.0,0.0,70.0,0.0,0.0,20.0
2100,G80_25T,D,204.0,675.0,c1,d1,10.0,3.0,11.0,0.0,9.0,2.0,0.0,0.0,30.0,3.0,10.0,20.0,0.0,15.0,10.0,15.0,15.0,0.0,43.0,39.0,39.0,0.0,0.0,20.0
2101,G80_25T,C,476.0,675.0,c1,d1,10.0,25.0,15.0,30.0,20.0,14.0,40.0,0.0,30.0,3.0,10.0,20.0,20.0,15.0,10.0,15.0,15.0,10.0,40.0,0.0,70.0,20.0,24.0,20.0
2103,G80_25T,D,105.0,675.0,c1,d1,0.0,0.0,0.0,0.0,0.0,0.0,0.0,0.0,0.0,0.0,0.0,0.0,0.0,0.0,10.0,15.0,15.0,10.0,0.0,52.0,43.0,0.0,0.0,10.0
2104,G80_25T,D,269.0,675.0,c1,d1,10.0,3.0,11.0,0.0,2.0,14.0,10.0,0.0,30.0,0.0,10.0,20.0,12.0,15.0,10.0,0.0,15.0,0.0,45.0,55.0,67.0,19.0,21.0,10.0
2105,G80_25T,D,227.0,675.0,c1,d1,10.0,0.0,0.0,0.0,20.0,16.0,0.0,0.0,0.0,0.0,0.0,0.0,0.0,0.0,10.0,15.0,15.0,0.0,37.0,19.0,65.0,20.0,30.0,20.0
2106,G80_25T,E,204.0,675.0,c1,d1,10.0,3.0,15.0,0.0,0.0,11.0,0.0,0.0,18.0,3.0,10.0,0.0,0.0,15.0,10.0,0.0,15.0,0.0,74.0,100.0,20.0,10.0,10.0,10.0
2107,G80_25T,D,284.0,675.0,c1,d1,10.0,0.0,0.0,0.0,16.0,20.0,0.0,0.0,0.0,0.0,0.0,0.0,0.0,0.0,10.0,15.0,15.0,10.0,51.0,50.0,70.0,20.0,27.0,20.0
2109,G80_25T,E,311.0,675.0,c1,d1,10.0,25.0,15.0,30.0,13.0,9.0,0.0,0.0,0.0,3.0,10.0,0.0,0.0,15.0,10.0,15.0,15.0,10.0,80.0,100.0,21.0,0.0,0.0,10.0
2110,G80_25T,B,485.0,675.0,c1,d1,10.0,25.0,15.0,30.0,20.0,16.0,40.0,0.0,30.0,3.0,10.0,20.0,20.0,15.0,10.0,15.0,15.0,0.0,37.0,19.0,65.0,20.0,30.0,20.0
2111,G80_25T,B,538.0,675.0,c1,d1,10.0,25.0,11.0,30.0,16.0,20.0,40.0,0.0,30.0,3.0,10.0,20.0,20.0,15.0,10.0,15.0,15.0,10.0,51.0,50.0,70.0,20.0,27.0,20.0
2113,G80_25T,D,219.0,675.0,c1,d1,10.0,0.0,0.0,0.0,13.0,12.0,0.0,0.0,0.0,0.0,0.0,0.0,0.0,0.0,10.0,0.0,15.0,0.0,67.0,43.0,49.0,15.0,15.0,20.0
2114,G80_25T,D,198.0,675.0,c1,d1,10.0,0.0,0.0,0.0,11.0,5.0,0.0,0.0,0.0,0.0,0.0,0.0,0.0,0.0,10.0,15.0,15.0,10.0,41.0,38.0,37.0,17.0,19.0,20.0
2115,G80_25T,D,242.0,675.0,c1,d1,10.0,0.0,0.0,0.0,17.0,16.0,0.0,0.0,0.0,0.0,0.0,0.0,0.0,0.0,10.0,15.0,15.0,0.0,40.0,30.0,70.0,20.0,29.0,20.0
2116,G80_25T,D,244.0,675.0,c1,d1,10.0,0.0,0.0,0.0,19.0,20.0,0.0,0.0,0.0,0.0,0.0,0.0,0.0,0.0,10.0,0.0,15.0,0.0,51.0,45.0,55.0,20.0,29.0,20.0
2117,G80_25T,D,271.0,675.0,c1,d1,10.0,3.0,11.0,0.0,10.0,9.0,22.0,0.0,30.0,3.0,10.0,0.0,8.0,15.0,10.0,15.0,15.0,0.0,80.0,100.0,0.0,0.0,0.0,10.0
2118,G80_25T,D,220.0,675.0,c1,d1,10.0,0.0,0.0,0.0,13.0,11.0,0.0,0.0,0.0,0.0,0.0,0.0,0.0,0.0,10.0,15.0,15.0,10.0,64.0,71.0,17.0,7.0,7.0,20.0
2120,G80_25T,D,252.0,675.0,c1,d1,10.0,3.0,11.0,0.0,8.0,11.0,22.0,0.0,30.0,3.0,10.0,0.0,16.0,15.0,10.0,15.0,15.0,10.0,44.0,52.0,35.0,6.0,6.0,10.0
2121,G80_25T,E,373.0,675.0,c1,d1,10.0,25.0,11.0,0.0,13.0,12.0,40.0,0.0,30.0,3.0,10.0,0.0,20.0,15.0,10.0,0.0,15.0,0.0,67.0,43.0,49.0,15.0,15.0,20.0
2122,G80_25T,B,502.0,675.0,c1,d1,10.0,25.0,15.0,30.0,19.0,20.0,40.0,0.0,30.0,3.0,10.0,20.0,20.0,15.0,10.0,0.0,15.0,0.0,51.0,45.0,55.0,20.0,29.0,20.0
2123,G80_25T,C,452.0,675.0,c1,d1,10.0,25.0,11.0,30.0,11.0,5.0,40.0,0.0,30.0,3.0,10.0,20.0,20.0,15.0,10.0,15.0,15.0,10.0,41.0,38.0,37.0,17.0,19.0,20.0
2124,G80_25T,E,372.0,675.0,c1,d1,10.0,25.0,7.0,30.0,14.0,20.0,22.0,0.0,0.0,3.0,10.0,0.0,20.0,15.0,10.0,15.0,15.0,10.0,56.0,58.0,56.0,20.0,26.0,10.0
2125,G80_25T,D,302.0,675.0,c1,d1,10.0,3.0,7.0,0.0,13.0,11.0,22.0,0.0,30.0,3.0,10.0,20.0,12.0,15.0,10.0,15.0,15.0,10.0,64.0,71.0,17.0,7.0,7.0,20.0
2126,G80_25T,D,157.0,675.0,c1,d1,10.0,0.0,0.0,0.0,8.0,9.0,0.0,0.0,0.0,0.0,0.0,0.0,0.0,0.0,7.0,15.0,15.0,0.0,34.0,41.0,48.0,0.0,0.0,20.0
2127,G80_25T,D,194.0,675.0,c1,d1,10.0,0.0,0.0,0.0,5.0,11.0,0.0,0.0,0.0,0.0,0.0,0.0,0.0,0.0,7.0,15.0,15.0,0.0,67.0,87.0,7.0,0.0,0.0,20.0
2128,G80_25T,D,264.0,675.0,c1,d1,10.0,3.0,11.0,0.0,12.0,11.0,22.0,0.0,30.0,3.0,10.0,0.0,20.0,15.0,7.0,15.0,15.0,0.0,48.0,51.0,47.0,7.0,7.0,10.0
2129,G80_25T,D,232.0,675.0,c1,d1,10.0,0.0,0.0,0.0,11.0,12.0,0.0,0.0,0.0,0.0,0.0,0.0,0.0,0.0,10.0,15.0,15.0,0.0,80.0,90.0,5.0,7.0,7.0,20.0
2130,G80_25T,D,351.0,675.0,c1,d1,10.0,25.0,7.0,30.0,8.0,9.0,0.0,0.0,30.0,3.0,10.0,20.0,4.0,15.0,7.0,15.0,15.0,0.0,34.0,41.0,48.0,0.0,0.0,20.0
2132,G80_25T,D,276.0,675.0,c1,d1,10.0,3.0,11.0,0.0,5.0,11.0,22.0,0.0,30.0,3.0,10.0,20.0,8.0,15.0,7.0,15.0,15.0,0.0,67.0,87.0,7.0,0.0,0.0,20.0
2133,G80_25T,D,344.0,675.0,c1,d1,10.0,3.0,11.0,0.0,11.0,12.0,40.0,0.0,30.0,3.0,10.0,20.0,20.0,15.0,10.0,15.0,15.0,0.0,80.0,90.0,5.0,7.0,7.0,20.0
2135,G80_25T,D,166.0,675.0,c1,d1,10.0,0.0,0.0,0.0,10.0,11.0,0.0,0.0,0.0,0.0,0.0,0.0,0.0,0.0,10.0,15.0,15.0,10.0,29.0,0.0,58.0,4.0,4.0,40.0
2136,G80_25T,D,188.0,675.0,c1,d1,10.0,0.0,0.0,0.0,14.0,11.0,0.0,0.0,0.0,0.0,0.0,0.0,0.0,0.0,7.0,15.0,15.0,0.0,51.0,17.0,51.0,13.0,14.0,20.0
2137,G80_25T,D,374.0,675.0,c1,d1,10.0,25.0,15.0,30.0,10.0,11.0,22.0,0.0,30.0,3.0,10.0,0.0,8.0,15.0,10.0,15.0,15.0,10.0,29.0,0.0,58.0,4.0,4.0,40.0
2138,G80_25T,D,388.0,675.0,c1,d1,10.0,25.0,15.0,30.0,15.0,9.0,40.0,0.0,30.0,3.0,10.0,20.0,20.0,15.0,7.0,15.0,15.0,0.0,23.0,8.0,68.0,0.0,0.0,10.0
2140,G80_25T,D,190.0,675.0,c1,d1,10.0,0.0,0.0,0.0,5.0,9.0,0.0,0.0,0.0,0.0,0.0,0.0,0.0,0.0,10.0,15.0,15.0,0.0,56.0,77.0,23.0,0.0,0.0,20.0
2141,G80_25T,D,396.0,675.0,c1,d1,10.0,25.0,11.0,30.0,14.0,11.0,10.0,0.0,30.0,3.0,10.0,20.0,4.0,15.0,7.0,15.0,15.0,0.0,51.0,17.0,51.0,13.0,14.0,20.0
2142,G80_25T,D,226.0,675.0,c1,d1,10.0,3.0,11.0,0.0,5.0,9.0,0.0,0.0,30.0,3.0,10.0,0.0,4.0,15.0,10.0,15.0,15.0,0.0,56.0,77.0,23.0,0.0,0.0,20.0
2143,G80_25T,D,149.0,675.0,c1,d1,10.0,0.0,0.0,0.0,14.0,3.0,0.0,0.0,0.0,0.0,0.0,0.0,0.0,0.0,10.0,0.0,15.0,10.0,43.0,0.0,48.0,13.0,13.0,20.0
2144,G80_25T,D,178.0,675.0,c1,d1,10.0,0.0,0.0,0.0,8.0,11.0,0.0,0.0,0.0,0.0,0.0,0.0,0.0,0.0,10.0,15.0,15.0,0.0,37.0,43.0,45.0,7.0,7.0,20.0
2145,G80_25T,D,397.0,675.0,c1,d1,10.0,23.0,7.0,30.0,14.0,3.0,40.0,0.0,30.0,3.0,10.0,20.0,20.0,15.0,10.0,0.0,15.0,10.0,43.0,0.0,48.0,13.0,13.0,20.0
2146,G80_25T,D,290.0,675.0,c1,d1,10.0,3.0,11.0,0.0,8.0,11.0,40.0,0.0,30.0,3.0,10.0,20.0,20.0,15.0,10.0,15.0,15.0,0.0,37.0,43.0,45.0,7.0,7.0,20.0
2147,G80_25T,D,266.0,675.0,c1,d1,10.0,3.0,7.0,0.0,12.0,12.0,0.0,0.0,30.0,3.0,10.0,20.0,12.0,15.0,10.0,15.0,15.0,10.0,46.0,38.0,40.0,18.0,20.0,10.0
2148,G80_25T,D,359.0,675.0,c1,d1,10.0,3.0,7.0,0.0,10.0,14.0,40.0,0.0,30.0,3.0,10.0,20.0,20.0,15.0,10.0,15.0,15.0,0.0,80.0,100.0,0.0,18.0,19.0,10.0
2149,G80_25T,D,233.0,675.0,c1,d1,10.0,3.0,11.0,0.0,11.0,3.0,10.0,0.0,30.0,3.0,10.0,20.0,20.0,15.0,10.0,15.0,15.0,0.0,46.0,38.0,23.0,10.0,10.0,10.0
2150,G80_25T,D,183.0,675.0,c1,d1,10.0,0.0,0.0,0.0,9.0,5.0,0.0,0.0,0.0,0.0,0.0,0.0,0.0,0.0,10.0,0.0,15.0,0.0,42.0,45.0,41.0,17.0,19.0,20.0
2151,G80_25T,D,169.0,675.0,c1,d1,10.0,0.0,0.0,0.0,14.0,9.0,0.0,0.0,0.0,0.0,0.0,0.0,0.0,0.0,10.0,15.0,15.0,0.0,53.0,59.0,14.0,0.0,0.0,20.0
2152,G80_25T,D,156.0,675.0,c1,d1,10.0,0.0,0.0,0.0,2.0,2.0,0.0,0.0,0.0,0.0,0.0,0.0,0.0,0.0,7.0,0.0,15.0,0.0,40.0,52.0,58.0,0.0,0.0,20.0
2153,G80_25T,D,176.0,675.0,c1,d1,10.0,0.0,0.0,0.0,5.0,3.0,0.0,0.0,0.0,0.0,0.0,0.0,0.0,0.0,10.0,15.0,15.0,0.0,50.0,56.0,22.0,10.0,10.0,20.0
2154,G80_25T,D,272.0,675.0,c1,d1,10.0,0.0,0.0,0.0,2.0,16.0,0.0,0.0,0.0,0.0,0.0,0.0,0.0,0.0,10.0,0.0,15.0,0.0,80.0,78.0,41.0,20.0,30.0,20.0
2155,G80_25T,D,182.0,675.0,c1,d1,10.0,0.0,0.0,0.0,2.0,2.0,0.0,0.0,0.0,0.0,0.0,0.0,0.0,0.0,10.0,0.0,15.0,0.0,58.0,76.0,39.0,0.0,0.0,20.0
2156,G80_25T,D,182.0,675.0,c1,d1,10.0,0.0,0.0,0.0,16.0,3.0,0.0,0.0,0.0,0.0,0.0,0.0,0.0,0.0,10.0,15.0,15.0,0.0,63.0,57.0,17.0,3.0,3.0,20.0
2157,G80_25T,D,181.0,675.0,c1,d1,10.0,0.0,0.0,0.0,0.0,3.0,0.0,0.0,0.0,0.0,0.0,0.0,0.0,0.0,10.0,0.0,15.0,0.0,47.0,62.0,48.0,8.0,8.0,20.0
2159,G80_EV,D,255.0,675.0,c1,d1,10.0,0.0,0.0,0.0,11.0,17.0,0.0,0.0,0.0,0.0,0.0,0.0,0.0,0.0,10.0,15.0,15.0,0.0,67.0,52.0,55.0,13.0,30.0,10.0
2160,G80_25T,D,269.0,675.0,c1,d1,10.0,3.0,15.0,0.0,9.0,5.0,22.0,0.0,30.0,3.0,10.0,20.0,8.0,15.0,10.0,0.0,15.0,0.0,42.0,45.0,41.0,17.0,19.0,20.0
2161,G80_25T,D,407.0,675.0,c1,d1,10.0,9.0,7.0,30.0,15.0,12.0,40.0,0.0,30.0,3.0,10.0,20.0,20.0,15.0,10.0,15.0,15.0,10.0,25.0,4.0,66.0,15.0,16.0,10.0
2162,G80_25T,D,225.0,675.0,c1,d1,10.0,3.0,11.0,0.0,14.0,9.0,0.0,0.0,30.0,3.0,10.0,20.0,4.0,15.0,10.0,15.0,15.0,0.0,53.0,59.0,14.0,0.0,0.0,20.0
2163,G80_25T,D,215.0,675.0,c1,d1,10.0,3.0,0.0,0.0,2.0,2.0,10.0,0.0,30.0,3.0,10.0,20.0,8.0,15.0,7.0,0.0,15.0,0.0,40.0,52.0,58.0,0.0,0.0,20.0
2164,G80_25T,D,276.0,675.0,c1,d1,10.0,3.0,11.0,0.0,16.0,3.0,22.0,0.0,30.0,3.0,10.0,20.0,20.0,15.0,10.0,15.0,15.0,0.0,63.0,57.0,17.0,3.0,3.0,20.0
2165,G80_25T,D,263.0,675.0,c1,d1,10.0,3.0,11.0,0.0,5.0,11.0,0.0,0.0,30.0,3.0,10.0,20.0,8.0,15.0,7.0,15.0,15.0,0.0,80.0,100.0,0.0,0.0,0.0,10.0
2167,G80_25T,D,288.0,675.0,c1,d1,10.0,3.0,11.0,0.0,5.0,3.0,40.0,0.0,30.0,3.0,10.0,20.0,20.0,15.0,10.0,15.0,15.0,0.0,50.0,56.0,22.0,10.0,10.0,20.0
2168,G80_25T,D,240.0,675.0,c1,d1,10.0,3.0,11.0,0.0,2.0,2.0,22.0,0.0,30.0,3.0,10.0,0.0,4.0,15.0,10.0,0.0,15.0,0.0,58.0,76.0,39.0,0.0,0.0,20.0
2169,G80_25T,D,275.0,675.0,c1,d1,10.0,3.0,11.0,0.0,0.0,3.0,22.0,0.0,30.0,3.0,10.0,20.0,20.0,15.0,10.0,0.0,15.0,0.0,47.0,62.0,48.0,8.0,8.0,20.0
2170,G80_25T,B,492.0,675.0,c1,d1,10.0,25.0,15.0,30.0,2.0,16.0,10.0,0.0,30.0,3.0,10.0,20.0,12.0,15.0,10.0,0.0,15.0,0.0,80.0,78.0,41.0,20.0,30.0,20.0
2171,G80_EV,C,446.0,675.0,c1,d1,10.0,16.0,15.0,30.0,11.0,17.0,22.0,0.0,30.0,3.0,10.0,0.0,0.0,15.0,10.0,15.0,15.0,0.0,67.0,52.0,55.0,13.0,30.0,10.0
2172,G80_25T,D,315.0,675.0,c1,d1,10.0,12.0,0.0,30.0,18.0,11.0,0.0,0.0,30.0,3.0,10.0,12.0,4.0,15.0,10.0,15.0,15.0,10.0,32.0,12.0,38.0,9.0,9.0,10.0
2173,G80_25T,D,382.0,675.0,c1,d1,10.0,24.0,7.0,30.0,0.0,9.0,10.0,0.0,30.0,3.0,10.0,0.0,20.0,15.0,3.0,0.0,15.0,0.0,53.0,80.0,53.0,0.0,0.0,10.0
2174,G80_25T,D,204.0,675.0,c1,d1,10.0,0.0,0.0,0.0,12.0,12.0,0.0,0.0,0.0,0.0,0.0,0.0,0.0,0.0,7.0,15.0,15.0,0.0,49.0,43.0,32.0,19.0,20.0,20.0
2175,G80_25T,D,402.0,675.0,c1,d1,10.0,25.0,11.0,30.0,12.0,12.0,0.0,0.0,30.0,3.0,10.0,20.0,4.0,15.0,7.0,15.0,15.0,0.0,49.0,43.0,32.0,19.0,20.0,20.0
2176,G80_25T,D,251.0,675.0,c1,d1,10.0,0.0,0.0,0.0,11.0,20.0,0.0,0.0,0.0,0.0,0.0,0.0,0.0,0.0,10.0,15.0,15.0,0.0,43.0,49.0,62.0,20.0,26.0,20.0
2177,G80_25T,D,136.0,675.0,c1,d1,0.0,0.0,0.0,0.0,10.0,11.0,0.0,0.0,0.0,0.0,0.0,0.0,0.0,0.0,10.0,15.0,15.0,0.0,24.0,16.0,65.0,5.0,5.0,10.0
2178,G80_25T,C,447.0,675.0,c1,d1,10.0,25.0,11.0,30.0,8.0,20.0,10.0,0.0,30.0,3.0,10.0,0.0,12.0,15.0,10.0,15.0,15.0,0.0,54.0,65.0,44.0,20.0,30.0,10.0
2179,G80_25T,B,498.0,675.0,c1,d1,10.0,22.0,7.0,30.0,11.0,20.0,40.0,0.0,30.0,3.0,10.0,20.0,20.0,15.0,10.0,15.0,15.0,0.0,43.0,49.0,62.0,20.0,26.0,20.0
2181,G80_25T,D,225.0,675.0,c1,d1,0.0,25.0,11.0,0.0,10.0,11.0,22.0,0.0,0.0,0.0,0.0,0.0,16.0,15.0,10.0,15.0,15.0,0.0,24.0,16.0,65.0,5.0,5.0,10.0
2182,G80_25T,D,207.0,675.0,c1,d1,10.0,0.0,0.0,0.0,8.0,9.0,0.0,0.0,0.0,0.0,0.0,0.0,0.0,0.0,10.0,15.0,15.0,0.0,80.0,100.0,0.0,0.0,0.0,10.0
2185,G80_25T,D,299.0,675.0,c1,d1,10.0,3.0,11.0,0.0,8.0,9.0,40.0,0.0,30.0,3.0,10.0,0.0,20.0,15.0,10.0,15.0,15.0,0.0,80.0,100.0,0.0,0.0,0.0,10.0
2187,G80_25T,D,148.0,675.0,c1,d1,10.0,3.0,15.0,0.0,5.0,11.0,0.0,0.0,30.0,3.0,10.0,12.0,8.0,15.0,10.0,0.0,15.0,10.0,17.0,18.0,36.0,0.0,0.0,10.0
2190,G80_25T,E,154.0,675.0,c1,d1,0.0,0.0,0.0,0.0,10.0,12.0,0.0,0.0,0.0,0.0,0.0,0.0,0.0,0.0,10.0,15.0,15.0,0.0,43.0,39.0,39.0,15.0,16.0,20.0
2193,G80_25T,E,408.0,675.0,c1,d1,0.0,25.0,11.0,30.0,10.0,12.0,40.0,0.0,30.0,3.0,10.0,20.0,20.0,15.0,10.0,15.0,15.0,0.0,43.0,39.0,39.0,15.0,16.0,20.0
2194,G80_25T,D,201.0,675.0,c1,d1,10.0,0.0,0.0,0.0,9.0,11.0,0.0,0.0,0.0,0.0,0.0,0.0,0.0,0.0,7.0,15.0,15.0,0.0,73.0,91.0,0.0,0.0,0.0,20.0
2195,G80_25T,D,263.0,675.0,c1,d1,10.0,3.0,11.0,0.0,2.0,12.0,22.0,0.0,30.0,3.0,10.0,0.0,20.0,15.0,10.0,0.0,15.0,0.0,80.0,100.0,0.0,0.0,0.0,10.0
2196,G80_25T,D,407.0,675.0,c1,d1,10.0,25.0,7.0,30.0,18.0,11.0,22.0,0.0,30.0,3.0,10.0,20.0,16.0,15.0,10.0,15.0,15.0,0.0,47.0,35.0,46.0,6.0,6.0,10.0
2197,G80_25T,D,226.0,675.0,c1,d1,10.0,0.0,0.0,0.0,20.0,20.0,0.0,0.0,0.0,0.0,0.0,0.0,0.0,0.0,7.0,15.0,15.0,10.0,72.0,47.0,0.0,19.0,21.0,20.0
2198,G80_25T,D,237.0,675.0,c1,d1,10.0,0.0,0.0,0.0,5.0,22.0,0.0,0.0,0.0,0.0,0.0,0.0,0.0,0.0,10.0,15.0,15.0,0.0,54.0,50.0,66.0,20.0,30.0,10.0
2200,G80_25T,D,198.0,675.0,c1,d1,10.0,0.0,0.0,0.0,0.0,12.0,0.0,0.0,0.0,0.0,0.0,0.0,0.0,0.0,10.0,0.0,15.0,0.0,53.0,48.0,52.0,14.0,14.0,20.0
2201,G80_25T,D,317.0,675.0,c1,d1,10.0,3.0,15.0,0.0,9.0,11.0,40.0,0.0,30.0,3.0,10.0,20.0,20.0,15.0,7.0,15.0,15.0,0.0,73.0,91.0,0.0,0.0,0.0,20.0
2202,G80_25T,B,488.0,675.0,c1,d1,10.0,25.0,11.0,30.0,5.0,22.0,40.0,0.0,30.0,0.0,10.0,20.0,20.0,15.0,10.0,15.0,15.0,0.0,54.0,50.0,66.0,20.0,30.0,10.0
2203,G80_25T,C,484.0,675.0,c1,d1,10.0,25.0,15.0,30.0,20.0,20.0,40.0,0.0,30.0,3.0,10.0,20.0,20.0,15.0,7.0,15.0,15.0,10.0,72.0,47.0,0.0,19.0,21.0,20.0
2204,G80_25T,D,390.0,675.0,c1,d1,10.0,7.0,7.0,30.0,0.0,12.0,40.0,0.0,30.0,3.0,10.0,20.0,20.0,15.0,10.0,0.0,15.0,0.0,53.0,48.0,52.0,14.0,14.0,20.0
2205,G80_25T,D,277.0,675.0,c1,d1,10.0,0.0,0.0,0.0,12.0,14.0,0.0,0.0,0.0,0.0,0.0,0.0,0.0,0.0,10.0,15.0,15.0,0.0,51.0,66.0,69.0,20.0,25.0,20.0
2206,G80_25T,B,527.0,675.0,c1,d1,10.0,25.0,7.0,30.0,12.0,14.0,40.0,0.0,30.0,3.0,10.0,20.0,20.0,15.0,10.0,15.0,15.0,0.0,51.0,66.0,69.0,20.0,25.0,20.0
2207,G80_EV,D,191.0,675.0,c1,d1,10.0,0.0,0.0,0.0,20.0,17.0,0.0,0.0,0.0,0.0,0.0,0.0,0.0,0.0,7.0,15.0,15.0,0.0,41.0,25.0,42.0,9.0,30.0,10.0
2208,G80_25T,E,245.0,675.0,c1,d1,10.0,3.0,11.0,0.0,20.0,11.0,10.0,0.0,30.0,3.0,10.0,0.0,0.0,15.0,10.0,15.0,15.0,0.0,56.0,47.0,43.0,8.0,8.0,10.0
2209,G80_EV,D,373.0,675.0,c1,d1,10.0,25.0,15.0,30.0,20.0,17.0,0.0,0.0,30.0,3.0,10.0,0.0,4.0,15.0,7.0,15.0,15.0,0.0,41.0,25.0,42.0,9.0,30.0,10.0
2212,G80_25T,D,239.0,675.0,c1,d1,10.0,0.0,0.0,0.0,20.0,20.0,0.0,0.0,0.0,0.0,0.0,0.0,0.0,0.0,10.0,15.0,15.0,0.0,60.0,44.0,26.0,20.0,29.0,20.0
2214,G80_25T,E,223.0,675.0,c1,d1,10.0,0.0,0.0,0.0,9.0,17.0,0.0,0.0,0.0,0.0,0.0,0.0,0.0,0.0,10.0,15.0,15.0,0.0,65.0,52.0,10.0,20.0,30.0,20.0
2215,G80_25T,D,160.0,675.0,c1,d1,10.0,0.0,0.0,0.0,10.0,3.0,0.0,0.0,0.0,0.0,0.0,0.0,0.0,0.0,10.0,15.0,15.0,0.0,36.0,23.0,46.0,11.0,11.0,20.0
2216,G80_25T,D,135.0,675.0,c1,d1,10.0,0.0,0.0,0.0,17.0,9.0,0.0,0.0,0.0,0.0,0.0,0.0,0.0,0.0,10.0,15.0,15.0,0.0,30.0,13.0,46.0,0.0,0.0,20.0
2218,G80_25T,D,351.0,675.0,c1,d1,10.0,3.0,11.0,0.0,20.0,20.0,40.0,0.0,30.0,3.0,10.0,20.0,20.0,15.0,10.0,15.0,15.0,0.0,60.0,44.0,26.0,20.0,29.0,20.0
2220,G80_25T,E,335.0,675.0,c1,d1,10.0,3.0,11.0,0.0,9.0,17.0,40.0,0.0,30.0,3.0,10.0,20.0,20.0,15.0,10.0,15.0,15.0,0.0,65.0,52.0,10.0,20.0,30.0,20.0
2221,G80_25T,D,333.0,675.0,c1,d1,10.0,25.0,15.0,30.0,17.0,9.0,0.0,0.0,30.0,3.0,10.0,12.0,8.0,15.0,10.0,15.0,15.0,0.0,30.0,13.0,46.0,0.0,0.0,20.0
2222,G80_25T,D,214.0,675.0,c1,d1,10.0,3.0,7.0,0.0,10.0,3.0,22.0,0.0,30.0,3.0,10.0,0.0,4.0,15.0,10.0,15.0,15.0,0.0,36.0,23.0,46.0,11.0,11.0,20.0
2223,G80_25T,D,320.0,675.0,c1,d1,10.0,25.0,7.0,30.0,10.0,3.0,10.0,0.0,30.0,3.0,10.0,20.0,8.0,15.0,10.0,15.0,15.0,10.0,18.0,0.0,61.0,0.0,0.0,10.0
2224,G80_25T,D,230.0,675.0,c1,d1,10.0,0.0,0.0,0.0,20.0,20.0,0.0,0.0,0.0,0.0,0.0,0.0,0.0,0.0,10.0,15.0,15.0,10.0,43.0,13.0,56.0,20.0,28.0,20.0
2225,G80_EV,D,208.0,675.0,c1,d1,10.0,0.0,0.0,0.0,20.0,17.0,0.0,0.0,0.0,0.0,0.0,0.0,0.0,0.0,10.0,15.0,15.0,0.0,63.0,46.0,21.0,1.0,30.0,10.0
2226,G80_25T,D,338.0,675.0,c1,d1,10.0,23.0,3.0,30.0,14.0,9.0,22.0,0.0,30.0,3.0,10.0,12.0,12.0,15.0,7.0,15.0,15.0,0.0,35.0,26.0,37.0,0.0,0.0,10.0
2227,G80_25T,B,488.0,675.0,c1,d1,10.0,25.0,15.0,30.0,20.0,20.0,40.0,0.0,30.0,3.0,10.0,20.0,20.0,15.0,10.0,15.0,15.0,10.0,43.0,13.0,56.0,20.0,28.0,20.0
2228,G80_25T,D,168.0,675.0,c1,d1,10.0,0.0,0.0,0.0,15.0,6.0,0.0,0.0,0.0,0.0,0.0,0.0,0.0,0.0,10.0,0.0,15.0,0.0,30.0,11.0,61.0,19.0,21.0,20.0
2229,G80_EV,D,386.0,675.0,c1,d1,10.0,25.0,15.0,30.0,20.0,17.0,0.0,0.0,30.0,3.0,10.0,0.0,0.0,15.0,10.0,15.0,15.0,0.0,63.0,46.0,21.0,1.0,30.0,10.0
2231,G80_25T,D,288.0,675.0,c1,d1,10.0,3.0,15.0,0.0,20.0,12.0,40.0,0.0,30.0,3.0,10.0,0.0,20.0,15.0,10.0,15.0,15.0,0.0,77.0,73.0,0.0,0.0,0.0,10.0
2233,G80_25T,D,122.0,675.0,c1,d1,10.0,0.0,0.0,0.0,11.0,11.0,0.0,0.0,0.0,0.0,0.0,0.0,0.0,0.0,10.0,15.0,15.0,10.0,8.0,0.0,62.0,0.0,0.0,20.0
2234,G80_25T,D,254.0,675.0,c1,d1,10.0,0.0,0.0,0.0,8.0,20.0,0.0,0.0,0.0,0.0,0.0,0.0,0.0,0.0,10.0,15.0,15.0,0.0,42.0,54.0,61.0,20.0,29.0,20.0
2235,G80_25T,D,219.0,675.0,c1,d1,10.0,0.0,0.0,0.0,20.0,14.0,0.0,0.0,0.0,0.0,0.0,0.0,0.0,0.0,10.0,15.0,15.0,10.0,35.0,27.0,56.0,20.0,27.0,10.0
2236,G80_25T,C,426.0,675.0,c1,d1,10.0,25.0,15.0,30.0,15.0,6.0,40.0,0.0,30.0,3.0,10.0,20.0,20.0,15.0,10.0,0.0,15.0,0.0,30.0,11.0,61.0,19.0,21.0,20.0
2238,G80_25T,D,358.0,675.0,c1,d1,10.0,25.0,11.0,30.0,11.0,11.0,22.0,0.0,30.0,3.0,10.0,20.0,20.0,15.0,10.0,15.0,15.0,10.0,8.0,0.0,62.0,0.0,0.0,20.0
2239,G80_25T,B,512.0,675.0,c1,d1,10.0,25.0,15.0,30.0,8.0,20.0,40.0,0.0,30.0,3.0,10.0,20.0,20.0,15.0,10.0,15.0,15.0,0.0,42.0,54.0,61.0,20.0,29.0,20.0
2240,G80_25T,D,113.0,675.0,c1,d1,10.0,0.0,0.0,0.0,10.0,9.0,0.0,0.0,0.0,0.0,0.0,0.0,0.0,0.0,10.0,15.0,15.0,0.0,9.0,0.0,65.0,0.0,0.0,20.0
2241,G80_25T,C,477.0,675.0,c1,d1,10.0,25.0,15.0,30.0,20.0,14.0,40.0,0.0,30.0,3.0,10.0,20.0,20.0,15.0,10.0,15.0,15.0,10.0,35.0,27.0,56.0,20.0,27.0,10.0
2242,G80_25T,D,160.0,675.0,c1,d1,10.0,0.0,0.0,0.0,13.0,11.0,0.0,0.0,0.0,0.0,0.0,0.0,0.0,0.0,10.0,15.0,15.0,10.0,29.0,16.0,47.0,7.0,7.0,20.0
2243,G80_25T,D,256.0,675.0,c1,d1,10.0,3.0,11.0,0.0,3.0,12.0,10.0,0.0,30.0,3.0,10.0,0.0,4.0,15.0,10.0,15.0,15.0,0.0,58.0,70.0,24.0,16.0,17.0,10.0
2244,G80_25T,B,493.0,675.0,c1,d1,10.0,25.0,11.0,30.0,18.0,20.0,40.0,0.0,30.0,3.0,10.0,20.0,20.0,15.0,10.0,15.0,15.0,10.0,39.0,27.0,68.0,20.0,27.0,10.0
2245,G80_25T,D,325.0,675.0,c1,d1,10.0,25.0,11.0,30.0,10.0,9.0,10.0,0.0,30.0,3.0,10.0,20.0,8.0,15.0,10.0,15.0,15.0,0.0,9.0,0.0,65.0,0.0,0.0,20.0
2246,G80_25T,D,346.0,675.0,c1,d1,10.0,25.0,3.0,30.0,13.0,11.0,0.0,0.0,30.0,3.0,10.0,20.0,0.0,15.0,10.0,15.0,15.0,10.0,29.0,16.0,47.0,7.0,7.0,20.0
2247,G80_25T,D,252.0,675.0,c1,d1,10.0,3.0,11.0,0.0,10.0,9.0,10.0,0.0,30.0,3.0,10.0,0.0,4.0,15.0,10.0,15.0,15.0,0.0,77.0,100.0,0.0,0.0,0.0,10.0
2248,G80_EV,D,167.0,675.0,c1,d1,10.0,0.0,0.0,0.0,19.0,17.0,0.0,0.0,0.0,0.0,0.0,0.0,0.0,0.0,10.0,15.0,15.0,0.0,37.0,20.0,25.0,9.0,30.0,10.0
2249,G80_25T,D,165.0,675.0,c1,d1,10.0,0.0,0.0,0.0,10.0,11.0,0.0,0.0,0.0,0.0,0.0,0.0,0.0,0.0,7.0,15.0,15.0,0.0,32.0,28.0,57.0,5.0,5.0,20.0
2250,G80_25T,D,185.0,675.0,c1,d1,10.0,0.0,0.0,0.0,13.0,11.0,0.0,0.0,0.0,0.0,0.0,0.0,0.0,0.0,10.0,15.0,15.0,0.0,39.0,32.0,50.0,10.0,10.0,20.0
2251,G80_25T,D,163.0,675.0,c1,d1,10.0,0.0,0.0,0.0,4.0,11.0,0.0,0.0,0.0,0.0,0.0,0.0,0.0,0.0,10.0,0.0,15.0,0.0,33.0,48.0,52.0,5.0,5.0,20.0
2252,G80_EV,D,395.0,675.0,c1,d1,10.0,25.0,15.0,30.0,19.0,17.0,22.0,0.0,30.0,3.0,10.0,20.0,8.0,15.0,10.0,15.0,15.0,0.0,37.0,20.0,25.0,9.0,30.0,10.0
2253,G80_25T,D,385.0,675.0,c1,d1,10.0,25.0,11.0,30.0,10.0,11.0,22.0,0.0,30.0,3.0,10.0,20.0,4.0,15.0,7.0,15.0,15.0,0.0,32.0,28.0,57.0,5.0,5.0,20.0
2254,G80_25T,C,434.0,675.0,c1,d1,10.0,24.0,7.0,30.0,13.0,11.0,40.0,0.0,30.0,3.0,10.0,20.0,20.0,15.0,10.0,15.0,15.0,0.0,39.0,32.0,50.0,10.0,10.0,20.0
2255,G80_25T,C,421.0,675.0,c1,d1,10.0,25.0,15.0,30.0,4.0,11.0,40.0,0.0,30.0,3.0,10.0,20.0,20.0,15.0,10.0,0.0,15.0,0.0,33.0,48.0,52.0,5.0,5.0,20.0
2257,G80_25T,D,176.0,675.0,c1,d1,10.0,0.0,0.0,0.0,3.0,2.0,0.0,0.0,0.0,0.0,0.0,0.0,0.0,0.0,7.0,0.0,15.0,0.0,55.0,70.0,44.0,0.0,0.0,20.0
2258,G80_25T,E,225.0,675.0,c1,d1,10.0,3.0,15.0,0.0,5.0,12.0,0.0,0.0,30.0,3.0,10.0,0.0,4.0,15.0,10.0,15.0,15.0,0.0,80.0,0.0,47.0,15.0,16.0,10.0
2260,G80_25T,D,355.0,675.0,c1,d1,10.0,22.0,3.0,30.0,3.0,2.0,0.0,0.0,30.0,3.0,10.0,12.0,4.0,15.0,7.0,0.0,15.0,0.0,55.0,70.0,44.0,0.0,0.0,20.0
2261,G80_25T,D,234.0,675.0,c1,d1,10.0,0.0,0.0,0.0,20.0,14.0,0.0,0.0,0.0,0.0,0.0,0.0,0.0,0.0,10.0,15.0,15.0,10.0,71.0,6.0,50.0,20.0,23.0,20.0
2262,G80_25T,D,241.0,675.0,c1,d1,10.0,0.0,0.0,0.0,5.0,9.0,0.0,0.0,30.0,3.0,10.0,12.0,0.0,0.0,10.0,0.0,15.0,0.0,77.0,100.0,0.0,0.0,0.0,10.0
2264,G80_25T,D,328.0,675.0,c1,d1,10.0,3.0,11.0,0.0,20.0,14.0,22.0,0.0,30.0,3.0,10.0,20.0,20.0,15.0,10.0,15.0,15.0,10.0,71.0,6.0,50.0,20.0,23.0,20.0
2265,G80_25T,D,307.0,675.0,c1,d1,10.0,3.0,15.0,0.0,15.0,12.0,22.0,0.0,30.0,3.0,10.0,20.0,12.0,15.0,7.0,15.0,15.0,10.0,48.0,36.0,50.0,19.0,20.0,10.0
2266,G80_25T,C,451.0,675.0,c1,d1,10.0,25.0,15.0,30.0,14.0,12.0,22.0,0.0,30.0,3.0,10.0,20.0,12.0,15.0,10.0,15.0,15.0,10.0,60.0,55.0,22.0,17.0,19.0,10.0
2268,G80_25T,D,182.0,675.0,c1,d1,10.0,0.0,0.0,0.0,13.0,11.0,0.0,0.0,0.0,0.0,0.0,0.0,0.0,0.0,7.0,15.0,15.0,10.0,53.0,25.0,51.0,1.0,1.0,20.0
2269,G80_25T,D,246.0,675.0,c1,d1,10.0,0.0,0.0,0.0,20.0,20.0,0.0,0.0,0.0,0.0,0.0,0.0,0.0,0.0,10.0,15.0,15.0,10.0,51.0,18.0,58.0,20.0,29.0,20.0
2270,G80_25T,D,356.0,675.0,c1,d1,10.0,25.0,7.0,30.0,13.0,11.0,0.0,0.0,30.0,3.0,10.0,0.0,4.0,15.0,7.0,15.0,15.0,10.0,53.0,25.0,51.0,1.0,1.0,20.0
2271,G80_25T,D,358.0,675.0,c1,d1,10.0,3.0,11.0,0.0,20.0,20.0,40.0,0.0,30.0,3.0,10.0,20.0,20.0,15.0,10.0,15.0,15.0,10.0,51.0,18.0,58.0,20.0,29.0,20.0
2272,G80_25T,D,106.0,675.0,c1,d1,10.0,0.0,0.0,0.0,8.0,9.0,0.0,0.0,0.0,0.0,0.0,0.0,0.0,0.0,10.0,15.0,15.0,0.0,18.0,15.0,36.0,0.0,0.0,20.0
2273,G80_25T,C,464.0,675.0,c1,d1,10.0,25.0,11.0,30.0,20.0,20.0,22.0,0.0,30.0,3.0,10.0,0.0,16.0,15.0,10.0,15.0,15.0,0.0,64.0,55.0,33.0,20.0,30.0,10.0
2274,G80_25T,E,453.0,675.0,c1,d1,10.0,25.0,15.0,30.0,20.0,12.0,0.0,0.0,30.0,3.0,10.0,0.0,0.0,15.0,10.0,15.0,15.0,10.0,76.0,65.0,49.0,16.0,17.0,10.0
2275,G80_25T,D,154.0,675.0,c1,d1,10.0,3.0,11.0,0.0,8.0,9.0,0.0,0.0,30.0,3.0,10.0,0.0,16.0,15.0,10.0,15.0,15.0,0.0,18.0,15.0,36.0,0.0,0.0,20.0
2276,G80_25T,D,234.0,675.0,c1,d1,10.0,0.0,0.0,0.0,8.0,16.0,0.0,0.0,0.0,0.0,0.0,0.0,0.0,0.0,10.0,0.0,15.0,0.0,65.0,76.0,15.0,20.0,29.0,20.0
2277,G80_25T,D,235.0,675.0,c1,d1,10.0,0.0,0.0,0.0,3.0,14.0,0.0,0.0,0.0,0.0,0.0,0.0,0.0,0.0,10.0,0.0,15.0,0.0,80.0,100.0,0.0,16.0,17.0,20.0
2278,G80_25T,C,408.0,675.0,c1,d1,10.0,25.0,11.0,30.0,8.0,16.0,0.0,0.0,30.0,3.0,10.0,0.0,0.0,15.0,10.0,0.0,15.0,0.0,65.0,76.0,15.0,20.0,29.0,20.0
2279,G80_25T,D,351.0,675.0,c1,d1,10.0,3.0,15.0,0.0,3.0,14.0,40.0,0.0,30.0,3.0,10.0,20.0,20.0,15.0,10.0,0.0,15.0,0.0,80.0,100.0,0.0,16.0,17.0,20.0
2280,G80_25T,D,166.0,675.0,c1,d1,10.0,0.0,0.0,0.0,3.0,11.0,0.0,0.0,0.0,0.0,0.0,0.0,0.0,0.0,10.0,15.0,15.0,0.0,26.0,39.0,45.0,11.0,11.0,20.0
2281,G80_25T,D,402.0,675.0,c1,d1,10.0,25.0,15.0,30.0,3.0,11.0,22.0,0.0,30.0,3.0,10.0,20.0,16.0,15.0,10.0,15.0,15.0,0.0,26.0,39.0,45.0,11.0,11.0,20.0
2282,G80_25T,C,474.0,675.0,c1,d1,10.0,25.0,15.0,30.0,16.0,17.0,22.0,0.0,30.0,3.0,10.0,20.0,16.0,15.0,10.0,15.0,15.0,10.0,54.0,21.0,60.0,20.0,30.0,10.0
2283,G80_25T,D,252.0,675.0,c1,d1,10.0,3.0,7.0,0.0,9.0,9.0,40.0,0.0,30.0,3.0,10.0,12.0,20.0,15.0,10.0,0.0,15.0,0.0,38.0,46.0,55.0,0.0,0.0,10.0
2284,G80_25T,E,287.0,675.0,c1,d1,10.0,25.0,15.0,30.0,8.0,11.0,22.0,0.0,0.0,3.0,10.0,0.0,0.0,15.0,10.0,0.0,15.0,0.0,61.0,54.0,66.0,1.0,1.0,10.0
2285,G80_25T,D,193.0,675.0,c1,d1,10.0,0.0,0.0,0.0,10.0,11.0,0.0,0.0,0.0,0.0,0.0,0.0,0.0,0.0,7.0,0.0,15.0,0.0,48.0,54.0,46.0,11.0,11.0,20.0
2287,G80_25T,C,420.0,675.0,c1,d1,10.0,24.0,3.0,30.0,10.0,11.0,22.0,0.0,30.0,3.0,10.0,20.0,20.0,15.0,7.0,0.0,15.0,0.0,48.0,54.0,46.0,11.0,11.0,20.0
2288,G80_25T,D,264.0,675.0,c1,d1,10.0,0.0,0.0,0.0,18.0,22.0,0.0,0.0,0.0,0.0,0.0,0.0,0.0,0.0,10.0,15.0,15.0,10.0,72.0,50.0,22.0,20.0,30.0,20.0
2289,G80_25T,D,376.0,675.0,c1,d1,10.0,3.0,11.0,0.0,18.0,22.0,40.0,0.0,30.0,3.0,10.0,20.0,20.0,15.0,10.0,15.0,15.0,10.0,72.0,50.0,22.0,20.0,30.0,20.0
2290,G80_25T,D,170.0,675.0,c1,d1,10.0,0.0,0.0,0.0,20.0,11.0,0.0,0.0,0.0,0.0,0.0,0.0,0.0,0.0,10.0,15.0,15.0,0.0,44.0,17.0,36.0,11.0,11.0,20.0
2291,G80_25T,D,133.0,675.0,c1,d1,10.0,0.0,0.0,0.0,10.0,9.0,0.0,0.0,0.0,0.0,0.0,0.0,0.0,0.0,10.0,15.0,15.0,10.0,15.0,6.0,63.0,0.0,0.0,20.0
2292,G80_25T,D,282.0,675.0,c1,d1,10.0,3.0,11.0,0.0,20.0,11.0,40.0,0.0,30.0,3.0,10.0,20.0,20.0,15.0,10.0,15.0,15.0,0.0,44.0,17.0,36.0,11.0,11.0,20.0
2293,G80_25T,D,325.0,675.0,c1,d1,10.0,25.0,15.0,30.0,10.0,9.0,10.0,0.0,30.0,3.0,10.0,0.0,4.0,15.0,10.0,15.0,15.0,10.0,15.0,6.0,63.0,0.0,0.0,20.0
2294,G80_25T,D,194.0,675.0,c1,d1,10.0,0.0,0.0,0.0,5.0,11.0,0.0,0.0,0.0,0.0,0.0,0.0,0.0,0.0,7.0,15.0,15.0,0.0,69.0,90.0,2.0,0.0,0.0,20.0
2295,G80_25T,D,240.0,675.0,c1,d1,10.0,0.0,0.0,0.0,11.0,16.0,0.0,0.0,0.0,0.0,0.0,0.0,0.0,0.0,10.0,15.0,15.0,0.0,37.0,43.0,68.0,20.0,25.0,20.0
2296,G80_25T,D,306.0,675.0,c1,d1,10.0,3.0,11.0,0.0,5.0,11.0,40.0,0.0,30.0,3.0,10.0,20.0,20.0,15.0,7.0,15.0,15.0,0.0,69.0,90.0,2.0,0.0,0.0,20.0
2297,G80_25T,C,456.0,675.0,c1,d1,10.0,25.0,15.0,30.0,11.0,16.0,10.0,0.0,30.0,3.0,10.0,20.0,8.0,15.0,10.0,15.0,15.0,0.0,37.0,43.0,68.0,20.0,25.0,20.0
2301,G80_25T,D,176.0,675.0,c1,d1,0.0,3.0,11.0,0.0,0.0,3.0,10.0,0.0,0.0,0.0,0.0,0.0,12.0,15.0,10.0,0.0,15.0,0.0,47.0,62.0,54.0,7.0,7.0,10.0
2302,G80_25T,D,238.0,675.0,c1,d1,10.0,3.0,11.0,0.0,4.0,9.0,22.0,0.0,30.0,3.0,10.0,0.0,8.0,15.0,10.0,0.0,15.0,0.0,60.0,84.0,24.0,0.0,0.0,10.0
2303,G80_25T,D,244.0,675.0,c1,d1,10.0,0.0,0.0,0.0,20.0,16.0,0.0,0.0,0.0,0.0,0.0,0.0,0.0,0.0,10.0,15.0,15.0,10.0,62.0,51.0,16.0,20.0,29.0,20.0
2304,G80_25T,D,208.0,675.0,c1,d1,10.0,0.0,0.0,0.0,18.0,12.0,0.0,0.0,0.0,0.0,0.0,0.0,0.0,0.0,10.0,15.0,15.0,10.0,53.0,35.0,21.0,19.0,20.0,20.0
2306,G80_25T,D,196.0,675.0,c1,d1,10.0,0.0,0.0,0.0,8.0,11.0,0.0,0.0,0.0,0.0,0.0,0.0,0.0,0.0,10.0,15.0,15.0,0.0,54.0,66.0,21.0,8.0,8.0,20.0
2307,G80_25T,D,330.0,675.0,c1,d1,10.0,3.0,11.0,0.0,20.0,16.0,22.0,0.0,30.0,3.0,10.0,20.0,12.0,15.0,10.0,15.0,15.0,10.0,62.0,51.0,16.0,20.0,29.0,20.0
2308,G80_25T,C,454.0,675.0,c1,d1,10.0,21.0,7.0,30.0,18.0,12.0,40.0,0.0,30.0,3.0,10.0,20.0,20.0,15.0,10.0,15.0,15.0,10.0,53.0,35.0,21.0,19.0,20.0,20.0
2309,G80_25T,D,292.0,675.0,c1,d1,10.0,3.0,15.0,0.0,8.0,11.0,40.0,0.0,30.0,3.0,10.0,0.0,20.0,15.0,10.0,15.0,15.0,0.0,54.0,66.0,21.0,8.0,8.0,20.0
2310,G80_25T,D,214.0,675.0,c1,d1,10.0,0.0,0.0,0.0,5.0,22.0,0.0,0.0,0.0,0.0,0.0,0.0,0.0,0.0,10.0,15.0,15.0,0.0,45.0,50.0,22.0,20.0,30.0,20.0
2311,G80_25T,D,318.0,675.0,c1,d1,10.0,3.0,3.0,0.0,5.0,22.0,40.0,0.0,30.0,3.0,10.0,20.0,20.0,15.0,10.0,15.0,15.0,0.0,45.0,50.0,22.0,20.0,30.0,20.0
2312,G80_25T,E,142.0,675.0,c1,d1,10.0,3.0,7.0,0.0,12.0,11.0,0.0,0.0,0.0,3.0,10.0,0.0,4.0,15.0,10.0,15.0,15.0,0.0,80.0,100.0,7.0,0.0,0.0,10.0
2313,G80_25T,D,121.0,675.0,c1,d1,10.0,0.0,0.0,0.0,11.0,9.0,0.0,0.0,0.0,0.0,0.0,0.0,0.0,0.0,3.0,15.0,15.0,10.0,8.0,0.0,70.0,0.0,0.0,20.0
2314,G80_25T,D,180.0,675.0,c1,d1,10.0,0.0,0.0,0.0,0.0,3.0,0.0,0.0,0.0,0.0,0.0,0.0,0.0,0.0,10.0,0.0,15.0,0.0,60.0,78.0,20.0,7.0,7.0,20.0
2316,G80_25T,D,400.0,675.0,c1,d1,10.0,25.0,7.0,30.0,13.0,11.0,22.0,0.0,30.0,3.0,10.0,0.0,4.0,15.0,10.0,0.0,15.0,10.0,62.0,67.0,36.0,5.0,5.0,10.0
2317,G80_25T,D,284.0,675.0,c1,d1,10.0,3.0,11.0,0.0,0.0,3.0,40.0,0.0,30.0,3.0,10.0,12.0,20.0,15.0,10.0,0.0,15.0,0.0,60.0,78.0,20.0,7.0,7.0,20.0
2318,G80_25T,D,233.0,675.0,c1,d1,10.0,3.0,11.0,0.0,11.0,9.0,40.0,0.0,30.0,3.0,10.0,20.0,20.0,15.0,3.0,15.0,15.0,10.0,8.0,0.0,70.0,0.0,0.0,20.0
2320,G80_25T,D,203.0,675.0,c1,d1,10.0,0.0,0.0,0.0,10.0,12.0,0.0,0.0,0.0,0.0,0.0,0.0,0.0,0.0,10.0,15.0,15.0,0.0,56.0,27.0,28.0,15.0,15.0,40.0
2321,G80_25T,D,297.0,675.0,c1,d1,10.0,3.0,11.0,0.0,10.0,12.0,22.0,0.0,30.0,3.0,10.0,20.0,20.0,15.0,10.0,15.0,15.0,0.0,56.0,27.0,28.0,15.0,15.0,40.0
2322,G80_25T,D,168.0,675.0,c1,d1,10.0,0.0,0.0,0.0,0.0,3.0,0.0,0.0,0.0,0.0,0.0,0.0,0.0,0.0,10.0,0.0,15.0,0.0,49.0,65.0,30.0,8.0,8.0,20.0
2323,G80_25T,D,246.0,675.0,c1,d1,10.0,3.0,7.0,0.0,0.0,3.0,22.0,0.0,30.0,3.0,10.0,20.0,8.0,15.0,10.0,0.0,15.0,0.0,49.0,65.0,30.0,8.0,8.0,20.0
2324,G80_25T,D,276.0,675.0,c1,d1,10.0,3.0,11.0,0.0,11.0,11.0,22.0,0.0,30.0,3.0,10.0,20.0,20.0,15.0,10.0,15.0,15.0,10.0,59.0,72.0,9.0,0.0,0.0,10.0
2325,G80_25T,E,269.0,675.0,c1,d1,10.0,3.0,11.0,0.0,5.0,6.0,10.0,0.0,30.0,3.0,10.0,0.0,4.0,15.0,10.0,15.0,15.0,0.0,80.0,100.0,18.0,20.0,24.0,0.0
2326,G80_25T,D,233.0,675.0,c1,d1,10.0,0.0,0.0,0.0,20.0,20.0,0.0,0.0,0.0,0.0,0.0,0.0,0.0,0.0,7.0,15.0,15.0,10.0,50.0,21.0,48.0,20.0,27.0,20.0
2327,G80_25T,C,449.0,675.0,c1,d1,10.0,25.0,15.0,30.0,20.0,20.0,10.0,0.0,30.0,3.0,10.0,20.0,8.0,15.0,7.0,15.0,15.0,10.0,50.0,21.0,48.0,20.0,27.0,20.0
2328,G80_25T,D,216.0,675.0,c1,d1,10.0,0.0,0.0,0.0,2.0,11.0,0.0,0.0,0.0,0.0,0.0,0.0,0.0,0.0,10.0,0.0,15.0,0.0,64.0,87.0,33.0,7.0,7.0,20.0
2329,G80_25T,D,246.0,675.0,c1,d1,10.0,0.0,0.0,0.0,2.0,20.0,0.0,0.0,0.0,0.0,0.0,0.0,0.0,0.0,10.0,0.0,15.0,0.0,52.0,72.0,46.0,20.0,29.0,20.0
2330,G80_25T,D,313.0,675.0,c1,d1,10.0,24.0,11.0,0.0,2.0,11.0,0.0,0.0,30.0,3.0,10.0,0.0,4.0,15.0,10.0,0.0,15.0,0.0,64.0,87.0,33.0,7.0,7.0,20.0
2331,G80_25T,D,247.0,675.0,c1,d1,10.0,3.0,15.0,0.0,18.0,11.0,22.0,0.0,30.0,0.0,10.0,20.0,12.0,15.0,3.0,15.0,15.0,0.0,49.0,37.0,46.0,8.0,8.0,10.0
2332,G80_25T,B,500.0,675.0,c1,d1,10.0,25.0,11.0,30.0,2.0,20.0,40.0,0.0,30.0,3.0,10.0,20.0,20.0,15.0,10.0,0.0,15.0,0.0,52.0,72.0,46.0,20.0,29.0,20.0
2333,G80_25T,E,297.0,675.0,c1,d1,10.0,3.0,15.0,0.0,8.0,14.0,22.0,0.0,30.0,3.0,10.0,12.0,20.0,15.0,10.0,15.0,15.0,0.0,80.0,0.0,53.0,20.0,22.0,10.0
2334,G80_25T,D,220.0,675.0,c1,d1,10.0,0.0,0.0,0.0,7.0,17.0,0.0,0.0,0.0,0.0,0.0,0.0,0.0,0.0,10.0,15.0,15.0,0.0,46.0,30.0,50.0,20.0,30.0,20.0
2335,G80_25T,B,478.0,675.0,c1,d1,10.0,25.0,15.0,30.0,7.0,17.0,40.0,0.0,30.0,3.0,10.0,20.0,20.0,15.0,10.0,15.0,15.0,0.0,46.0,30.0,50.0,20.0,30.0,20.0
2336,G80_25T,B,517.0,675.0,c1,d1,10.0,25.0,15.0,30.0,11.0,20.0,40.0,0.0,30.0,3.0,10.0,20.0,20.0,15.0,10.0,15.0,15.0,0.0,48.0,54.0,68.0,20.0,28.0,10.0
2337,G80_25T,D,280.0,675.0,c1,d1,10.0,3.0,11.0,0.0,10.0,8.0,0.0,0.0,30.0,3.0,10.0,20.0,20.0,15.0,10.0,15.0,15.0,0.0,80.0,100.0,0.0,0.0,0.0,10.0
2338,G80_25T,D,195.0,675.0,c1,d1,10.0,0.0,0.0,0.0,5.0,11.0,0.0,0.0,0.0,0.0,0.0,0.0,0.0,0.0,10.0,15.0,15.0,0.0,40.0,54.0,47.0,9.0,9.0,20.0
2339,G80_25T,D,265.0,675.0,c1,d1,10.0,3.0,11.0,0.0,5.0,11.0,22.0,0.0,30.0,3.0,10.0,0.0,16.0,15.0,10.0,15.0,15.0,0.0,40.0,54.0,47.0,9.0,9.0,20.0
2340,G80_25T,D,214.0,675.0,c1,d1,10.0,0.0,0.0,0.0,3.0,11.0,0.0,0.0,0.0,0.0,0.0,0.0,0.0,0.0,10.0,15.0,15.0,0.0,80.0,100.0,0.0,0.0,0.0,20.0
2341,G80_25T,E,392.0,675.0,c1,d1,10.0,25.0,15.0,30.0,3.0,11.0,0.0,0.0,30.0,3.0,10.0,0.0,0.0,15.0,10.0,15.0,15.0,0.0,80.0,100.0,0.0,0.0,0.0,20.0
2342,G80_25T,D,168.0,675.0,c1,d1,10.0,0.0,0.0,0.0,4.0,2.0,0.0,0.0,0.0,0.0,0.0,0.0,0.0,0.0,10.0,15.0,15.0,0.0,58.0,74.0,10.0,0.0,0.0,20.0
2343,G80_25T,D,132.0,675.0,c1,d1,10.0,0.0,0.0,0.0,5.0,11.0,0.0,0.0,0.0,0.0,0.0,0.0,0.0,0.0,10.0,15.0,15.0,0.0,12.0,13.0,55.0,8.0,8.0,20.0
2344,G80_25T,D,242.0,675.0,c1,d1,10.0,3.0,3.0,0.0,4.0,2.0,10.0,0.0,30.0,3.0,10.0,20.0,20.0,15.0,10.0,15.0,15.0,0.0,58.0,74.0,10.0,0.0,0.0,20.0
2345,G80_25T,D,130.0,675.0,c1,d1,10.0,0.0,0.0,0.0,16.0,2.0,0.0,0.0,0.0,0.0,0.0,0.0,0.0,0.0,7.0,15.0,15.0,0.0,43.0,20.0,42.0,0.0,0.0,10.0
2346,G80_25T,D,240.0,675.0,c1,d1,10.0,3.0,7.0,0.0,5.0,11.0,40.0,0.0,30.0,3.0,10.0,20.0,20.0,15.0,10.0,15.0,15.0,0.0,12.0,13.0,55.0,8.0,8.0,20.0
2347,G80_25T,D,332.0,675.0,c1,d1,10.0,25.0,15.0,30.0,16.0,2.0,0.0,0.0,30.0,3.0,10.0,20.0,4.0,15.0,7.0,15.0,15.0,0.0,43.0,20.0,42.0,0.0,0.0,10.0
2348,G80_25T,D,192.0,675.0,c1,d1,10.0,0.0,0.0,0.0,15.0,9.0,0.0,0.0,0.0,0.0,0.0,0.0,0.0,0.0,10.0,15.0,15.0,10.0,50.0,54.0,34.0,0.0,0.0,20.0
2349,G80_25T,D,270.0,675.0,c1,d1,10.0,3.0,11.0,0.0,15.0,9.0,22.0,0.0,30.0,3.0,10.0,20.0,4.0,15.0,10.0,15.0,15.0,10.0,50.0,54.0,34.0,0.0,0.0,20.0
2350,G80_25T,D,264.0,675.0,c1,d1,0.0,25.0,15.0,30.0,0.0,0.0,40.0,0.0,0.0,0.0,0.0,0.0,20.0,15.0,10.0,0.0,15.0,0.0,0.0,29.0,55.0,0.0,0.0,10.0
2351,G80_25T,D,306.0,675.0,c1,d1,10.0,3.0,7.0,0.0,14.0,12.0,22.0,0.0,30.0,3.0,10.0,12.0,20.0,15.0,10.0,15.0,15.0,0.0,51.0,43.0,54.0,19.0,21.0,10.0
2352,G80_25T,D,140.0,675.0,c1,d1,10.0,0.0,0.0,0.0,3.0,3.0,0.0,0.0,0.0,0.0,0.0,0.0,0.0,0.0,7.0,15.0,15.0,0.0,22.0,19.0,56.0,10.0,10.0,20.0
2353,G80_25T,D,161.0,675.0,c1,d1,10.0,0.0,0.0,0.0,4.0,2.0,0.0,0.0,0.0,0.0,0.0,0.0,0.0,0.0,3.0,15.0,15.0,0.0,50.0,62.0,30.0,0.0,0.0,20.0
2354,G80_25T,D,148.0,675.0,c1,d1,10.0,0.0,0.0,0.0,9.0,3.0,0.0,0.0,0.0,0.0,0.0,0.0,0.0,0.0,10.0,15.0,15.0,0.0,53.0,56.0,7.0,0.0,0.0,20.0
2355,G80_25T,D,230.0,675.0,c1,d1,10.0,3.0,7.0,0.0,3.0,3.0,22.0,0.0,30.0,3.0,10.0,20.0,20.0,15.0,7.0,15.0,15.0,0.0,22.0,19.0,56.0,10.0,10.0,20.0
2357,G80_25T,D,217.0,675.0,c1,d1,10.0,3.0,11.0,0.0,4.0,2.0,0.0,0.0,30.0,3.0,10.0,20.0,4.0,15.0,3.0,15.0,15.0,0.0,50.0,62.0,30.0,0.0,0.0,20.0
2358,G80_25T,D,234.0,675.0,c1,d1,10.0,3.0,11.0,0.0,9.0,3.0,22.0,0.0,30.0,3.0,10.0,20.0,12.0,15.0,10.0,15.0,15.0,0.0,53.0,56.0,7.0,0.0,0.0,20.0
2361,G80_25T,D,267.0,675.0,c1,d1,10.0,0.0,0.0,0.0,5.0,17.0,0.0,0.0,0.0,0.0,0.0,0.0,0.0,0.0,10.0,15.0,15.0,0.0,61.0,54.0,60.0,20.0,30.0,20.0
2362,G80_25T,D,379.0,675.0,c1,d1,10.0,3.0,11.0,0.0,5.0,17.0,40.0,0.0,30.0,3.0,10.0,20.0,20.0,15.0,10.0,15.0,15.0,0.0,61.0,54.0,60.0,20.0,30.0,20.0
2364,G80_25T,B,485.0,675.0,c1,d1,10.0,25.0,15.0,30.0,12.0,14.0,40.0,0.0,30.0,3.0,10.0,20.0,20.0,15.0,10.0,15.0,15.0,0.0,62.0,16.0,70.0,20.0,23.0,10.0
2365,G80_25T,E,326.0,675.0,c1,d1,10.0,5.0,15.0,30.0,12.0,3.0,0.0,0.0,30.0,3.0,10.0,20.0,0.0,15.0,10.0,15.0,15.0,10.0,49.0,41.0,53.0,5.0,5.0,10.0
2366,G80_25T,D,132.0,675.0,c1,d1,10.0,0.0,0.0,0.0,13.0,11.0,0.0,0.0,0.0,0.0,0.0,0.0,0.0,0.0,10.0,15.0,15.0,10.0,1.0,0.0,65.0,6.0,6.0,20.0
2367,G80_25T,D,244.0,675.0,c1,d1,10.0,3.0,11.0,0.0,13.0,11.0,40.0,0.0,30.0,3.0,10.0,20.0,20.0,15.0,10.0,15.0,15.0,10.0,1.0,0.0,65.0,6.0,6.0,20.0
2368,G80_25T,D,181.0,675.0,c1,d1,10.0,0.0,0.0,0.0,0.0,11.0,0.0,0.0,0.0,0.0,0.0,0.0,0.0,0.0,10.0,0.0,15.0,0.0,32.0,54.0,63.0,8.0,8.0,20.0
2369,G80_25T,D,273.0,675.0,c1,d1,10.0,3.0,11.0,0.0,0.0,11.0,40.0,0.0,30.0,3.0,10.0,0.0,20.0,15.0,10.0,0.0,15.0,0.0,32.0,54.0,63.0,8.0,8.0,20.0
2370,G80_25T,D,424.0,675.0,c1,d1,10.0,5.0,15.0,30.0,20.0,20.0,40.0,0.0,30.0,3.0,10.0,20.0,20.0,15.0,10.0,15.0,15.0,10.0,42.0,14.0,63.0,20.0,27.0,10.0
2371,G80_25T,C,461.0,675.0,c1,d1,10.0,25.0,11.0,30.0,12.0,12.0,40.0,0.0,30.0,3.0,10.0,20.0,20.0,15.0,7.0,15.0,15.0,10.0,78.0,84.0,4.0,0.0,0.0,10.0
2372,G80_25T,D,368.0,675.0,c1,d1,10.0,3.0,11.0,0.0,11.0,20.0,40.0,0.0,30.0,3.0,10.0,20.0,20.0,15.0,10.0,0.0,15.0,0.0,64.0,70.0,51.0,20.0,25.0,10.0
2373,G80_25T,D,187.0,675.0,c1,d1,10.0,0.0,0.0,0.0,17.0,11.0,0.0,0.0,0.0,0.0,0.0,0.0,0.0,0.0,10.0,15.0,15.0,0.0,61.0,62.0,12.0,2.0,2.0,20.0
2374,G80_25T,D,299.0,675.0,c1,d1,10.0,3.0,11.0,0.0,17.0,11.0,40.0,0.0,30.0,3.0,10.0,20.0,20.0,15.0,10.0,15.0,15.0,0.0,61.0,62.0,12.0,2.0,2.0,20.0
2375,G80_25T,D,249.0,675.0,c1,d1,10.0,3.0,11.0,0.0,5.0,3.0,22.0,0.0,30.0,3.0,10.0,0.0,20.0,15.0,7.0,15.0,15.0,0.0,49.0,56.0,39.0,8.0,8.0,10.0
2381,G80_25T,D,136.0,675.0,c1,d1,10.0,0.0,0.0,0.0,8.0,9.0,0.0,0.0,0.0,0.0,0.0,0.0,0.0,0.0,10.0,15.0,15.0,10.0,11.0,6.0,52.0,0.0,0.0,40.0
2382,G80_25T,D,336.0,675.0,c1,d1,10.0,24.0,0.0,30.0,8.0,9.0,10.0,0.0,30.0,3.0,10.0,20.0,8.0,15.0,10.0,15.0,15.0,10.0,11.0,6.0,52.0,0.0,0.0,40.0
2385,G80_25T,D,138.0,675.0,c1,d1,10.0,0.0,0.0,0.0,12.0,9.0,0.0,0.0,0.0,0.0,0.0,0.0,0.0,0.0,10.0,15.0,15.0,0.0,25.0,16.0,56.0,0.0,0.0,20.0
2386,G80_25T,D,247.0,675.0,c1,d1,10.0,0.0,0.0,0.0,16.0,20.0,0.0,0.0,0.0,0.0,0.0,0.0,0.0,0.0,10.0,15.0,15.0,0.0,41.0,36.0,67.0,20.0,27.0,20.0
2387,G80_25T,D,374.0,675.0,c1,d1,10.0,25.0,11.0,30.0,12.0,9.0,22.0,0.0,30.0,3.0,10.0,20.0,20.0,15.0,10.0,15.0,15.0,0.0,25.0,16.0,56.0,0.0,0.0,20.0
2388,G80_25T,B,501.0,675.0,c1,d1,10.0,25.0,11.0,30.0,16.0,20.0,40.0,0.0,30.0,3.0,10.0,20.0,20.0,15.0,10.0,15.0,15.0,0.0,41.0,36.0,67.0,20.0,27.0,20.0
2393,G80_25T,D,191.0,675.0,c1,d1,10.0,0.0,0.0,0.0,13.0,9.0,0.0,0.0,0.0,0.0,0.0,0.0,0.0,0.0,3.0,15.0,15.0,0.0,53.0,61.0,42.0,0.0,0.0,20.0
2394,G80_25T,D,237.0,675.0,c1,d1,10.0,3.0,11.0,0.0,13.0,9.0,10.0,0.0,30.0,3.0,10.0,0.0,4.0,15.0,3.0,15.0,15.0,0.0,53.0,61.0,42.0,0.0,0.0,20.0
2395,G80_25T,D,244.0,675.0,c1,d1,10.0,0.0,0.0,0.0,14.0,20.0,0.0,0.0,0.0,0.0,0.0,0.0,0.0,0.0,10.0,15.0,15.0,0.0,49.0,52.0,40.0,20.0,29.0,20.0
2396,G80_25T,B,502.0,675.0,c1,d1,10.0,25.0,15.0,30.0,14.0,20.0,40.0,0.0,30.0,3.0,10.0,20.0,20.0,15.0,10.0,15.0,15.0,0.0,49.0,52.0,40.0,20.0,29.0,20.0
2397,G80_25T,D,288.0,675.0,c1,d1,10.0,0.0,0.0,0.0,18.0,20.0,0.0,0.0,0.0,0.0,0.0,0.0,0.0,0.0,10.0,15.0,15.0,10.0,78.0,51.0,41.0,20.0,30.0,20.0
2398,G80_25T,B,528.0,675.0,c1,d1,10.0,25.0,15.0,30.0,18.0,20.0,22.0,0.0,30.0,3.0,10.0,20.0,20.0,15.0,10.0,15.0,15.0,10.0,78.0,51.0,41.0,20.0,30.0,20.0
2399,G80_25T,D,216.0,675.0,c1,d1,0.0,25.0,11.0,30.0,0.0,9.0,22.0,0.0,0.0,0.0,0.0,0.0,16.0,15.0,3.0,0.0,15.0,0.0,10.0,22.0,68.0,0.0,0.0,0.0
2400,G80_25T,D,162.0,675.0,c1,d1,10.0,0.0,0.0,0.0,5.0,3.0,0.0,0.0,0.0,0.0,0.0,0.0,0.0,0.0,10.0,15.0,15.0,0.0,43.0,46.0,25.0,10.0,10.0,20.0
2401,G80_25T,D,285.0,675.0,c1,d1,10.0,0.0,0.0,30.0,5.0,3.0,0.0,0.0,30.0,3.0,10.0,0.0,0.0,0.0,10.0,15.0,15.0,0.0,43.0,46.0,25.0,10.0,10.0,20.0
2402,G80_25T,D,266.0,675.0,c1,d1,10.0,0.0,0.0,0.0,5.0,17.0,0.0,0.0,0.0,0.0,0.0,0.0,0.0,0.0,10.0,15.0,15.0,0.0,56.0,50.0,68.0,20.0,30.0,20.0
2405,G80_25T,C,454.0,675.0,c1,d1,10.0,3.0,7.0,30.0,5.0,17.0,40.0,0.0,30.0,3.0,10.0,20.0,20.0,15.0,10.0,15.0,15.0,0.0,56.0,50.0,68.0,20.0,30.0,20.0
2406,G80_25T,B,488.0,675.0,c1,d1,10.0,25.0,15.0,30.0,3.0,14.0,22.0,0.0,30.0,3.0,10.0,20.0,8.0,15.0,10.0,15.0,15.0,0.0,61.0,88.0,37.0,20.0,27.0,10.0
2407,G80_25T,D,121.0,675.0,c1,d1,10.0,0.0,0.0,0.0,5.0,2.0,0.0,0.0,0.0,0.0,0.0,0.0,0.0,0.0,10.0,0.0,15.0,0.0,29.0,25.0,55.0,0.0,0.0,20.0
2408,G80_25T,D,233.0,675.0,c1,d1,10.0,3.0,11.0,0.0,5.0,2.0,40.0,0.0,30.0,3.0,10.0,20.0,20.0,15.0,10.0,0.0,15.0,0.0,29.0,25.0,55.0,0.0,0.0,20.0
2409,G80_25T,D,85.0,675.0,c1,d1,10.0,3.0,3.0,0.0,2.0,9.0,22.0,0.0,30.0,3.0,10.0,0.0,20.0,15.0,10.0,0.0,15.0,0.0,3.0,10.0,0.0,0.0,0.0,10.0
2410,G80_25T,D,142.0,675.0,c1,d1,10.0,3.0,7.0,0.0,0.0,2.0,40.0,0.0,30.0,3.0,10.0,12.0,20.0,15.0,10.0,0.0,15.0,0.0,3.0,2.0,40.0,0.0,0.0,10.0
2411,G80_25T,D,234.0,675.0,c1,d1,10.0,0.0,0.0,0.0,20.0,20.0,0.0,0.0,0.0,0.0,0.0,0.0,0.0,0.0,10.0,15.0,15.0,0.0,43.0,14.0,70.0,20.0,27.0,20.0
2412,G80_25T,C,474.0,675.0,c1,d1,10.0,25.0,15.0,30.0,20.0,20.0,40.0,0.0,30.0,3.0,10.0,20.0,20.0,15.0,10.0,15.0,15.0,0.0,47.0,14.0,56.0,20.0,29.0,10.0
2413,G80_25T,B,492.0,675.0,c1,d1,10.0,25.0,15.0,30.0,20.0,20.0,40.0,0.0,30.0,3.0,10.0,20.0,20.0,15.0,10.0,15.0,15.0,0.0,43.0,14.0,70.0,20.0,27.0,20.0
2414,G80_25T,B,508.0,675.0,c1,d1,10.0,25.0,15.0,30.0,20.0,20.0,40.0,0.0,30.0,3.0,10.0,20.0,20.0,15.0,7.0,15.0,15.0,10.0,49.0,31.0,64.0,20.0,29.0,10.0
2416,G80_25T,E,166.0,675.0,c1,d1,0.0,3.0,15.0,0.0,19.0,14.0,40.0,0.0,0.0,0.0,0.0,0.0,20.0,15.0,10.0,15.0,15.0,0.0,80.0,0.0,0.0,0.0,0.0,10.0
2417,G80_25T,E,199.0,675.0,c1,d1,0.0,3.0,15.0,0.0,4.0,5.0,40.0,0.0,0.0,0.0,0.0,0.0,20.0,15.0,10.0,0.0,15.0,0.0,80.0,0.0,42.0,15.0,15.0,10.0
2418,G80_25T,E,256.0,675.0,c1,d1,0.0,7.0,15.0,0.0,14.0,17.0,40.0,0.0,0.0,0.0,0.0,0.0,20.0,15.0,10.0,15.0,15.0,0.0,80.0,0.0,38.0,20.0,30.0,10.0
2419,G80_25T,D,356.0,675.0,c1,d1,10.0,25.0,11.0,30.0,4.0,3.0,0.0,0.0,30.0,3.0,10.0,0.0,4.0,15.0,7.0,0.0,15.0,0.0,80.0,99.0,0.0,0.0,0.0,10.0
2420,G80_25T,D,210.0,675.0,c1,d1,10.0,3.0,3.0,0.0,5.0,9.0,0.0,0.0,30.0,3.0,10.0,0.0,4.0,15.0,10.0,0.0,15.0,0.0,66.0,92.0,15.0,0.0,0.0,10.0
2422,G80_25T,D,93.0,675.0,c1,d1,10.0,0.0,0.0,0.0,8.0,11.0,0.0,0.0,0.0,0.0,0.0,0.0,0.0,0.0,7.0,15.0,15.0,0.0,10.0,4.0,43.0,0.0,0.0,20.0
2423,G80_25T,D,334.0,675.0,c1,d1,10.0,16.0,7.0,30.0,8.0,11.0,40.0,0.0,30.0,3.0,10.0,20.0,20.0,15.0,7.0,15.0,15.0,0.0,10.0,4.0,43.0,0.0,0.0,20.0
2428,G80_25T,D,251.0,675.0,c1,d1,10.0,0.0,0.0,0.0,14.0,20.0,0.0,0.0,0.0,0.0,0.0,0.0,0.0,0.0,7.0,15.0,15.0,0.0,46.0,47.0,58.0,20.0,29.0,20.0
2429,G80_25T,B,505.0,675.0,c1,d1,10.0,25.0,11.0,30.0,14.0,20.0,40.0,0.0,30.0,3.0,10.0,20.0,20.0,15.0,7.0,15.0,15.0,0.0,46.0,47.0,58.0,20.0,29.0,20.0
2430,G80_25T,E,381.0,675.0,c1,d1,0.0,25.0,11.0,30.0,11.0,11.0,40.0,0.0,30.0,3.0,10.0,20.0,20.0,15.0,10.0,15.0,15.0,0.0,47.0,52.0,26.0,5.0,5.0,10.0
2431,G80_25T,E,391.0,675.0,c1,d1,10.0,25.0,15.0,10.0,15.0,11.0,40.0,0.0,30.0,3.0,10.0,20.0,20.0,15.0,10.0,15.0,15.0,10.0,47.0,0.0,34.0,13.0,13.0,10.0
2432,G80_25T,E,239.0,675.0,c1,d1,10.0,3.0,15.0,0.0,20.0,11.0,40.0,0.0,30.0,3.0,10.0,0.0,20.0,15.0,10.0,15.0,15.0,0.0,61.0,0.0,25.0,8.0,8.0,10.0
2433,G80_25T,D,238.0,675.0,c1,d1,10.0,3.0,15.0,0.0,20.0,11.0,40.0,0.0,30.0,3.0,10.0,0.0,20.0,15.0,10.0,0.0,15.0,0.0,47.0,28.0,25.0,8.0,8.0,10.0
2434,G80_25T,D,374.0,675.0,c1,d1,10.0,25.0,15.0,30.0,15.0,11.0,40.0,0.0,30.0,3.0,10.0,20.0,20.0,15.0,10.0,0.0,15.0,0.0,35.0,0.0,34.0,13.0,13.0,10.0
2435,G80_25T,E,205.0,675.0,c1,d1,0.0,3.0,15.0,0.0,5.0,6.0,40.0,0.0,0.0,0.0,0.0,0.0,20.0,15.0,10.0,0.0,15.0,0.0,80.0,0.0,36.0,19.0,21.0,10.0
2437,G80_25T,E,156.0,675.0,c1,d1,0.0,3.0,15.0,0.0,6.0,11.0,10.0,0.0,0.0,0.0,0.0,0.0,4.0,15.0,10.0,0.0,15.0,0.0,80.0,0.0,45.0,11.0,11.0,10.0
2438,G80_25T,D,213.0,675.0,c1,d1,10.0,0.0,0.0,0.0,12.0,12.0,0.0,0.0,0.0,0.0,0.0,0.0,0.0,0.0,10.0,15.0,15.0,0.0,45.0,35.0,49.0,19.0,21.0,20.0
2439,G80_25T,C,467.0,675.0,c1,d1,10.0,25.0,11.0,30.0,12.0,12.0,40.0,0.0,30.0,3.0,10.0,20.0,20.0,15.0,10.0,15.0,15.0,0.0,45.0,35.0,49.0,19.0,21.0,20.0
2440,G80_25T,D,371.0,675.0,c1,d1,10.0,25.0,3.0,30.0,7.0,9.0,0.0,0.0,30.0,3.0,10.0,0.0,4.0,15.0,10.0,15.0,15.0,0.0,75.0,100.0,0.0,0.0,0.0,10.0
2441,G80_25T,D,256.0,675.0,c1,d1,10.0,3.0,15.0,0.0,0.0,11.0,10.0,0.0,30.0,3.0,10.0,20.0,8.0,15.0,10.0,0.0,15.0,0.0,71.0,98.0,7.0,0.0,0.0,10.0
2442,G80_25T,E,135.0,675.0,c1,d1,10.0,0.0,0.0,0.0,9.0,11.0,0.0,0.0,0.0,0.0,0.0,0.0,0.0,0.0,10.0,15.0,15.0,10.0,20.0,0.0,57.0,4.0,4.0,20.0
2443,G80_25T,E,371.0,675.0,c1,d1,10.0,25.0,15.0,30.0,9.0,11.0,22.0,0.0,30.0,3.0,10.0,20.0,16.0,15.0,10.0,15.0,15.0,10.0,20.0,0.0,57.0,4.0,4.0,20.0
2445,G80_25T,D,178.0,675.0,c1,d1,10.0,0.0,0.0,0.0,10.0,3.0,0.0,0.0,0.0,0.0,0.0,0.0,0.0,0.0,7.0,15.0,15.0,0.0,51.0,50.0,29.0,9.0,9.0,20.0
2448,G80_25T,D,234.0,675.0,c1,d1,10.0,3.0,11.0,0.0,10.0,3.0,0.0,0.0,30.0,3.0,10.0,20.0,4.0,15.0,7.0,15.0,15.0,0.0,51.0,50.0,29.0,9.0,9.0,20.0
2450,G80_25T,E,169.0,675.0,c1,d1,10.0,0.0,0.0,0.0,3.0,2.0,0.0,0.0,0.0,0.0,0.0,0.0,0.0,0.0,7.0,0.0,15.0,0.0,51.0,66.0,45.0,0.0,0.0,20.0
2451,G80_25T,E,378.0,675.0,c1,d1,10.0,25.0,0.0,30.0,3.0,2.0,10.0,0.0,30.0,3.0,10.0,20.0,16.0,15.0,7.0,0.0,15.0,0.0,51.0,66.0,45.0,0.0,0.0,20.0
2452,G80_25T,D,200.0,675.0,c1,d1,10.0,0.0,0.0,0.0,11.0,11.0,0.0,0.0,0.0,0.0,0.0,0.0,0.0,0.0,7.0,15.0,15.0,10.0,68.0,86.0,7.0,0.0,0.0,10.0
2453,G80_25T,D,393.0,675.0,c1,d1,10.0,24.0,7.0,30.0,11.0,11.0,0.0,0.0,30.0,3.0,10.0,20.0,4.0,15.0,7.0,15.0,15.0,10.0,68.0,86.0,7.0,0.0,0.0,10.0
2454,G80_25T,D,191.0,675.0,c1,d1,10.0,0.0,0.0,0.0,14.0,12.0,0.0,0.0,0.0,0.0,0.0,0.0,0.0,0.0,10.0,15.0,15.0,10.0,24.0,6.0,69.0,17.0,19.0,20.0
2455,G80_25T,D,423.0,675.0,c1,d1,10.0,25.0,15.0,30.0,14.0,12.0,22.0,0.0,30.0,3.0,10.0,20.0,12.0,15.0,10.0,15.0,15.0,10.0,24.0,6.0,69.0,17.0,19.0,20.0
2456,G80_25T,D,135.0,675.0,c1,d1,0.0,0.0,0.0,0.0,1.0,2.0,0.0,0.0,0.0,0.0,0.0,0.0,0.0,0.0,7.0,0.0,15.0,10.0,42.0,56.0,32.0,0.0,0.0,20.0
2457,G80_25T,D,187.0,675.0,c1,d1,0.0,3.0,11.0,0.0,1.0,2.0,0.0,0.0,30.0,3.0,10.0,20.0,0.0,15.0,7.0,0.0,15.0,10.0,42.0,56.0,32.0,0.0,0.0,20.0
2459,G80_25T,D,162.0,675.0,c1,d1,10.0,0.0,0.0,0.0,13.0,12.0,0.0,0.0,0.0,0.0,0.0,0.0,0.0,0.0,10.0,15.0,15.0,10.0,37.0,0.0,40.0,15.0,15.0,20.0
2460,G80_25T,D,369.0,675.0,c1,d1,10.0,24.0,3.0,30.0,13.0,12.0,10.0,0.0,30.0,3.0,10.0,20.0,12.0,15.0,10.0,15.0,15.0,10.0,37.0,0.0,40.0,15.0,15.0,20.0
2461,G80_25T,D,336.0,675.0,c1,d1,0.0,16.0,11.0,30.0,5.0,12.0,22.0,0.0,0.0,0.0,0.0,0.0,16.0,15.0,10.0,0.0,15.0,0.0,78.0,94.0,0.0,1.0,1.0,10.0
2462,G80_25T,D,241.0,675.0,c1,d1,10.0,0.0,0.0,0.0,2.0,17.0,0.0,0.0,0.0,0.0,0.0,0.0,0.0,0.0,10.0,15.0,15.0,0.0,67.0,66.0,19.0,20.0,30.0,20.0
2463,G80_25T,B,495.0,675.0,c1,d1,10.0,25.0,11.0,30.0,2.0,17.0,40.0,0.0,30.0,3.0,10.0,20.0,20.0,15.0,10.0,15.0,15.0,0.0,67.0,66.0,19.0,20.0,30.0,20.0
2464,G80_25T,D,375.0,675.0,c1,d1,10.0,25.0,11.0,30.0,12.0,11.0,22.0,0.0,30.0,3.0,10.0,20.0,16.0,15.0,7.0,15.0,15.0,0.0,32.0,23.0,46.0,6.0,6.0,10.0
2465,G80_25T,D,258.0,675.0,c1,d1,10.0,0.0,0.0,0.0,6.0,20.0,0.0,0.0,0.0,0.0,0.0,0.0,0.0,0.0,10.0,0.0,15.0,0.0,52.0,66.0,62.0,20.0,27.0,20.0
2466,G80_25T,D,263.0,675.0,c1,d1,10.0,0.0,0.0,0.0,18.0,20.0,0.0,0.0,0.0,0.0,0.0,0.0,0.0,0.0,7.0,15.0,15.0,10.0,50.0,44.0,59.0,20.0,25.0,20.0
2467,G80_25T,D,277.0,675.0,c1,d1,10.0,0.0,0.0,0.0,20.0,20.0,0.0,0.0,0.0,0.0,0.0,0.0,0.0,0.0,7.0,15.0,15.0,10.0,56.0,48.0,59.0,20.0,27.0,20.0
2468,G80_25T,B,513.0,675.0,c1,d1,10.0,25.0,15.0,30.0,5.0,16.0,40.0,0.0,30.0,3.0,10.0,20.0,20.0,15.0,10.0,0.0,15.0,0.0,74.0,67.0,48.0,20.0,30.0,10.0
2469,G80_25T,B,521.0,675.0,c1,d1,10.0,25.0,15.0,30.0,18.0,20.0,40.0,0.0,30.0,3.0,10.0,20.0,20.0,15.0,7.0,15.0,15.0,10.0,50.0,44.0,59.0,20.0,25.0,20.0
2470,G80_25T,B,486.0,675.0,c1,d1,10.0,25.0,15.0,30.0,6.0,20.0,22.0,0.0,30.0,3.0,10.0,20.0,8.0,15.0,10.0,0.0,15.0,0.0,52.0,66.0,62.0,20.0,27.0,20.0
2471,G80_25T,B,497.0,675.0,c1,d1,10.0,25.0,11.0,30.0,20.0,20.0,22.0,0.0,30.0,3.0,10.0,12.0,12.0,15.0,7.0,15.0,15.0,10.0,56.0,48.0,59.0,20.0,27.0,20.0
2472,G80_25T,D,357.0,675.0,c1,d1,10.0,25.0,7.0,30.0,10.0,11.0,22.0,0.0,30.0,3.0,10.0,20.0,0.0,15.0,10.0,15.0,15.0,0.0,36.0,36.0,32.0,5.0,5.0,10.0
2474,G80_25T,D,193.0,675.0,c1,d1,10.0,0.0,0.0,0.0,0.0,11.0,0.0,0.0,0.0,0.0,0.0,0.0,0.0,0.0,10.0,0.0,15.0,0.0,73.0,100.0,4.0,0.0,0.0,20.0
2475,G80_25T,D,268.0,675.0,c1,d1,10.0,3.0,0.0,0.0,0.0,11.0,22.0,0.0,30.0,3.0,10.0,12.0,20.0,15.0,10.0,0.0,15.0,0.0,73.0,100.0,4.0,0.0,0.0,20.0
2476,G80_25T,D,134.0,675.0,c1,d1,10.0,0.0,0.0,0.0,8.0,9.0,0.0,0.0,0.0,0.0,0.0,0.0,0.0,0.0,10.0,15.0,15.0,0.0,28.0,31.0,38.0,0.0,0.0,20.0
2477,G80_25T,D,388.0,675.0,c1,d1,10.0,25.0,11.0,30.0,8.0,9.0,40.0,0.0,30.0,3.0,10.0,20.0,20.0,15.0,10.0,15.0,15.0,0.0,28.0,31.0,38.0,0.0,0.0,20.0
2478,G80_25T,B,500.0,675.0,c1,d1,10.0,25.0,11.0,30.0,19.0,20.0,40.0,0.0,30.0,3.0,10.0,20.0,20.0,15.0,10.0,15.0,15.0,0.0,58.0,53.0,39.0,20.0,27.0,10.0
2479,G80_25T,D,278.0,675.0,c1,d1,10.0,25.0,11.0,30.0,0.0,2.0,0.0,0.0,30.0,3.0,10.0,20.0,0.0,15.0,10.0,0.0,15.0,0.0,11.0,12.0,64.0,0.0,0.0,10.0
2480,G80_25T,D,267.0,675.0,c1,d1,10.0,3.0,11.0,0.0,10.0,9.0,40.0,0.0,30.0,3.0,10.0,20.0,20.0,15.0,10.0,15.0,15.0,10.0,39.0,44.0,33.0,0.0,0.0,10.0
2481,G80_25T,D,257.0,675.0,c1,d1,10.0,0.0,0.0,0.0,8.0,17.0,0.0,0.0,0.0,0.0,0.0,0.0,0.0,0.0,10.0,15.0,15.0,0.0,63.0,52.0,47.0,20.0,30.0,20.0
2482,G80_25T,C,459.0,675.0,c1,d1,10.0,25.0,11.0,30.0,8.0,17.0,0.0,0.0,30.0,3.0,10.0,20.0,8.0,15.0,10.0,15.0,15.0,0.0,63.0,52.0,47.0,20.0,30.0,20.0
2483,G80_25T,D,251.0,675.0,c1,d1,10.0,25.0,11.0,30.0,5.0,2.0,0.0,0.0,30.0,3.0,10.0,6.0,4.0,15.0,10.0,0.0,15.0,10.0,13.0,3.0,39.0,0.0,0.0,10.0
2484,G80_25T,D,122.0,675.0,c1,d1,10.0,0.0,0.0,0.0,3.0,11.0,0.0,0.0,0.0,0.0,0.0,0.0,0.0,0.0,10.0,15.0,15.0,0.0,22.0,4.0,54.0,4.0,4.0,20.0
2485,G80_25T,D,234.0,675.0,c1,d1,10.0,3.0,11.0,0.0,3.0,11.0,40.0,0.0,30.0,3.0,10.0,20.0,20.0,15.0,10.0,15.0,15.0,0.0,22.0,4.0,54.0,4.0,4.0,20.0
2486,G80_25T,D,346.0,675.0,c1,d1,10.0,25.0,7.0,30.0,3.0,9.0,0.0,0.0,30.0,3.0,10.0,0.0,0.0,15.0,10.0,15.0,15.0,0.0,60.0,86.0,8.0,0.0,0.0,10.0
2488,G80_25T,C,459.0,675.0,c1,d1,10.0,21.0,11.0,30.0,15.0,11.0,40.0,0.0,30.0,3.0,10.0,20.0,20.0,15.0,10.0,15.0,15.0,0.0,73.0,82.0,18.0,0.0,0.0,10.0
2489,G80_25T,D,348.0,675.0,c1,d1,10.0,25.0,11.0,30.0,20.0,11.0,0.0,0.0,30.0,3.0,10.0,0.0,4.0,15.0,10.0,0.0,15.0,10.0,48.0,31.0,41.0,7.0,7.0,10.0
2490,G80_25T,D,151.0,675.0,c1,d1,10.0,0.0,0.0,0.0,14.0,5.0,0.0,0.0,0.0,0.0,0.0,0.0,0.0,0.0,10.0,15.0,15.0,0.0,5.0,0.0,68.0,19.0,20.0,20.0
2491,G80_25T,D,397.0,675.0,c1,d1,10.0,25.0,3.0,30.0,14.0,5.0,40.0,0.0,30.0,3.0,10.0,20.0,20.0,15.0,10.0,15.0,15.0,0.0,5.0,0.0,68.0,19.0,20.0,20.0
2492,G80_25T,D,182.0,675.0,c1,d1,10.0,0.0,0.0,0.0,10.0,11.0,0.0,0.0,0.0,0.0,0.0,0.0,0.0,0.0,10.0,15.0,15.0,10.0,31.0,27.0,53.0,10.0,10.0,20.0
2493,G80_25T,D,341.0,675.0,c1,d1,10.0,8.0,3.0,30.0,10.0,11.0,22.0,0.0,30.0,3.0,10.0,20.0,8.0,15.0,10.0,15.0,15.0,10.0,31.0,27.0,53.0,10.0,10.0,20.0
2494,G80_25T,D,185.0,675.0,c1,d1,10.0,0.0,0.0,0.0,10.0,11.0,0.0,0.0,0.0,0.0,0.0,0.0,0.0,0.0,7.0,15.0,15.0,0.0,59.0,46.0,36.0,3.0,3.0,20.0
2495,G80_25T,C,417.0,675.0,c1,d1,10.0,25.0,11.0,30.0,10.0,11.0,22.0,0.0,30.0,3.0,10.0,20.0,16.0,15.0,7.0,15.0,15.0,0.0,59.0,46.0,36.0,3.0,3.0,20.0
2501,G80_25T,E,264.0,675.0,c1,d1,10.0,3.0,15.0,0.0,3.0,12.0,40.0,0.0,30.0,3.0,10.0,20.0,20.0,15.0,10.0,0.0,15.0,0.0,63.0,0.0,37.0,18.0,20.0,10.0
2502,G80_25T,D,146.0,675.0,c1,d1,0.0,0.0,0.0,0.0,13.0,11.0,0.0,0.0,0.0,0.0,0.0,0.0,0.0,0.0,10.0,15.0,15.0,10.0,33.0,23.0,44.0,6.0,6.0,10.0
2503,G80_25T,D,153.0,675.0,c1,d1,0.0,3.0,3.0,0.0,13.0,11.0,22.0,0.0,0.0,0.0,0.0,0.0,4.0,15.0,10.0,15.0,15.0,10.0,33.0,23.0,44.0,6.0,6.0,10.0
2504,G80_25T,B,491.0,675.0,c1,d1,10.0,25.0,11.0,30.0,11.0,20.0,40.0,0.0,30.0,3.0,10.0,20.0,20.0,15.0,10.0,15.0,15.0,0.0,72.0,80.0,2.0,20.0,22.0,10.0
2505,G80_25T,D,186.0,675.0,c1,d1,10.0,0.0,0.0,0.0,5.0,11.0,0.0,0.0,0.0,0.0,0.0,0.0,0.0,0.0,10.0,15.0,15.0,0.0,33.0,43.0,56.0,9.0,9.0,20.0
2506,G80_25T,D,260.0,675.0,c1,d1,10.0,3.0,11.0,0.0,5.0,11.0,10.0,0.0,30.0,3.0,10.0,20.0,12.0,15.0,10.0,15.0,15.0,0.0,33.0,43.0,56.0,9.0,9.0,20.0
2507,G80_25T,D,195.0,675.0,c1,d1,10.0,0.0,0.0,0.0,20.0,11.0,0.0,0.0,0.0,0.0,0.0,0.0,0.0,0.0,10.0,15.0,15.0,10.0,60.0,11.0,36.0,13.0,14.0,20.0
2508,G80_25T,D,407.0,675.0,c1,d1,10.0,25.0,15.0,30.0,20.0,11.0,10.0,0.0,30.0,3.0,10.0,20.0,4.0,15.0,10.0,15.0,15.0,10.0,60.0,11.0,36.0,13.0,14.0,20.0
2509,G80_25T,D,187.0,675.0,c1,d1,10.0,0.0,0.0,0.0,3.0,5.0,0.0,0.0,0.0,0.0,0.0,0.0,0.0,0.0,7.0,15.0,15.0,0.0,38.0,53.0,32.0,19.0,20.0,20.0
2510,G80_25T,D,273.0,675.0,c1,d1,10.0,3.0,11.0,0.0,3.0,5.0,22.0,0.0,30.0,3.0,10.0,20.0,12.0,15.0,7.0,15.0,15.0,0.0,38.0,53.0,32.0,19.0,20.0,20.0
2512,G80_25T,D,286.0,675.0,c1,d1,10.0,0.0,0.0,0.0,16.0,20.0,0.0,0.0,0.0,0.0,0.0,0.0,0.0,0.0,10.0,15.0,15.0,0.0,80.0,88.0,15.0,20.0,27.0,20.0
2513,G80_25T,C,460.0,675.0,c1,d1,10.0,25.0,7.0,30.0,16.0,20.0,0.0,0.0,30.0,3.0,10.0,0.0,4.0,15.0,10.0,15.0,15.0,0.0,80.0,88.0,15.0,20.0,27.0,20.0
2515,G80_25T,D,165.0,675.0,c1,d1,10.0,0.0,0.0,0.0,2.0,2.0,0.0,0.0,0.0,0.0,0.0,0.0,0.0,0.0,10.0,0.0,15.0,0.0,43.0,56.0,57.0,0.0,0.0,20.0
2516,G80_25T,D,160.0,675.0,c1,d1,10.0,0.0,0.0,0.0,10.0,11.0,0.0,0.0,0.0,0.0,0.0,0.0,0.0,0.0,10.0,15.0,15.0,10.0,37.0,41.0,31.0,0.0,0.0,20.0
2517,G80_25T,D,198.0,675.0,c1,d1,10.0,0.0,0.0,0.0,12.0,12.0,0.0,0.0,0.0,0.0,0.0,0.0,0.0,0.0,10.0,15.0,15.0,10.0,58.0,55.0,11.0,10.0,10.0,20.0
2518,G80_25T,D,161.0,675.0,c1,d1,10.0,0.0,0.0,0.0,5.0,11.0,0.0,0.0,0.0,0.0,0.0,0.0,0.0,0.0,10.0,15.0,15.0,0.0,26.0,32.0,43.0,12.0,12.0,20.0
2521,G80_25T,D,224.0,675.0,c1,d1,10.0,0.0,0.0,0.0,14.0,11.0,0.0,0.0,0.0,0.0,0.0,0.0,0.0,0.0,10.0,15.0,15.0,0.0,61.0,65.0,35.0,9.0,9.0,20.0
2523,G80_25T,D,353.0,675.0,c1,d1,10.0,3.0,11.0,0.0,13.0,11.0,40.0,0.0,30.0,3.0,10.0,20.0,20.0,15.0,7.0,15.0,15.0,0.0,66.0,48.0,59.0,13.0,14.0,20.0
2524,G80_25T,D,379.0,675.0,c1,d1,10.0,11.0,11.0,30.0,5.0,11.0,22.0,0.0,30.0,3.0,10.0,20.0,16.0,15.0,10.0,15.0,15.0,0.0,26.0,32.0,43.0,12.0,12.0,20.0
2525,G80_25T,D,310.0,675.0,c1,d1,10.0,3.0,11.0,0.0,12.0,12.0,40.0,0.0,30.0,3.0,10.0,20.0,20.0,15.0,10.0,15.0,15.0,10.0,58.0,55.0,11.0,10.0,10.0,20.0
2526,G80_25T,D,254.0,675.0,c1,d1,10.0,3.0,11.0,0.0,10.0,11.0,22.0,0.0,30.0,3.0,10.0,20.0,20.0,15.0,10.0,15.0,15.0,10.0,37.0,41.0,31.0,0.0,0.0,20.0
2528,G80_25T,D,201.0,675.0,c1,d1,10.0,3.0,11.0,0.0,2.0,2.0,0.0,0.0,30.0,3.0,10.0,0.0,4.0,15.0,10.0,0.0,15.0,0.0,43.0,56.0,57.0,0.0,0.0,20.0
2529,G80_25T,D,336.0,675.0,c1,d1,10.0,3.0,11.0,0.0,14.0,11.0,40.0,0.0,30.0,3.0,10.0,20.0,20.0,15.0,10.0,15.0,15.0,0.0,61.0,65.0,35.0,9.0,9.0,20.0
2531,G80_25T,D,235.0,675.0,c1,d1,10.0,3.0,7.0,0.0,12.0,11.0,22.0,0.0,30.0,3.0,10.0,20.0,4.0,15.0,10.0,15.0,15.0,10.0,42.0,10.0,58.0,4.0,4.0,10.0
2532,G80_25T,D,180.0,675.0,c1,d1,10.0,0.0,0.0,0.0,8.0,11.0,0.0,0.0,0.0,0.0,0.0,0.0,0.0,0.0,10.0,15.0,15.0,10.0,57.0,74.0,0.0,0.0,0.0,20.0
2533,G80_25T,D,288.0,675.0,c1,d1,10.0,3.0,7.0,0.0,8.0,11.0,40.0,0.0,30.0,3.0,10.0,20.0,20.0,15.0,10.0,15.0,15.0,10.0,57.0,74.0,0.0,0.0,0.0,20.0
2534,G80_25T,E,339.0,675.0,c1,d1,10.0,3.0,15.0,0.0,15.0,22.0,40.0,0.0,30.0,3.0,10.0,20.0,20.0,15.0,10.0,15.0,15.0,10.0,80.0,0.0,36.0,20.0,30.0,10.0
2535,G80_25T,D,128.0,675.0,c1,d1,10.0,0.0,0.0,0.0,2.0,2.0,0.0,0.0,0.0,0.0,0.0,0.0,0.0,0.0,7.0,0.0,15.0,0.0,30.0,36.0,56.0,0.0,0.0,20.0
2536,G80_25T,D,356.0,675.0,c1,d1,10.0,25.0,15.0,30.0,2.0,2.0,22.0,0.0,30.0,3.0,10.0,20.0,8.0,15.0,7.0,0.0,15.0,0.0,30.0,36.0,56.0,0.0,0.0,20.0
2537,G80_25T,D,254.0,675.0,c1,d1,0.0,0.0,0.0,0.0,17.0,20.0,0.0,0.0,0.0,0.0,0.0,0.0,0.0,0.0,10.0,15.0,15.0,0.0,53.0,52.0,67.0,20.0,25.0,10.0
2538,G80_25T,D,212.0,675.0,c1,d1,10.0,0.0,0.0,0.0,5.0,11.0,0.0,0.0,0.0,0.0,0.0,0.0,0.0,0.0,10.0,15.0,15.0,0.0,56.0,49.0,45.0,13.0,13.0,20.0
2539,G80_25T,C,424.0,675.0,c1,d1,10.0,25.0,11.0,30.0,5.0,11.0,10.0,0.0,30.0,3.0,10.0,20.0,8.0,15.0,10.0,15.0,15.0,0.0,56.0,49.0,45.0,13.0,13.0,20.0
2540,G80_25T,D,237.0,675.0,c1,d1,10.0,0.0,0.0,0.0,14.0,20.0,0.0,0.0,0.0,0.0,0.0,0.0,0.0,0.0,10.0,15.0,15.0,0.0,38.0,36.0,59.0,20.0,30.0,20.0
2541,G80_25T,B,495.0,675.0,c1,d1,10.0,25.0,15.0,30.0,14.0,20.0,40.0,0.0,30.0,3.0,10.0,20.0,20.0,15.0,10.0,15.0,15.0,0.0,38.0,36.0,59.0,20.0,30.0,20.0
2542,G80_EV,D,203.0,675.0,c1,d1,10.0,0.0,0.0,0.0,20.0,17.0,0.0,0.0,0.0,0.0,0.0,0.0,0.0,0.0,10.0,15.0,15.0,0.0,67.0,36.0,15.0,8.0,30.0,10.0
2543,G80_EV,D,376.0,675.0,c1,d1,10.0,24.0,7.0,30.0,20.0,17.0,0.0,0.0,30.0,3.0,10.0,0.0,4.0,15.0,10.0,15.0,15.0,0.0,67.0,36.0,15.0,8.0,30.0,10.0
2545,G80_25T,D,262.0,675.0,c1,d1,10.0,0.0,0.0,0.0,19.0,20.0,0.0,0.0,0.0,0.0,0.0,0.0,0.0,0.0,10.0,15.0,15.0,10.0,46.0,35.0,65.0,20.0,27.0,20.0
2546,G80_25T,B,520.0,675.0,c1,d1,10.0,25.0,15.0,30.0,19.0,20.0,40.0,0.0,30.0,3.0,10.0,20.0,20.0,15.0,10.0,15.0,15.0,10.0,46.0,35.0,65.0,20.0,27.0,20.0
2547,G80_25T,E,368.0,675.0,c1,d1,10.0,25.0,15.0,10.0,10.0,11.0,0.0,0.0,30.0,3.0,10.0,20.0,0.0,15.0,10.0,15.0,15.0,0.0,80.0,0.0,59.0,10.0,10.0,10.0
2548,G80_25T,E,341.0,675.0,c1,d1,10.0,25.0,15.0,10.0,15.0,12.0,10.0,0.0,30.0,3.0,10.0,0.0,4.0,15.0,10.0,15.0,15.0,0.0,80.0,0.0,15.0,18.0,19.0,10.0
2549,G80_25T,D,172.0,675.0,c1,d1,10.0,0.0,0.0,0.0,4.0,2.0,0.0,0.0,0.0,0.0,0.0,0.0,0.0,0.0,10.0,0.0,15.0,0.0,65.0,84.0,12.0,0.0,0.0,20.0
2550,G80_25T,D,234.0,675.0,c1,d1,10.0,3.0,11.0,0.0,4.0,2.0,22.0,0.0,30.0,3.0,10.0,0.0,8.0,15.0,10.0,0.0,15.0,0.0,65.0,84.0,12.0,0.0,0.0,20.0
2551,G80_25T,D,252.0,675.0,c1,d1,10.0,0.0,0.0,0.0,18.0,20.0,0.0,0.0,0.0,0.0,0.0,0.0,0.0,0.0,10.0,15.0,15.0,0.0,76.0,48.0,20.0,20.0,30.0,20.0
2552,G80_25T,D,245.0,675.0,c1,d1,10.0,0.0,0.0,0.0,20.0,16.0,0.0,0.0,0.0,0.0,0.0,0.0,0.0,0.0,10.0,15.0,15.0,0.0,44.0,29.0,69.0,20.0,27.0,20.0
2553,G80_25T,B,503.0,675.0,c1,d1,10.0,25.0,15.0,30.0,20.0,16.0,40.0,0.0,30.0,3.0,10.0,20.0,20.0,15.0,10.0,15.0,15.0,0.0,44.0,29.0,69.0,20.0,27.0,20.0
2554,G80_25T,D,364.0,675.0,c1,d1,10.0,3.0,11.0,0.0,18.0,20.0,40.0,0.0,30.0,3.0,10.0,20.0,20.0,15.0,10.0,15.0,15.0,0.0,76.0,48.0,20.0,20.0,30.0,20.0
2555,G80_25T,D,216.0,675.0,c1,d1,10.0,0.0,0.0,0.0,10.0,11.0,0.0,0.0,0.0,0.0,0.0,0.0,0.0,0.0,7.0,15.0,15.0,0.0,80.0,98.0,0.0,0.0,0.0,20.0
2556,G80_25T,C,470.0,675.0,c1,d1,10.0,25.0,11.0,30.0,10.0,11.0,40.0,0.0,30.0,3.0,10.0,20.0,20.0,15.0,7.0,15.0,15.0,0.0,80.0,98.0,0.0,0.0,0.0,20.0
2558,G80_25T,D,206.0,675.0,c1,d1,10.0,0.0,0.0,0.0,9.0,11.0,0.0,0.0,0.0,0.0,0.0,0.0,0.0,0.0,10.0,15.0,15.0,0.0,65.0,55.0,20.0,13.0,13.0,20.0
2559,G80_25T,D,318.0,675.0,c1,d1,10.0,3.0,11.0,0.0,9.0,11.0,40.0,0.0,30.0,3.0,10.0,20.0,20.0,15.0,10.0,15.0,15.0,0.0,65.0,55.0,20.0,13.0,13.0,20.0
2560,G80_25T,D,326.0,675.0,c1,d1,10.0,3.0,11.0,0.0,11.0,6.0,40.0,0.0,30.0,3.0,10.0,20.0,20.0,15.0,10.0,15.0,15.0,10.0,65.0,69.0,10.0,16.0,17.0,10.0
2562,G80_25T,E,313.0,675.0,c1,d1,0.0,25.0,11.0,30.0,9.0,2.0,0.0,0.0,30.0,3.0,10.0,0.0,0.0,15.0,10.0,0.0,15.0,0.0,60.0,70.0,13.0,0.0,0.0,10.0
2564,G80_25T,D,226.0,675.0,c1,d1,10.0,3.0,11.0,0.0,8.0,9.0,10.0,0.0,30.0,3.0,10.0,20.0,8.0,15.0,10.0,15.0,15.0,0.0,48.0,62.0,19.0,0.0,0.0,10.0
2565,G80_25T,D,205.0,675.0,c1,d1,10.0,0.0,0.0,0.0,4.0,3.0,0.0,0.0,0.0,0.0,0.0,0.0,0.0,0.0,10.0,0.0,15.0,0.0,60.0,46.0,61.0,13.0,13.0,20.0
2566,G80_25T,D,135.0,675.0,c1,d1,10.0,0.0,0.0,0.0,0.0,3.0,0.0,0.0,0.0,0.0,0.0,0.0,0.0,0.0,10.0,0.0,15.0,0.0,28.0,37.0,48.0,7.0,7.0,20.0
2567,G80_25T,D,176.0,675.0,c1,d1,10.0,0.0,0.0,0.0,10.0,11.0,0.0,0.0,0.0,0.0,0.0,0.0,0.0,0.0,10.0,0.0,15.0,0.0,47.0,54.0,29.0,10.0,10.0,20.0
2568,G80_25T,D,229.0,675.0,c1,d1,10.0,3.0,11.0,0.0,0.0,3.0,22.0,0.0,30.0,3.0,10.0,20.0,20.0,15.0,10.0,0.0,15.0,0.0,28.0,37.0,48.0,7.0,7.0,20.0
2569,G80_25T,D,266.0,675.0,c1,d1,10.0,3.0,7.0,0.0,10.0,11.0,22.0,0.0,30.0,3.0,10.0,20.0,20.0,15.0,10.0,0.0,15.0,0.0,47.0,54.0,29.0,10.0,10.0,20.0
2570,G80_25T,D,237.0,675.0,c1,d1,10.0,3.0,3.0,0.0,4.0,3.0,0.0,0.0,30.0,3.0,10.0,0.0,8.0,15.0,10.0,0.0,15.0,0.0,60.0,46.0,61.0,13.0,13.0,20.0
2571,G80_25T,D,150.0,675.0,c1,d1,10.0,0.0,0.0,0.0,8.0,12.0,0.0,0.0,0.0,0.0,0.0,0.0,0.0,0.0,10.0,15.0,15.0,0.0,26.0,18.0,41.0,17.0,18.0,10.0
2572,G80_25T,D,306.0,675.0,c1,d1,10.0,25.0,11.0,0.0,8.0,12.0,22.0,0.0,30.0,3.0,10.0,20.0,20.0,15.0,10.0,15.0,15.0,0.0,26.0,18.0,41.0,17.0,18.0,10.0
2577,G80_25T,D,151.0,675.0,c1,d1,10.0,0.0,0.0,0.0,20.0,11.0,0.0,0.0,0.0,0.0,0.0,0.0,0.0,0.0,10.0,15.0,15.0,0.0,31.0,7.0,46.0,8.0,8.0,20.0
2579,G80_25T,D,237.0,675.0,c1,d1,10.0,3.0,7.0,0.0,20.0,11.0,22.0,0.0,30.0,3.0,10.0,20.0,16.0,15.0,10.0,15.0,15.0,0.0,31.0,7.0,46.0,8.0,8.0,20.0
2581,G80_25T,D,177.0,675.0,c1,d1,10.0,0.0,0.0,0.0,4.0,9.0,0.0,0.0,0.0,0.0,0.0,0.0,0.0,0.0,10.0,15.0,15.0,0.0,48.0,68.0,28.0,0.0,0.0,20.0
2582,G80_25T,D,169.0,675.0,c1,d1,10.0,0.0,0.0,0.0,6.0,11.0,0.0,0.0,0.0,0.0,0.0,0.0,0.0,0.0,10.0,15.0,15.0,0.0,76.0,81.0,5.0,0.0,0.0,10.0
2583,G80_25T,D,263.0,675.0,c1,d1,10.0,3.0,11.0,0.0,4.0,9.0,22.0,0.0,30.0,3.0,10.0,20.0,12.0,15.0,10.0,15.0,15.0,0.0,48.0,68.0,28.0,0.0,0.0,20.0
2584,G80_25T,D,260.0,675.0,c1,d1,10.0,3.0,11.0,0.0,6.0,11.0,22.0,0.0,30.0,0.0,10.0,20.0,20.0,15.0,10.0,15.0,15.0,0.0,76.0,81.0,5.0,0.0,0.0,10.0
2585,G80_25T,E,184.0,675.0,c1,d1,10.0,3.0,15.0,0.0,5.0,11.0,10.0,0.0,30.0,3.0,10.0,20.0,12.0,15.0,10.0,15.0,15.0,0.0,80.0,0.0,0.0,0.0,0.0,10.0
2586,G80_25T,D,242.0,675.0,c1,d1,10.0,3.0,7.0,0.0,5.0,5.0,22.0,0.0,30.0,0.0,10.0,20.0,4.0,15.0,10.0,15.0,15.0,0.0,39.0,51.0,48.0,16.0,17.0,10.0
2587,G80_25T,D,367.0,675.0,c1,d1,10.0,25.0,11.0,30.0,14.0,5.0,22.0,0.0,30.0,0.0,10.0,20.0,8.0,15.0,10.0,15.0,15.0,0.0,28.0,14.0,57.0,18.0,20.0,10.0
2588,G80_25T,D,140.0,675.0,c1,d1,10.0,0.0,0.0,0.0,2.0,3.0,0.0,0.0,0.0,0.0,0.0,0.0,0.0,0.0,10.0,0.0,15.0,0.0,39.0,16.0,67.0,4.0,4.0,20.0
2589,G80_25T,D,203.0,675.0,c1,d1,10.0,0.0,0.0,0.0,2.0,3.0,0.0,0.0,30.0,3.0,10.0,20.0,0.0,0.0,10.0,0.0,15.0,0.0,39.0,16.0,67.0,4.0,4.0,20.0
2590,G80_25T,D,215.0,675.0,c1,d1,10.0,0.0,0.0,0.0,20.0,5.0,0.0,0.0,0.0,0.0,0.0,0.0,0.0,0.0,10.0,15.0,15.0,0.0,55.0,35.0,41.0,19.0,20.0,20.0
2591,G80_25T,D,263.0,675.0,c1,d1,10.0,0.0,0.0,0.0,20.0,20.0,0.0,0.0,0.0,0.0,0.0,0.0,0.0,0.0,10.0,15.0,15.0,0.0,73.0,62.0,19.0,20.0,29.0,20.0
2592,G80_25T,D,263.0,675.0,c1,d1,10.0,3.0,7.0,0.0,20.0,5.0,0.0,0.0,30.0,3.0,10.0,20.0,0.0,15.0,10.0,15.0,15.0,0.0,55.0,35.0,41.0,19.0,20.0,20.0
2593,G80_25T,B,513.0,675.0,c1,d1,10.0,25.0,7.0,30.0,20.0,20.0,40.0,0.0,30.0,3.0,10.0,20.0,20.0,15.0,10.0,15.0,15.0,0.0,73.0,62.0,19.0,20.0,29.0,20.0
2594,G80_25T,D,132.0,675.0,c1,d1,10.0,0.0,0.0,0.0,15.0,2.0,0.0,0.0,0.0,0.0,0.0,0.0,0.0,0.0,3.0,15.0,15.0,10.0,26.0,0.0,66.0,0.0,0.0,20.0
2595,G80_25T,D,336.0,675.0,c1,d1,10.0,25.0,11.0,30.0,15.0,2.0,22.0,0.0,30.0,3.0,10.0,0.0,8.0,15.0,3.0,15.0,15.0,10.0,26.0,0.0,66.0,0.0,0.0,20.0
2597,G80_25T,D,224.0,675.0,c1,d1,10.0,0.0,0.0,0.0,7.0,22.0,0.0,0.0,0.0,0.0,0.0,0.0,0.0,0.0,10.0,15.0,15.0,0.0,66.0,58.0,1.0,20.0,30.0,20.0
2598,G80_25T,B,482.0,675.0,c1,d1,10.0,25.0,15.0,30.0,7.0,22.0,40.0,0.0,30.0,3.0,10.0,20.0,20.0,15.0,10.0,15.0,15.0,0.0,66.0,58.0,1.0,20.0,30.0,20.0
2599,G80_25T,D,279.0,675.0,c1,d1,10.0,0.0,0.0,0.0,16.0,20.0,0.0,0.0,0.0,0.0,0.0,0.0,0.0,0.0,10.0,15.0,15.0,10.0,71.0,43.0,49.0,20.0,30.0,20.0
2600,G80_25T,B,537.0,675.0,c1,d1,10.0,25.0,15.0,30.0,16.0,20.0,40.0,0.0,30.0,3.0,10.0,20.0,20.0,15.0,10.0,15.0,15.0,10.0,71.0,43.0,49.0,20.0,30.0,20.0
2601,G80_25T,D,170.0,675.0,c1,d1,10.0,0.0,0.0,0.0,14.0,12.0,0.0,0.0,0.0,0.0,0.0,0.0,0.0,0.0,10.0,15.0,15.0,0.0,15.0,0.0,70.0,19.0,20.0,20.0
2602,G80_25T,C,420.0,675.0,c1,d1,10.0,25.0,7.0,30.0,14.0,12.0,40.0,0.0,30.0,3.0,10.0,20.0,20.0,15.0,10.0,15.0,15.0,0.0,15.0,0.0,70.0,19.0,20.0,20.0
2603,G80_25T,D,269.0,675.0,c1,d1,10.0,3.0,11.0,0.0,20.0,3.0,22.0,0.0,30.0,3.0,10.0,20.0,16.0,15.0,3.0,15.0,15.0,10.0,62.0,37.0,32.0,6.0,6.0,10.0
2605,G80_25T,D,160.0,675.0,c1,d1,10.0,0.0,0.0,0.0,6.0,2.0,0.0,0.0,0.0,0.0,0.0,0.0,0.0,0.0,7.0,0.0,15.0,10.0,52.0,62.0,26.0,0.0,0.0,20.0
2606,G80_25T,D,243.0,675.0,c1,d1,10.0,3.0,0.0,0.0,6.0,2.0,22.0,0.0,30.0,3.0,10.0,20.0,20.0,15.0,7.0,0.0,15.0,10.0,52.0,62.0,26.0,0.0,0.0,20.0
2607,G80_25T,D,92.0,675.0,c1,d1,0.0,0.0,0.0,0.0,11.0,2.0,0.0,0.0,0.0,0.0,0.0,0.0,0.0,0.0,10.0,15.0,15.0,0.0,20.0,0.0,49.0,0.0,0.0,20.0
2608,G80_25T,D,204.0,675.0,c1,d1,0.0,3.0,11.0,0.0,11.0,2.0,40.0,0.0,30.0,3.0,10.0,20.0,20.0,15.0,10.0,15.0,15.0,0.0,20.0,0.0,49.0,0.0,0.0,20.0
2609,G80_25T,B,482.0,675.0,c1,d1,10.0,25.0,15.0,30.0,8.0,16.0,22.0,0.0,30.0,3.0,10.0,20.0,8.0,15.0,10.0,15.0,15.0,0.0,48.0,59.0,63.0,20.0,30.0,10.0
2610,G80_25T,D,229.0,675.0,c1,d1,10.0,0.0,0.0,0.0,8.0,16.0,0.0,0.0,0.0,0.0,0.0,0.0,0.0,0.0,7.0,15.0,15.0,0.0,71.0,82.0,0.0,17.0,18.0,20.0
2611,G80_25T,D,303.0,675.0,c1,d1,10.0,3.0,11.0,0.0,8.0,16.0,22.0,0.0,30.0,3.0,10.0,12.0,8.0,15.0,7.0,15.0,15.0,0.0,71.0,82.0,0.0,17.0,18.0,20.0
2614,G80_25T,D,185.0,675.0,c1,d1,10.0,0.0,0.0,0.0,0.0,3.0,0.0,0.0,0.0,0.0,0.0,0.0,0.0,0.0,10.0,0.0,15.0,0.0,77.0,100.0,0.0,0.0,0.0,20.0
2615,G80_25T,D,289.0,675.0,c1,d1,10.0,3.0,11.0,0.0,0.0,3.0,40.0,0.0,30.0,3.0,10.0,12.0,20.0,15.0,10.0,0.0,15.0,0.0,77.0,100.0,0.0,0.0,0.0,20.0
2618,G80_25T,D,89.0,675.0,c1,d1,10.0,0.0,0.0,0.0,4.0,11.0,0.0,0.0,0.0,0.0,0.0,0.0,0.0,0.0,10.0,0.0,15.0,0.0,7.0,10.0,52.0,0.0,0.0,20.0
2619,G80_25T,D,287.0,675.0,c1,d1,10.0,25.0,11.0,30.0,4.0,11.0,0.0,0.0,30.0,3.0,10.0,20.0,4.0,15.0,10.0,0.0,15.0,0.0,7.0,10.0,52.0,0.0,0.0,20.0
2620,G80_25T,D,157.0,675.0,c1,d1,0.0,0.0,0.0,0.0,3.0,8.0,0.0,0.0,0.0,0.0,0.0,0.0,0.0,0.0,10.0,15.0,15.0,10.0,47.0,68.0,21.0,0.0,0.0,10.0
2621,G80_25T,D,202.0,675.0,c1,d1,0.0,3.0,7.0,0.0,3.0,8.0,40.0,0.0,0.0,0.0,0.0,0.0,20.0,15.0,10.0,15.0,15.0,10.0,47.0,68.0,21.0,0.0,0.0,10.0
2622,G80_25T,E,256.0,675.0,c1,d1,0.0,3.0,15.0,0.0,20.0,20.0,40.0,0.0,0.0,0.0,0.0,0.0,20.0,15.0,10.0,15.0,15.0,10.0,80.0,0.0,23.0,20.0,30.0,10.0
2623,G80_25T,D,155.0,675.0,c1,d1,10.0,0.0,0.0,0.0,11.0,3.0,0.0,0.0,0.0,0.0,0.0,0.0,0.0,0.0,10.0,15.0,15.0,10.0,53.0,50.0,8.0,0.0,0.0,20.0
2624,G80_25T,D,183.0,675.0,c1,d1,10.0,3.0,7.0,0.0,11.0,3.0,0.0,0.0,30.0,3.0,10.0,0.0,0.0,15.0,10.0,15.0,15.0,10.0,53.0,50.0,8.0,0.0,0.0,20.0
2625,G80_25T,D,348.0,675.0,c1,d1,10.0,3.0,11.0,0.0,20.0,16.0,40.0,0.0,30.0,3.0,10.0,20.0,20.0,15.0,10.0,15.0,15.0,0.0,77.0,39.0,24.0,20.0,30.0,10.0
2626,G80_25T,D,308.0,675.0,c1,d1,10.0,3.0,7.0,0.0,10.0,12.0,22.0,0.0,30.0,3.0,10.0,20.0,20.0,15.0,10.0,15.0,15.0,10.0,76.0,85.0,5.0,5.0,5.0,10.0
2627,G80_25T,D,201.0,675.0,c1,d1,10.0,0.0,0.0,0.0,0.0,12.0,0.0,0.0,0.0,0.0,0.0,0.0,0.0,0.0,10.0,0.0,15.0,0.0,41.0,57.0,51.0,17.0,18.0,20.0
2628,G80_25T,C,451.0,675.0,c1,d1,10.0,21.0,11.0,30.0,0.0,12.0,40.0,0.0,30.0,3.0,10.0,20.0,20.0,15.0,10.0,0.0,15.0,0.0,41.0,57.0,51.0,17.0,18.0,20.0
2629,G80_25T,D,269.0,675.0,c1,d1,10.0,0.0,0.0,0.0,15.0,20.0,0.0,0.0,0.0,0.0,0.0,0.0,0.0,0.0,10.0,15.0,15.0,0.0,54.0,55.0,56.0,20.0,29.0,20.0
2630,G80_25T,B,527.0,675.0,c1,d1,10.0,25.0,15.0,30.0,15.0,20.0,40.0,0.0,30.0,3.0,10.0,20.0,20.0,15.0,10.0,15.0,15.0,0.0,54.0,55.0,56.0,20.0,29.0,20.0
2631,G80_25T,D,238.0,675.0,c1,d1,10.0,0.0,0.0,0.0,16.0,16.0,0.0,0.0,0.0,0.0,0.0,0.0,0.0,0.0,10.0,15.0,15.0,0.0,42.0,35.0,62.0,20.0,27.0,20.0
2632,G80_25T,B,496.0,675.0,c1,d1,10.0,25.0,15.0,30.0,16.0,16.0,40.0,0.0,30.0,3.0,10.0,20.0,20.0,15.0,10.0,15.0,15.0,0.0,42.0,35.0,62.0,20.0,27.0,20.0
2633,G80_25T,D,159.0,675.0,c1,d1,10.0,0.0,0.0,0.0,5.0,11.0,0.0,0.0,0.0,0.0,0.0,0.0,0.0,0.0,7.0,15.0,15.0,0.0,35.0,16.0,67.0,4.0,4.0,20.0
2634,G80_25T,D,245.0,675.0,c1,d1,10.0,3.0,7.0,0.0,5.0,11.0,22.0,0.0,30.0,3.0,10.0,20.0,16.0,15.0,7.0,15.0,15.0,0.0,35.0,16.0,67.0,4.0,4.0,20.0
2635,G80_25T,D,225.0,675.0,c1,d1,10.0,3.0,11.0,0.0,5.0,2.0,10.0,0.0,30.0,3.0,10.0,20.0,20.0,15.0,10.0,15.0,15.0,0.0,44.0,52.0,30.0,0.0,0.0,10.0
2636,G80_25T,D,141.0,675.0,c1,d1,10.0,0.0,0.0,0.0,10.0,11.0,0.0,0.0,0.0,0.0,0.0,0.0,0.0,0.0,10.0,15.0,15.0,0.0,45.0,18.0,33.0,2.0,2.0,20.0
2637,G80_25T,D,253.0,675.0,c1,d1,10.0,3.0,11.0,0.0,10.0,11.0,40.0,0.0,30.0,3.0,10.0,20.0,20.0,15.0,10.0,15.0,15.0,0.0,45.0,18.0,33.0,2.0,2.0,20.0
2638,G80_25T,D,170.0,675.0,c1,d1,10.0,0.0,0.0,0.0,5.0,9.0,0.0,0.0,0.0,0.0,0.0,0.0,0.0,0.0,10.0,15.0,15.0,0.0,45.0,62.0,29.0,0.0,0.0,20.0
2639,G80_25T,D,213.0,675.0,c1,d1,10.0,0.0,0.0,0.0,5.0,9.0,0.0,0.0,30.0,3.0,10.0,0.0,0.0,0.0,10.0,15.0,15.0,0.0,45.0,62.0,29.0,0.0,0.0,20.0
2640,G80_25T,D,393.0,675.0,c1,d1,10.0,3.0,11.0,30.0,4.0,12.0,22.0,0.0,30.0,3.0,10.0,20.0,12.0,15.0,10.0,0.0,15.0,0.0,50.0,60.0,70.0,17.0,19.0,10.0
2643,G80_25T,D,172.0,675.0,c1,d1,10.0,3.0,7.0,0.0,5.0,3.0,22.0,0.0,30.0,3.0,10.0,20.0,12.0,15.0,10.0,15.0,15.0,0.0,16.0,0.0,50.0,3.0,3.0,10.0
2646,G80_25T,E,204.0,675.0,c1,d1,0.0,3.0,15.0,0.0,0.0,22.0,40.0,0.0,0.0,0.0,0.0,0.0,20.0,15.0,10.0,15.0,15.0,0.0,80.0,0.0,0.0,20.0,29.0,10.0
2647,G80_25T,D,372.0,675.0,c1,d1,10.0,25.0,15.0,30.0,10.0,11.0,0.0,0.0,30.0,3.0,10.0,12.0,4.0,15.0,7.0,15.0,15.0,10.0,38.0,40.0,50.0,6.0,6.0,10.0
2649,G80_25T,B,503.0,675.0,c1,d1,10.0,25.0,15.0,30.0,17.0,20.0,22.0,0.0,30.0,3.0,10.0,20.0,12.0,15.0,10.0,15.0,15.0,0.0,57.0,55.0,67.0,20.0,25.0,10.0
2651,G80_25T,E,241.0,675.0,c1,d1,0.0,5.0,15.0,0.0,11.0,19.0,22.0,0.0,0.0,0.0,0.0,0.0,8.0,15.0,10.0,15.0,15.0,0.0,80.0,0.0,56.0,20.0,30.0,10.0
2652,G80_25T,D,193.0,675.0,c1,d1,10.0,0.0,0.0,0.0,8.0,11.0,0.0,0.0,30.0,0.0,10.0,20.0,0.0,0.0,3.0,0.0,15.0,0.0,51.0,62.0,23.0,5.0,5.0,10.0
2653,G80_25T,B,469.0,675.0,c1,d1,10.0,25.0,15.0,30.0,20.0,20.0,40.0,0.0,30.0,3.0,10.0,20.0,20.0,15.0,10.0,0.0,15.0,0.0,48.0,27.0,52.0,20.0,29.0,10.0
2654,G80_25T,E,227.0,675.0,c1,d1,0.0,0.0,0.0,0.0,19.0,20.0,0.0,0.0,0.0,0.0,0.0,0.0,0.0,0.0,10.0,15.0,15.0,10.0,59.0,0.0,70.0,20.0,29.0,10.0
2655,G80_25T,E,176.0,675.0,c1,d1,10.0,3.0,15.0,0.0,20.0,12.0,10.0,0.0,0.0,3.0,10.0,20.0,4.0,15.0,10.0,15.0,15.0,10.0,69.0,43.0,17.0,17.0,18.0,10.0
2656,G80_25T,E,154.0,675.0,c1,d1,10.0,3.0,11.0,0.0,10.0,11.0,0.0,0.0,30.0,3.0,10.0,0.0,4.0,15.0,7.0,0.0,15.0,0.0,64.0,0.0,25.0,8.0,8.0,10.0
2657,G80_25T,D,371.0,675.0,c1,d1,10.0,22.0,7.0,30.0,13.0,11.0,0.0,0.0,30.0,3.0,10.0,12.0,4.0,15.0,7.0,15.0,15.0,10.0,62.0,45.0,36.0,2.0,2.0,10.0
2658,G80_25T,E,107.0,675.0,c1,d1,0.0,3.0,15.0,0.0,5.0,11.0,0.0,0.0,0.0,0.0,0.0,0.0,4.0,15.0,10.0,0.0,15.0,0.0,31.0,0.0,60.0,9.0,9.0,10.0
2659,G80_25T,E,114.0,675.0,c1,d1,0.0,3.0,15.0,0.0,13.0,12.0,22.0,0.0,0.0,0.0,0.0,0.0,12.0,15.0,7.0,0.0,15.0,0.0,80.0,0.0,0.0,0.0,0.0,10.0
2661,G80_25T,E,334.0,675.0,c1,d1,0.0,25.0,15.0,0.0,0.0,19.0,40.0,0.0,0.0,0.0,0.0,0.0,20.0,15.0,10.0,15.0,15.0,0.0,80.0,0.0,70.0,20.0,30.0,10.0
2662,G80_25T,E,229.0,675.0,c1,d1,0.0,0.0,0.0,0.0,20.0,17.0,0.0,0.0,0.0,0.0,0.0,0.0,0.0,0.0,10.0,0.0,15.0,10.0,77.0,0.0,70.0,20.0,30.0,10.0
2663,G80_25T,D,292.0,675.0,c1,d1,10.0,3.0,15.0,0.0,6.0,11.0,40.0,0.0,30.0,0.0,10.0,20.0,20.0,15.0,10.0,15.0,15.0,10.0,47.0,60.0,31.0,12.0,12.0,10.0
2664,G80_25T,E,83.0,675.0,c1,d1,0.0,3.0,15.0,0.0,12.0,12.0,0.0,0.0,0.0,0.0,0.0,0.0,4.0,15.0,7.0,0.0,15.0,0.0,80.0,0.0,0.0,0.0,0.0,10.0
2666,G80_25T,E,217.0,675.0,c1,d1,10.0,3.0,3.0,0.0,11.0,12.0,22.0,0.0,0.0,3.0,10.0,0.0,8.0,15.0,7.0,15.0,15.0,0.0,80.0,100.0,35.0,14.0,14.0,10.0
2667,G80_25T,E,169.0,675.0,c1,d1,0.0,3.0,15.0,0.0,7.0,11.0,22.0,0.0,0.0,0.0,0.0,0.0,8.0,15.0,10.0,0.0,15.0,0.0,80.0,0.0,39.0,12.0,12.0,10.0
2668,G80_25T,E,205.0,675.0,c1,d1,0.0,3.0,15.0,0.0,0.0,22.0,40.0,0.0,0.0,0.0,0.0,0.0,20.0,15.0,10.0,15.0,15.0,0.0,80.0,0.0,0.0,20.0,30.0,10.0
2669,G80_25T,E,287.0,675.0,c1,d1,10.0,25.0,15.0,10.0,6.0,9.0,0.0,0.0,30.0,3.0,10.0,20.0,4.0,15.0,10.0,0.0,15.0,0.0,80.0,0.0,15.0,0.0,0.0,10.0
2670,G80_25T,E,279.0,675.0,c1,d1,0.0,3.0,15.0,0.0,20.0,19.0,40.0,0.0,0.0,0.0,0.0,0.0,20.0,15.0,10.0,15.0,15.0,10.0,80.0,0.0,47.0,20.0,30.0,10.0
2674,G80_25T,D,175.0,675.0,c1,d1,10.0,3.0,11.0,0.0,20.0,11.0,10.0,0.0,30.0,3.0,10.0,20.0,4.0,15.0,3.0,0.0,15.0,0.0,45.0,0.0,41.0,2.0,2.0,10.0
2675,G80_25T,D,328.0,675.0,c1,d1,10.0,21.0,0.0,30.0,6.0,2.0,40.0,0.0,30.0,3.0,10.0,20.0,20.0,15.0,10.0,0.0,15.0,0.0,14.0,2.0,70.0,0.0,0.0,10.0
2676,G80_25T,D,231.0,675.0,c1,d1,10.0,3.0,11.0,0.0,5.0,11.0,40.0,0.0,30.0,3.0,10.0,0.0,20.0,15.0,10.0,0.0,15.0,0.0,31.0,41.0,40.0,8.0,8.0,10.0
2677,G80_25T,E,344.0,675.0,c1,d1,0.0,18.0,15.0,0.0,1.0,25.0,40.0,0.0,0.0,0.0,0.0,0.0,20.0,15.0,10.0,15.0,15.0,10.0,80.0,0.0,70.0,20.0,30.0,10.0
2678,G80_25T,D,206.0,675.0,c1,d1,10.0,3.0,7.0,0.0,10.0,9.0,40.0,0.0,30.0,3.0,10.0,20.0,20.0,15.0,10.0,0.0,15.0,0.0,31.0,32.0,21.0,0.0,0.0,10.0
2679,G80_25T,D,184.0,675.0,c1,d1,10.0,3.0,0.0,0.0,4.0,2.0,22.0,0.0,30.0,3.0,10.0,20.0,20.0,15.0,7.0,0.0,15.0,0.0,27.0,23.0,53.0,0.0,0.0,10.0
2680,G80_25T,D,199.0,675.0,c1,d1,10.0,3.0,11.0,0.0,13.0,11.0,22.0,0.0,30.0,3.0,10.0,20.0,8.0,15.0,10.0,0.0,15.0,10.0,7.0,0.0,54.0,13.0,14.0,10.0
2681,G80_25T,D,369.0,675.0,c1,d1,10.0,25.0,11.0,30.0,8.0,2.0,40.0,0.0,30.0,3.0,10.0,20.0,20.0,15.0,10.0,15.0,15.0,0.0,27.0,16.0,52.0,0.0,0.0,10.0
2682,G80_25T,D,286.0,675.0,c1,d1,10.0,3.0,11.0,0.0,13.0,9.0,40.0,0.0,30.0,3.0,10.0,20.0,20.0,15.0,10.0,15.0,15.0,0.0,48.0,54.0,40.0,0.0,0.0,10.0
2683,G80_25T,D,249.0,675.0,c1,d1,10.0,0.0,0.0,30.0,2.0,2.0,0.0,0.0,30.0,3.0,10.0,20.0,0.0,0.0,10.0,0.0,15.0,0.0,33.0,39.0,35.0,0.0,0.0,10.0
2686,G80_25T,D,241.0,675.0,c1,d1,10.0,3.0,15.0,0.0,12.0,3.0,22.0,0.0,30.0,3.0,10.0,20.0,8.0,15.0,7.0,0.0,15.0,0.0,49.0,41.0,36.0,11.0,11.0,10.0
2687,G80_25T,E,220.0,675.0,c1,d1,0.0,3.0,15.0,0.0,14.0,20.0,40.0,0.0,0.0,0.0,0.0,0.0,20.0,15.0,10.0,15.0,15.0,0.0,33.0,0.0,51.0,20.0,29.0,10.0
2688,G80_25T,E,339.0,675.0,c1,d1,0.0,25.0,15.0,10.0,8.0,17.0,40.0,0.0,0.0,0.0,0.0,0.0,20.0,15.0,10.0,15.0,15.0,10.0,23.0,0.0,56.0,20.0,30.0,10.0
2690,G80_25T,C,468.0,675.0,c1,d1,10.0,25.0,15.0,30.0,10.0,14.0,40.0,0.0,30.0,3.0,10.0,20.0,20.0,15.0,10.0,15.0,15.0,0.0,54.0,8.0,70.0,20.0,24.0,10.0
2691,G80_25T,E,393.0,675.0,c1,d1,0.0,25.0,15.0,10.0,0.0,19.0,40.0,0.0,0.0,0.0,0.0,0.0,20.0,15.0,10.0,15.0,15.0,0.0,79.0,0.0,70.0,20.0,30.0,10.0
2692,G80_25T,E,428.0,675.0,c1,d1,0.0,20.0,15.0,30.0,16.0,16.0,22.0,0.0,30.0,3.0,10.0,0.0,0.0,15.0,10.0,15.0,15.0,0.0,66.0,65.0,54.0,20.0,26.0,10.0
2694,G80_25T,E,203.0,675.0,c1,d1,0.0,3.0,15.0,0.0,3.0,12.0,40.0,0.0,0.0,0.0,0.0,0.0,20.0,15.0,10.0,0.0,15.0,0.0,80.0,0.0,34.0,17.0,19.0,10.0
2695,G80_25T,E,140.0,675.0,c1,d1,0.0,3.0,15.0,0.0,3.0,11.0,10.0,0.0,0.0,0.0,0.0,0.0,8.0,15.0,10.0,0.0,15.0,0.0,80.0,0.0,28.0,11.0,11.0,10.0
2696,G80_25T,B,484.0,675.0,c1,d1,10.0,25.0,15.0,30.0,3.0,20.0,40.0,0.0,30.0,3.0,10.0,20.0,20.0,15.0,10.0,0.0,15.0,0.0,57.0,74.0,29.0,20.0,28.0,10.0
2697,G80_25T,E,301.0,675.0,c1,d1,10.0,25.0,7.0,30.0,4.0,11.0,0.0,0.0,8.0,3.0,10.0,0.0,0.0,0.0,10.0,0.0,15.0,0.0,80.0,100.0,18.0,0.0,0.0,10.0
2698,G80_25T,E,219.0,675.0,c1,d1,0.0,0.0,0.0,0.0,0.0,19.0,0.0,0.0,0.0,0.0,0.0,0.0,0.0,0.0,10.0,15.0,15.0,0.0,80.0,0.0,70.0,20.0,30.0,10.0
2699,G80_25T,D,273.0,675.0,c1,d1,10.0,3.0,11.0,0.0,7.0,14.0,40.0,0.0,30.0,3.0,10.0,0.0,20.0,15.0,10.0,15.0,15.0,0.0,40.0,38.0,30.0,20.0,22.0,10.0
2700,G80_25T,E,108.0,675.0,c1,d1,0.0,3.0,15.0,0.0,8.0,12.0,22.0,0.0,0.0,0.0,0.0,0.0,8.0,15.0,10.0,0.0,15.0,0.0,80.0,0.0,0.0,0.0,0.0,10.0
2701,G80_25T,E,111.0,675.0,c1,d1,0.0,3.0,15.0,0.0,0.0,5.0,10.0,0.0,0.0,0.0,0.0,0.0,0.0,15.0,10.0,0.0,15.0,0.0,80.0,0.0,10.0,14.0,14.0,10.0
2703,G80_EV,E,234.0,675.0,c1,d1,0.0,3.0,15.0,0.0,20.0,25.0,40.0,0.0,0.0,0.0,0.0,0.0,20.0,15.0,10.0,0.0,15.0,0.0,80.0,0.0,22.0,19.0,30.0,10.0
2704,G80_25T,E,94.0,675.0,c1,d1,0.0,3.0,15.0,0.0,4.0,11.0,10.0,0.0,0.0,0.0,0.0,0.0,8.0,15.0,10.0,0.0,15.0,0.0,80.0,0.0,3.0,0.0,0.0,10.0
2705,G80_25T,E,140.0,675.0,c1,d1,0.0,3.0,15.0,0.0,3.0,11.0,10.0,0.0,0.0,0.0,0.0,0.0,8.0,15.0,10.0,0.0,15.0,0.0,80.0,0.0,28.0,11.0,11.0,10.0
2706,G80_25T,E,163.0,675.0,c1,d1,0.0,3.0,15.0,0.0,6.0,12.0,40.0,0.0,0.0,0.0,0.0,0.0,20.0,15.0,10.0,0.0,15.0,0.0,80.0,0.0,5.0,11.0,11.0,10.0
2708,G80_25T,E,110.0,675.0,c1,d1,0.0,3.0,15.0,0.0,5.0,11.0,10.0,0.0,0.0,0.0,0.0,0.0,12.0,15.0,10.0,0.0,15.0,0.0,80.0,0.0,10.0,2.0,2.0,10.0
2709,G80_EV,E,148.0,675.0,c1,d1,0.0,3.0,15.0,0.0,10.0,17.0,0.0,0.0,0.0,0.0,0.0,0.0,0.0,15.0,10.0,0.0,15.0,0.0,80.0,0.0,20.0,13.0,30.0,10.0
2710,G80_25T,E,130.0,675.0,c1,d1,0.0,3.0,15.0,0.0,9.0,11.0,22.0,0.0,0.0,0.0,0.0,0.0,12.0,15.0,10.0,0.0,15.0,0.0,80.0,0.0,4.0,7.0,7.0,10.0
2711,G80_25T,E,172.0,675.0,c1,d1,0.0,3.0,15.0,0.0,0.0,12.0,40.0,0.0,0.0,0.0,0.0,0.0,20.0,15.0,10.0,0.0,15.0,0.0,80.0,0.0,14.0,14.0,14.0,10.0
2712,G80_25T,E,121.0,675.0,c1,d1,0.0,3.0,15.0,0.0,4.0,11.0,22.0,0.0,0.0,0.0,0.0,0.0,20.0,15.0,7.0,0.0,15.0,0.0,80.0,0.0,9.0,0.0,0.0,10.0
2716,G80_25T,D,315.0,675.0,c1,d1,10.0,23.0,7.0,30.0,6.0,2.0,22.0,0.0,30.0,3.0,10.0,20.0,16.0,15.0,10.0,0.0,15.0,10.0,24.0,14.0,38.0,0.0,0.0,10.0
2717,G80_25T,D,255.0,675.0,c1,d1,10.0,3.0,11.0,0.0,20.0,11.0,40.0,0.0,30.0,3.0,10.0,20.0,20.0,15.0,10.0,0.0,15.0,0.0,44.0,0.0,46.0,13.0,14.0,10.0
2718,G80_25T,E,296.0,675.0,c1,d1,0.0,24.0,11.0,30.0,20.0,11.0,10.0,0.0,18.0,3.0,10.0,20.0,8.0,15.0,7.0,15.0,15.0,10.0,53.0,24.0,42.0,5.0,5.0,10.0
2719,G80_25T,E,289.0,675.0,c1,d1,0.0,25.0,15.0,0.0,16.0,19.0,40.0,0.0,0.0,0.0,0.0,0.0,20.0,15.0,10.0,15.0,15.0,0.0,67.0,0.0,22.0,20.0,30.0,10.0
2720,G80_25T,D,178.0,675.0,c1,d1,10.0,3.0,7.0,0.0,10.0,12.0,0.0,0.0,0.0,0.0,0.0,0.0,8.0,15.0,10.0,15.0,15.0,0.0,50.0,50.0,18.0,17.0,18.0,10.0
2721,G80_25T,E,194.0,675.0,c1,d1,10.0,3.0,15.0,0.0,9.0,3.0,22.0,0.0,30.0,3.0,10.0,20.0,8.0,15.0,7.0,0.0,15.0,0.0,46.0,0.0,36.0,11.0,11.0,10.0
2722,G80_25T,E,320.0,675.0,c1,d1,0.0,25.0,15.0,0.0,0.0,17.0,40.0,0.0,0.0,0.0,0.0,0.0,20.0,15.0,10.0,15.0,15.0,10.0,58.0,0.0,70.0,20.0,30.0,10.0
2724,G80_25T,D,306.0,675.0,c1,d1,10.0,22.0,7.0,30.0,11.0,14.0,10.0,0.0,0.0,0.0,0.0,0.0,4.0,15.0,10.0,15.0,15.0,10.0,23.0,9.0,49.0,20.0,22.0,10.0
2725,G80_25T,E,138.0,675.0,c1,d1,10.0,3.0,15.0,0.0,3.0,11.0,22.0,0.0,0.0,0.0,0.0,0.0,8.0,15.0,10.0,15.0,15.0,0.0,80.0,0.0,11.0,0.0,0.0,10.0
2726,G80_25T,E,204.0,675.0,c1,d1,0.0,3.0,15.0,0.0,0.0,22.0,40.0,0.0,0.0,0.0,0.0,0.0,20.0,15.0,10.0,15.0,15.0,0.0,80.0,0.0,0.0,20.0,29.0,10.0
2729,G80_25T,E,378.0,675.0,c1,d1,10.0,15.0,15.0,10.0,20.0,20.0,40.0,0.0,0.0,0.0,0.0,0.0,20.0,15.0,10.0,0.0,15.0,0.0,80.0,0.0,48.0,20.0,30.0,10.0
2732,G80_25T,D,190.0,675.0,c1,d1,10.0,3.0,11.0,0.0,6.0,11.0,10.0,0.0,30.0,3.0,10.0,0.0,8.0,15.0,10.0,0.0,15.0,10.0,42.0,23.0,45.0,4.0,4.0,10.0
2733,G80_EV,E,204.0,675.0,c1,d1,0.0,3.0,15.0,0.0,10.0,8.0,22.0,0.0,0.0,0.0,0.0,0.0,12.0,15.0,10.0,15.0,15.0,0.0,80.0,0.0,29.0,20.0,30.0,10.0
2734,G80_EV,E,249.0,675.0,c1,d1,0.0,3.0,15.0,0.0,20.0,25.0,40.0,0.0,0.0,0.0,0.0,0.0,20.0,15.0,10.0,15.0,15.0,0.0,80.0,0.0,22.0,19.0,30.0,10.0
2736,G80_25T,B,489.0,675.0,c1,d1,10.0,25.0,15.0,30.0,18.0,20.0,40.0,0.0,30.0,3.0,10.0,20.0,20.0,15.0,10.0,15.0,15.0,0.0,51.0,47.0,38.0,20.0,27.0,10.0
2737,G80_25T,E,195.0,675.0,c1,d1,0.0,3.0,7.0,0.0,6.0,11.0,0.0,0.0,30.0,3.0,10.0,20.0,4.0,15.0,10.0,15.0,15.0,10.0,70.0,72.0,4.0,0.0,0.0,10.0
2738,G80_25T,E,184.0,675.0,c1,d1,0.0,3.0,11.0,0.0,8.0,11.0,22.0,0.0,30.0,3.0,10.0,20.0,20.0,15.0,10.0,15.0,15.0,0.0,16.0,12.0,51.0,11.0,11.0,10.0
2740,G80_25T,E,238.0,675.0,c1,d1,10.0,23.0,11.0,30.0,8.0,2.0,0.0,0.0,18.0,3.0,10.0,0.0,4.0,15.0,10.0,0.0,15.0,10.0,22.0,9.0,68.0,0.0,0.0,10.0
2742,G80_25T,E,118.0,675.0,c1,d1,10.0,3.0,15.0,0.0,20.0,12.0,10.0,0.0,0.0,3.0,10.0,20.0,4.0,15.0,10.0,0.0,15.0,10.0,69.0,0.0,17.0,17.0,18.0,10.0
2743,G80_EV,D,253.0,675.0,c1,d1,10.0,3.0,7.0,0.0,6.0,17.0,10.0,0.0,30.0,3.0,10.0,20.0,4.0,15.0,10.0,0.0,15.0,0.0,70.0,69.0,4.0,0.0,30.0,10.0
2744,G80_25T,E,150.0,675.0,c1,d1,0.0,3.0,15.0,0.0,16.0,12.0,10.0,0.0,0.0,0.0,0.0,0.0,4.0,15.0,10.0,0.0,15.0,0.0,71.0,0.0,24.0,17.0,18.0,10.0
2745,G80_25T,C,425.0,675.0,c1,d1,10.0,25.0,7.0,30.0,8.0,12.0,40.0,0.0,30.0,0.0,10.0,20.0,20.0,15.0,10.0,15.0,15.0,0.0,44.0,46.0,42.0,17.0,19.0,10.0
2746,G80_25T,D,217.0,675.0,c1,d1,10.0,3.0,3.0,0.0,0.0,3.0,0.0,0.0,30.0,3.0,10.0,20.0,12.0,15.0,7.0,0.0,15.0,0.0,53.0,46.0,41.0,13.0,13.0,10.0
2748,G80_25T,E,262.0,675.0,c1,d1,10.0,25.0,11.0,30.0,0.0,11.0,0.0,0.0,18.0,3.0,10.0,0.0,0.0,15.0,10.0,0.0,15.0,0.0,32.0,54.0,24.0,12.0,12.0,10.0
2749,G80_25T,D,191.0,675.0,c1,d1,10.0,3.0,11.0,0.0,11.0,11.0,0.0,0.0,0.0,0.0,0.0,0.0,20.0,15.0,10.0,15.0,15.0,10.0,80.0,100.0,0.0,0.0,0.0,0.0
2750,G80_25T,E,194.0,675.0,c1,d1,0.0,3.0,15.0,0.0,0.0,5.0,40.0,0.0,0.0,0.0,0.0,0.0,20.0,15.0,10.0,0.0,15.0,0.0,80.0,0.0,32.0,19.0,20.0,10.0
2751,G80_25T,D,278.0,675.0,c1,d1,10.0,3.0,11.0,0.0,8.0,11.0,40.0,0.0,30.0,3.0,10.0,20.0,20.0,15.0,10.0,15.0,15.0,10.0,26.0,24.0,57.0,10.0,10.0,10.0
2753,G80_25T,B,495.0,675.0,c1,d1,10.0,25.0,15.0,30.0,8.0,16.0,40.0,0.0,30.0,3.0,10.0,20.0,20.0,15.0,10.0,0.0,15.0,10.0,53.0,65.0,41.0,20.0,29.0,10.0
2755,G80_25T,E,145.0,675.0,c1,d1,0.0,3.0,15.0,0.0,14.0,11.0,40.0,0.0,0.0,0.0,0.0,0.0,20.0,15.0,10.0,0.0,15.0,0.0,80.0,0.0,2.0,0.0,0.0,10.0
2757,G80_25T,C,448.0,675.0,c1,d1,10.0,25.0,11.0,30.0,15.0,17.0,40.0,0.0,30.0,3.0,10.0,20.0,20.0,15.0,10.0,15.0,15.0,0.0,43.0,11.0,48.0,20.0,30.0,10.0
2760,G80_25T,D,281.0,675.0,c1,d1,10.0,22.0,11.0,30.0,6.0,11.0,0.0,0.0,30.0,3.0,10.0,20.0,8.0,15.0,10.0,0.0,15.0,0.0,5.0,3.0,62.0,0.0,0.0,10.0
2761,G80_25T,D,389.0,675.0,c1,d1,10.0,25.0,11.0,30.0,8.0,12.0,0.0,0.0,30.0,3.0,10.0,20.0,12.0,15.0,10.0,0.0,15.0,0.0,80.0,88.0,0.0,0.0,0.0,10.0
2763,G80_25T,C,419.0,675.0,c1,d1,10.0,24.0,15.0,30.0,0.0,11.0,40.0,0.0,30.0,3.0,10.0,20.0,20.0,15.0,10.0,0.0,15.0,0.0,43.0,64.0,31.0,9.0,9.0,10.0
2764,G80_EV,E,230.0,675.0,c1,d1,0.0,3.0,15.0,0.0,16.0,25.0,40.0,0.0,0.0,0.0,0.0,0.0,20.0,15.0,10.0,0.0,15.0,0.0,80.0,0.0,22.0,19.0,30.0,10.0
2765,G80_25T,D,380.0,675.0,c1,d1,10.0,23.0,11.0,30.0,12.0,11.0,40.0,0.0,30.0,3.0,10.0,20.0,20.0,15.0,10.0,15.0,15.0,0.0,16.0,5.0,64.0,5.0,5.0,10.0
2766,G80_EV,E,148.0,675.0,c1,d1,0.0,3.0,15.0,0.0,10.0,17.0,0.0,0.0,0.0,0.0,0.0,0.0,0.0,15.0,10.0,0.0,15.0,0.0,80.0,0.0,20.0,13.0,30.0,10.0
2768,G80_25T,E,200.0,675.0,c1,d1,0.0,3.0,15.0,0.0,5.0,12.0,40.0,0.0,0.0,0.0,0.0,0.0,20.0,15.0,10.0,0.0,15.0,0.0,80.0,0.0,27.0,18.0,20.0,10.0
2769,G80_25T,E,321.0,675.0,c1,d1,10.0,3.0,15.0,0.0,9.0,22.0,40.0,0.0,30.0,3.0,10.0,20.0,20.0,15.0,10.0,15.0,15.0,0.0,80.0,0.0,34.0,20.0,30.0,10.0
2770,G80_25T,E,438.0,675.0,c1,d1,10.0,24.0,15.0,10.0,17.0,6.0,40.0,0.0,30.0,3.0,10.0,20.0,20.0,15.0,10.0,15.0,15.0,10.0,51.0,0.0,64.0,20.0,23.0,10.0
2771,G80_25T,E,325.0,675.0,c1,d1,10.0,3.0,15.0,0.0,8.0,16.0,40.0,0.0,30.0,3.0,10.0,20.0,20.0,15.0,10.0,15.0,15.0,0.0,80.0,0.0,45.0,20.0,30.0,10.0
2772,G80_25T,E,140.0,675.0,c1,d1,0.0,3.0,15.0,0.0,3.0,11.0,10.0,0.0,0.0,0.0,0.0,0.0,8.0,15.0,10.0,0.0,15.0,0.0,80.0,0.0,28.0,11.0,11.0,10.0
2773,G80_25T,E,276.0,675.0,c1,d1,10.0,3.0,15.0,0.0,11.0,12.0,10.0,0.0,30.0,3.0,10.0,20.0,4.0,15.0,10.0,15.0,15.0,10.0,80.0,0.0,47.0,17.0,19.0,10.0
2775,G80_25T,D,261.0,675.0,c1,d1,10.0,3.0,15.0,0.0,5.0,12.0,0.0,0.0,30.0,3.0,10.0,0.0,4.0,15.0,10.0,15.0,15.0,0.0,54.0,62.0,47.0,15.0,16.0,10.0
2776,G80_25T,E,287.0,675.0,c1,d1,0.0,0.0,0.0,10.0,5.0,22.0,0.0,0.0,0.0,0.0,0.0,0.0,0.0,0.0,10.0,15.0,15.0,0.0,80.0,0.0,70.0,20.0,30.0,10.0
2777,G80_25T,E,452.0,675.0,c1,d1,10.0,25.0,15.0,30.0,20.0,20.0,0.0,0.0,30.0,0.0,10.0,20.0,0.0,15.0,10.0,0.0,15.0,10.0,80.0,54.0,50.0,20.0,28.0,10.0
2778,G80_25T,D,284.0,675.0,c1,d1,10.0,7.0,7.0,30.0,0.0,2.0,0.0,0.0,30.0,3.0,10.0,20.0,8.0,15.0,10.0,0.0,15.0,0.0,45.0,62.0,40.0,0.0,0.0,10.0
2780,G80_25T,E,455.0,675.0,c1,d1,10.0,25.0,15.0,30.0,14.0,14.0,22.0,0.0,18.0,3.0,10.0,12.0,20.0,15.0,10.0,15.0,15.0,0.0,64.0,61.0,70.0,20.0,22.0,10.0
2781,G80_25T,E,382.0,675.0,c1,d1,10.0,25.0,11.0,30.0,8.0,20.0,0.0,0.0,0.0,0.0,0.0,0.0,4.0,15.0,10.0,15.0,15.0,0.0,55.0,66.0,41.0,20.0,27.0,10.0
2782,G80_25T,E,223.0,675.0,c1,d1,0.0,0.0,0.0,0.0,7.0,22.0,0.0,0.0,0.0,0.0,0.0,0.0,0.0,0.0,10.0,15.0,15.0,0.0,80.0,0.0,64.0,20.0,30.0,10.0
2784,G80_25T,E,222.0,675.0,c1,d1,0.0,0.0,0.0,0.0,3.0,19.0,0.0,0.0,0.0,0.0,0.0,0.0,0.0,0.0,10.0,15.0,15.0,0.0,80.0,0.0,70.0,20.0,30.0,10.0
2785,G80_EV,C,416.0,675.0,c1,d1,10.0,23.0,7.0,30.0,14.0,8.0,0.0,0.0,30.0,3.0,10.0,0.0,4.0,15.0,10.0,15.0,15.0,0.0,72.0,42.0,48.0,20.0,30.0,10.0
2786,G80_25T,D,195.0,675.0,c1,d1,10.0,3.0,7.0,0.0,3.0,11.0,0.0,0.0,30.0,3.0,10.0,0.0,20.0,15.0,10.0,15.0,15.0,0.0,24.0,35.0,50.0,7.0,7.0,10.0
2788,G80_25T,D,248.0,675.0,c1,d1,10.0,3.0,15.0,0.0,10.0,11.0,0.0,0.0,30.0,3.0,10.0,0.0,4.0,15.0,7.0,15.0,15.0,0.0,64.0,75.0,25.0,8.0,8.0,10.0
2789,G80_25T,D,231.0,675.0,c1,d1,10.0,3.0,11.0,0.0,6.0,3.0,40.0,0.0,30.0,3.0,10.0,20.0,20.0,15.0,10.0,0.0,15.0,0.0,44.0,13.0,56.0,1.0,1.0,10.0
2790,G80_25T,D,361.0,675.0,c1,d1,10.0,0.0,0.0,30.0,5.0,16.0,0.0,0.0,30.0,3.0,10.0,0.0,0.0,0.0,10.0,15.0,15.0,0.0,52.0,67.0,38.0,20.0,30.0,10.0
2791,G80_25T,D,383.0,675.0,c1,d1,10.0,25.0,11.0,30.0,5.0,9.0,40.0,0.0,30.0,0.0,10.0,20.0,20.0,15.0,10.0,0.0,15.0,10.0,41.0,57.0,35.0,0.0,0.0,10.0
2793,G80_25T,D,383.0,675.0,c1,d1,10.0,25.0,11.0,30.0,10.0,12.0,0.0,0.0,30.0,0.0,10.0,20.0,0.0,15.0,3.0,0.0,15.0,0.0,58.0,60.0,46.0,18.0,20.0,10.0
2794,G80_25T,D,361.0,675.0,c1,d1,10.0,25.0,15.0,30.0,4.0,9.0,22.0,0.0,30.0,3.0,10.0,20.0,4.0,15.0,10.0,0.0,15.0,0.0,18.0,23.0,70.0,9.0,9.0,10.0
2796,G80_25T,C,436.0,675.0,c1,d1,10.0,25.0,11.0,30.0,20.0,12.0,40.0,0.0,30.0,3.0,10.0,20.0,20.0,15.0,10.0,0.0,15.0,10.0,43.0,1.0,62.0,19.0,20.0,10.0
2797,G80_25T,D,252.0,675.0,c1,d1,10.0,3.0,15.0,0.0,6.0,11.0,0.0,0.0,30.0,3.0,10.0,12.0,8.0,15.0,10.0,15.0,15.0,10.0,55.0,75.0,29.0,0.0,0.0,10.0
2798,G80_25T,E,116.0,675.0,c1,d1,10.0,3.0,11.0,0.0,7.0,9.0,10.0,0.0,0.0,3.0,10.0,0.0,0.0,15.0,3.0,0.0,15.0,0.0,80.0,100.0,0.0,0.0,0.0,10.0
2799,G80_25T,D,218.0,675.0,c1,d1,0.0,12.0,7.0,30.0,16.0,11.0,0.0,0.0,0.0,0.0,0.0,0.0,4.0,15.0,7.0,0.0,15.0,0.0,40.0,0.0,47.0,2.0,2.0,10.0
2800,G80_25T,D,173.0,675.0,c1,d1,0.0,0.0,0.0,0.0,7.0,5.0,0.0,0.0,0.0,0.0,0.0,0.0,0.0,0.0,10.0,15.0,15.0,0.0,28.0,30.0,63.0,19.0,21.0,10.0
2801,G80_25T,D,288.0,675.0,c1,d1,10.0,3.0,15.0,0.0,4.0,5.0,22.0,0.0,30.0,3.0,10.0,20.0,20.0,15.0,10.0,0.0,15.0,0.0,80.0,100.0,0.0,3.0,3.0,10.0
2804,G80_25T,D,289.0,675.0,c1,d1,10.0,3.0,15.0,0.0,6.0,6.0,40.0,0.0,30.0,3.0,10.0,20.0,20.0,15.0,10.0,0.0,15.0,0.0,41.0,50.0,35.0,19.0,21.0,10.0
2805,G80_25T,D,168.0,675.0,c1,d1,10.0,3.0,15.0,0.0,5.0,3.0,0.0,0.0,30.0,3.0,10.0,0.0,8.0,15.0,10.0,0.0,15.0,0.0,21.0,14.0,64.0,11.0,11.0,10.0
2806,G80_25T,D,299.0,675.0,c1,d1,10.0,3.0,15.0,0.0,0.0,17.0,22.0,0.0,30.0,3.0,10.0,20.0,12.0,15.0,10.0,15.0,15.0,0.0,58.0,60.0,14.0,20.0,30.0,10.0
2808,G80_25T,D,261.0,675.0,c1,d1,10.0,3.0,15.0,0.0,11.0,5.0,40.0,0.0,30.0,3.0,10.0,20.0,20.0,15.0,10.0,15.0,15.0,0.0,25.0,17.0,46.0,15.0,16.0,10.0
2809,G80_25T,D,339.0,675.0,c1,d1,10.0,6.0,7.0,0.0,8.0,22.0,40.0,0.0,30.0,3.0,10.0,20.0,20.0,15.0,10.0,15.0,15.0,0.0,49.0,37.0,52.0,20.0,30.0,10.0
2811,G80_25T,D,245.0,675.0,c1,d1,10.0,0.0,0.0,0.0,4.0,12.0,0.0,0.0,30.0,3.0,10.0,20.0,0.0,0.0,10.0,0.0,15.0,0.0,30.0,35.0,70.0,17.0,19.0,10.0
2813,G80_25T,E,337.0,675.0,c1,d1,0.0,25.0,15.0,10.0,20.0,20.0,10.0,0.0,0.0,0.0,0.0,0.0,12.0,15.0,10.0,15.0,15.0,10.0,80.0,0.0,21.0,20.0,29.0,10.0
2814,G80_25T,E,300.0,675.0,c1,d1,0.0,24.0,7.0,10.0,12.0,3.0,40.0,0.0,0.0,0.0,0.0,0.0,20.0,15.0,10.0,15.0,15.0,0.0,74.0,0.0,35.0,5.0,5.0,10.0
2815,G80_25T,E,228.0,675.0,c1,d1,0.0,8.0,15.0,0.0,15.0,20.0,40.0,0.0,0.0,0.0,0.0,0.0,20.0,15.0,10.0,15.0,15.0,0.0,66.0,0.0,20.0,20.0,29.0,10.0
2816,G80_25T,E,233.0,675.0,c1,d1,0.0,3.0,15.0,0.0,8.0,20.0,40.0,0.0,0.0,0.0,0.0,0.0,20.0,15.0,10.0,0.0,15.0,10.0,80.0,0.0,31.0,20.0,26.0,10.0
2817,G80_25T,E,279.0,675.0,c1,d1,0.0,6.0,15.0,0.0,15.0,20.0,40.0,0.0,0.0,0.0,0.0,0.0,20.0,15.0,10.0,15.0,15.0,0.0,80.0,0.0,61.0,20.0,27.0,10.0
2818,G80_25T,E,220.0,675.0,c1,d1,0.0,3.0,15.0,0.0,15.0,20.0,22.0,0.0,0.0,0.0,0.0,0.0,20.0,15.0,10.0,15.0,15.0,0.0,80.0,0.0,21.0,20.0,29.0,10.0
2819,G80_25T,E,278.0,675.0,c1,d1,0.0,8.0,15.0,0.0,20.0,17.0,40.0,0.0,0.0,0.0,0.0,0.0,20.0,15.0,10.0,15.0,15.0,10.0,75.0,0.0,48.0,20.0,30.0,10.0
2820,G80_25T,E,364.0,675.0,c1,d1,0.0,25.0,15.0,10.0,20.0,22.0,40.0,0.0,0.0,0.0,0.0,0.0,20.0,15.0,10.0,15.0,15.0,0.0,80.0,0.0,17.0,20.0,30.0,10.0
2821,G80_25T,E,264.0,675.0,c1,d1,0.0,3.0,15.0,0.0,16.0,6.0,40.0,0.0,0.0,0.0,0.0,0.0,20.0,15.0,10.0,15.0,15.0,0.0,76.0,0.0,70.0,20.0,23.0,10.0
2822,G80_25T,E,388.0,675.0,c1,d1,0.0,25.0,15.0,10.0,13.0,20.0,40.0,0.0,0.0,0.0,0.0,0.0,20.0,15.0,10.0,0.0,15.0,10.0,80.0,0.0,55.0,20.0,30.0,10.0
2823,G80_25T,E,217.0,675.0,c1,d1,0.0,3.0,15.0,0.0,20.0,5.0,10.0,0.0,0.0,0.0,0.0,0.0,8.0,15.0,10.0,15.0,15.0,10.0,65.0,0.0,70.0,17.0,19.0,10.0
2824,G80_25T,E,182.0,675.0,c1,d1,0.0,3.0,15.0,0.0,10.0,14.0,22.0,0.0,0.0,0.0,0.0,0.0,8.0,15.0,10.0,15.0,15.0,0.0,75.0,0.0,20.0,19.0,21.0,10.0
2825,G80_25T,E,286.0,675.0,c1,d1,0.0,3.0,15.0,0.0,15.0,20.0,40.0,0.0,0.0,0.0,0.0,0.0,20.0,15.0,10.0,15.0,15.0,0.0,80.0,0.0,69.0,20.0,29.0,10.0
2827,G80_25T,D,368.0,675.0,c1,d1,10.0,7.0,11.0,30.0,20.0,20.0,0.0,0.0,30.0,3.0,10.0,20.0,4.0,15.0,10.0,0.0,15.0,10.0,62.0,17.0,54.0,20.0,30.0,10.0
2828,G80_25T,E,206.0,675.0,c1,d1,10.0,0.0,0.0,10.0,10.0,12.0,0.0,0.0,0.0,0.0,0.0,0.0,0.0,0.0,7.0,0.0,15.0,0.0,48.0,0.0,51.0,16.0,17.0,10.0
2830,G80_25T,E,171.0,675.0,c1,d1,0.0,5.0,15.0,0.0,14.0,22.0,40.0,0.0,0.0,0.0,0.0,0.0,20.0,15.0,7.0,0.0,15.0,0.0,48.0,0.0,0.0,20.0,30.0,10.0
2831,G80_25T,E,217.0,675.0,c1,d1,0.0,3.0,15.0,0.0,17.0,12.0,40.0,0.0,0.0,0.0,0.0,0.0,20.0,15.0,7.0,15.0,15.0,0.0,80.0,0.0,59.0,19.0,20.0,0.0
2832,G80_25T,E,95.0,675.0,c1,d1,0.0,3.0,3.0,0.0,4.0,9.0,0.0,0.0,0.0,0.0,0.0,0.0,12.0,15.0,10.0,15.0,15.0,0.0,29.0,0.0,60.0,0.0,0.0,10.0
2833,G80_25T,E,209.0,675.0,c1,d1,0.0,3.0,15.0,0.0,10.0,20.0,22.0,0.0,0.0,0.0,0.0,0.0,20.0,15.0,10.0,0.0,15.0,0.0,80.0,0.0,32.0,20.0,27.0,10.0
2834,G80_25T,E,212.0,675.0,c1,d1,0.0,3.0,15.0,0.0,15.0,17.0,40.0,0.0,0.0,0.0,0.0,0.0,20.0,15.0,10.0,0.0,15.0,0.0,80.0,0.0,12.0,20.0,30.0,10.0
2835,G80_25T,E,202.0,675.0,c1,d1,0.0,3.0,15.0,0.0,0.0,12.0,40.0,0.0,0.0,0.0,0.0,0.0,20.0,15.0,10.0,0.0,15.0,0.0,80.0,0.0,42.0,15.0,15.0,10.0
2836,G80_25T,E,274.0,675.0,c1,d1,0.0,3.0,15.0,0.0,3.0,22.0,40.0,0.0,0.0,0.0,0.0,0.0,20.0,15.0,10.0,15.0,15.0,0.0,80.0,0.0,66.0,20.0,30.0,10.0
2837,G80_25T,E,181.0,675.0,c1,d1,0.0,3.0,15.0,0.0,11.0,17.0,22.0,0.0,0.0,0.0,0.0,0.0,8.0,15.0,10.0,15.0,15.0,0.0,80.0,0.0,0.0,20.0,30.0,10.0
2838,G80_25T,E,145.0,675.0,c1,d1,0.0,25.0,15.0,10.0,10.0,11.0,22.0,0.0,0.0,0.0,0.0,0.0,12.0,15.0,10.0,15.0,15.0,0.0,7.0,0.0,8.0,0.0,0.0,0.0
2839,G80_25T,D,209.0,675.0,c1,d1,10.0,3.0,11.0,0.0,9.0,2.0,0.0,0.0,30.0,3.0,10.0,0.0,4.0,15.0,10.0,15.0,15.0,0.0,67.0,79.0,6.0,0.0,0.0,10.0
2840,G80_25T,D,155.0,675.0,c1,d1,10.0,3.0,11.0,0.0,0.0,2.0,22.0,0.0,0.0,0.0,0.0,0.0,16.0,15.0,10.0,0.0,15.0,0.0,47.0,64.0,20.0,0.0,0.0,10.0
2841,G80_25T,D,218.0,675.0,c1,d1,10.0,3.0,7.0,0.0,3.0,2.0,22.0,0.0,30.0,3.0,10.0,20.0,20.0,15.0,7.0,0.0,15.0,0.0,46.0,58.0,27.0,0.0,0.0,10.0
2842,G80_25T,B,496.0,675.0,c1,d1,10.0,25.0,15.0,30.0,20.0,16.0,40.0,0.0,30.0,3.0,10.0,20.0,20.0,15.0,10.0,15.0,15.0,0.0,47.0,31.0,65.0,20.0,29.0,10.0
2843,G80_25T,D,307.0,675.0,c1,d1,10.0,3.0,11.0,0.0,11.0,9.0,40.0,0.0,30.0,3.0,10.0,0.0,20.0,15.0,7.0,15.0,15.0,10.0,77.0,100.0,1.0,0.0,0.0,10.0
2845,G80_25T,E,308.0,675.0,c1,d1,10.0,3.0,15.0,0.0,15.0,20.0,40.0,0.0,30.0,3.0,10.0,20.0,20.0,15.0,10.0,15.0,15.0,0.0,80.0,0.0,20.0,20.0,27.0,10.0
2846,G80_25T,E,326.0,675.0,c1,d1,10.0,3.0,15.0,0.0,0.0,20.0,40.0,0.0,30.0,3.0,10.0,20.0,20.0,15.0,10.0,0.0,15.0,0.0,80.0,0.0,67.0,20.0,28.0,10.0
2847,G80_25T,E,139.0,675.0,c1,d1,10.0,3.0,3.0,0.0,4.0,2.0,40.0,0.0,0.0,3.0,10.0,0.0,20.0,15.0,10.0,0.0,15.0,0.0,65.0,83.0,16.0,0.0,0.0,10.0
2848,G80_25T,E,114.0,675.0,c1,d1,10.0,3.0,7.0,0.0,0.0,9.0,0.0,0.0,0.0,3.0,10.0,0.0,0.0,15.0,10.0,0.0,15.0,0.0,72.0,100.0,20.0,0.0,0.0,10.0
2849,G80_25T,E,297.0,675.0,c1,d1,10.0,22.0,7.0,10.0,20.0,14.0,22.0,0.0,0.0,0.0,0.0,0.0,12.0,15.0,10.0,0.0,15.0,0.0,79.0,0.0,13.0,18.0,20.0,10.0
2850,G80_25T,D,245.0,675.0,c1,d1,10.0,3.0,11.0,0.0,0.0,2.0,22.0,0.0,30.0,3.0,10.0,12.0,8.0,15.0,10.0,0.0,15.0,0.0,57.0,78.0,39.0,0.0,0.0,10.0
2851,G80_25T,C,439.0,675.0,c1,d1,10.0,21.0,15.0,30.0,7.0,12.0,0.0,0.0,30.0,3.0,10.0,0.0,0.0,15.0,7.0,15.0,15.0,10.0,63.0,70.0,58.0,18.0,20.0,10.0
2852,G80_25T,D,334.0,675.0,c1,d1,10.0,3.0,15.0,0.0,5.0,17.0,40.0,0.0,30.0,0.0,10.0,20.0,20.0,15.0,10.0,15.0,15.0,0.0,64.0,58.0,37.0,20.0,30.0,10.0
2853,G80_25T,D,347.0,675.0,c1,d1,10.0,25.0,11.0,30.0,17.0,12.0,40.0,0.0,0.0,0.0,0.0,0.0,20.0,15.0,10.0,15.0,15.0,10.0,36.0,13.0,20.0,18.0,20.0,10.0
2855,G80_25T,D,340.0,675.0,c1,d1,10.0,3.0,0.0,0.0,0.0,20.0,40.0,0.0,30.0,3.0,10.0,12.0,20.0,15.0,7.0,0.0,15.0,0.0,68.0,90.0,30.0,20.0,27.0,10.0
2856,G80_25T,D,17.0,675.0,c1,d1,0.0,0.0,0.0,0.0,0.0,0.0,0.0,0.0,0.0,0.0,0.0,0.0,0.0,0.0,3.0,,15.0,,0.0,14.0,65.0,0.0,0.0,0.0
2857,G80_25T,D,107.0,675.0,c1,d1,0.0,0.0,0.0,0.0,0.0,2.0,0.0,0.0,0.0,0.0,0.0,0.0,0.0,0.0,10.0,0.0,15.0,0.0,31.0,43.0,46.0,0.0,0.0,10.0
2858,G80_25T,C,423.0,675.0,c1,d1,10.0,25.0,11.0,30.0,0.0,14.0,10.0,0.0,30.0,3.0,10.0,0.0,4.0,15.0,10.0,0.0,15.0,0.0,80.0,86.0,17.0,20.0,23.0,10.0
2859,G80_25T,D,188.0,675.0,c1,d1,10.0,3.0,11.0,0.0,8.0,2.0,10.0,0.0,30.0,0.0,10.0,20.0,8.0,15.0,7.0,0.0,15.0,0.0,51.0,56.0,32.0,0.0,0.0,10.0
2860,G80_25T,D,140.0,675.0,c1,d1,10.0,3.0,11.0,0.0,12.0,2.0,10.0,0.0,30.0,0.0,10.0,20.0,12.0,15.0,10.0,0.0,15.0,0.0,34.0,16.0,30.0,0.0,0.0,10.0
2861,G80_25T,D,390.0,675.0,c1,d1,10.0,4.0,7.0,30.0,20.0,16.0,22.0,0.0,30.0,3.0,10.0,20.0,12.0,15.0,10.0,15.0,15.0,10.0,54.0,37.0,33.0,20.0,27.0,10.0
2862,G80_25T,D,263.0,675.0,c1,d1,10.0,3.0,15.0,0.0,3.0,3.0,40.0,0.0,30.0,3.0,10.0,20.0,20.0,15.0,7.0,0.0,15.0,0.0,52.0,66.0,31.0,0.0,0.0,10.0
2863,G80_25T,E,206.0,675.0,c1,d1,0.0,3.0,15.0,0.0,19.0,5.0,40.0,0.0,0.0,0.0,0.0,0.0,20.0,15.0,10.0,0.0,15.0,0.0,80.0,0.0,29.0,17.0,18.0,10.0
2864,G80_25T,D,245.0,675.0,c1,d1,10.0,3.0,11.0,0.0,5.0,11.0,22.0,0.0,30.0,3.0,10.0,20.0,20.0,15.0,3.0,0.0,15.0,0.0,50.0,65.0,22.0,5.0,5.0,10.0
2865,G80_25T,D,342.0,675.0,c1,d1,10.0,25.0,7.0,30.0,10.0,9.0,0.0,0.0,30.0,3.0,10.0,20.0,4.0,15.0,7.0,0.0,15.0,0.0,51.0,62.0,24.0,0.0,0.0,10.0
2866,G80_25T,E,171.0,675.0,c1,d1,0.0,3.0,15.0,0.0,5.0,12.0,0.0,0.0,0.0,0.0,0.0,0.0,4.0,15.0,10.0,15.0,15.0,0.0,80.0,0.0,42.0,17.0,18.0,10.0
2867,G80_25T,E,114.0,675.0,c1,d1,0.0,3.0,15.0,0.0,8.0,11.0,0.0,0.0,0.0,0.0,0.0,0.0,0.0,15.0,10.0,0.0,15.0,0.0,80.0,0.0,21.0,8.0,8.0,10.0
2868,G80_25T,D,368.0,675.0,c1,d1,10.0,25.0,11.0,30.0,5.0,3.0,40.0,0.0,30.0,3.0,10.0,20.0,20.0,15.0,3.0,0.0,15.0,0.0,60.0,48.0,10.0,0.0,0.0,10.0
2869,G80_25T,D,231.0,675.0,c1,d1,10.0,3.0,11.0,0.0,10.0,3.0,0.0,0.0,30.0,3.0,10.0,20.0,8.0,15.0,10.0,0.0,15.0,0.0,71.0,83.0,9.0,0.0,0.0,10.0
2870,G80_25T,B,490.0,675.0,c1,d1,10.0,25.0,11.0,30.0,13.0,20.0,40.0,0.0,30.0,3.0,10.0,20.0,20.0,15.0,3.0,0.0,15.0,0.0,80.0,85.0,0.0,20.0,30.0,10.0
2871,G80_25T,D,322.0,675.0,c1,d1,10.0,23.0,3.0,30.0,0.0,2.0,10.0,0.0,30.0,3.0,10.0,0.0,4.0,15.0,10.0,0.0,15.0,0.0,40.0,56.0,51.0,0.0,0.0,10.0
2872,G80_25T,D,274.0,675.0,c1,d1,10.0,3.0,7.0,0.0,15.0,11.0,40.0,0.0,30.0,3.0,10.0,20.0,20.0,15.0,10.0,15.0,15.0,10.0,38.0,27.0,45.0,5.0,5.0,10.0
2873,G80_25T,D,378.0,675.0,c1,d1,10.0,25.0,15.0,30.0,12.0,9.0,0.0,0.0,30.0,3.0,10.0,0.0,4.0,15.0,10.0,0.0,15.0,0.0,80.0,100.0,0.0,0.0,0.0,10.0
2874,G80_25T,E,366.0,675.0,c1,d1,10.0,25.0,15.0,10.0,20.0,20.0,22.0,0.0,30.0,3.0,10.0,0.0,20.0,15.0,10.0,0.0,15.0,0.0,74.0,0.0,7.0,20.0,30.0,10.0
2875,G80_25T,E,299.0,675.0,c1,d1,0.0,25.0,15.0,10.0,5.0,12.0,22.0,0.0,0.0,0.0,0.0,0.0,8.0,15.0,10.0,15.0,15.0,0.0,80.0,0.0,18.0,19.0,20.0,10.0
2877,G80_25T,C,409.0,675.0,c1,d1,10.0,25.0,15.0,30.0,10.0,11.0,22.0,0.0,30.0,3.0,10.0,20.0,12.0,15.0,10.0,0.0,15.0,0.0,49.0,54.0,38.0,10.0,10.0,10.0
2878,G80_25T,E,260.0,675.0,c1,d1,10.0,3.0,15.0,0.0,20.0,20.0,40.0,0.0,0.0,0.0,0.0,0.0,20.0,15.0,10.0,0.0,15.0,0.0,80.0,0.0,44.0,20.0,28.0,10.0
2879,G80_25T,E,421.0,675.0,c1,d1,10.0,25.0,15.0,10.0,15.0,20.0,40.0,0.0,30.0,3.0,10.0,20.0,20.0,15.0,10.0,0.0,15.0,0.0,43.0,0.0,63.0,20.0,27.0,10.0
2880,G80_25T,E,284.0,675.0,c1,d1,0.0,3.0,15.0,0.0,11.0,20.0,40.0,0.0,0.0,0.0,0.0,0.0,20.0,15.0,10.0,15.0,15.0,0.0,80.0,0.0,70.0,20.0,30.0,10.0
2881,G80_25T,D,96.0,675.0,c1,d1,10.0,0.0,0.0,0.0,0.0,9.0,0.0,0.0,0.0,0.0,0.0,0.0,0.0,0.0,10.0,0.0,15.0,10.0,7.0,18.0,57.0,0.0,0.0,10.0
2882,G80_25T,D,371.0,675.0,c1,d1,10.0,25.0,11.0,30.0,10.0,11.0,0.0,0.0,30.0,3.0,10.0,0.0,4.0,15.0,7.0,0.0,15.0,0.0,80.0,100.0,0.0,0.0,0.0,10.0
2883,G80_25T,D,321.0,675.0,c1,d1,10.0,3.0,11.0,0.0,15.0,20.0,40.0,0.0,30.0,0.0,10.0,20.0,20.0,15.0,10.0,15.0,15.0,0.0,75.0,79.0,0.0,16.0,17.0,10.0
2884,G80_25T,D,251.0,675.0,c1,d1,10.0,3.0,15.0,0.0,11.0,6.0,40.0,0.0,30.0,0.0,10.0,20.0,20.0,15.0,10.0,15.0,15.0,10.0,20.0,10.0,51.0,19.0,21.0,10.0
2885,G80_25T,E,365.0,675.0,c1,d1,10.0,3.0,15.0,0.0,11.0,20.0,40.0,0.0,30.0,0.0,10.0,20.0,20.0,15.0,10.0,15.0,15.0,0.0,67.0,48.0,66.0,20.0,30.0,10.0
2886,G80_25T,D,317.0,675.0,c1,d1,10.0,0.0,0.0,30.0,0.0,12.0,0.0,0.0,30.0,3.0,10.0,20.0,0.0,0.0,10.0,0.0,15.0,0.0,48.0,65.0,19.0,17.0,18.0,10.0
2888,G80_25T,D,191.0,675.0,c1,d1,10.0,3.0,11.0,0.0,8.0,9.0,0.0,0.0,30.0,3.0,10.0,20.0,4.0,15.0,7.0,15.0,15.0,10.0,22.0,18.0,61.0,0.0,0.0,10.0
2889,G80_25T,E,272.0,675.0,c1,d1,0.0,3.0,15.0,0.0,11.0,20.0,40.0,0.0,0.0,0.0,0.0,0.0,20.0,15.0,10.0,15.0,15.0,0.0,80.0,0.0,58.0,20.0,30.0,10.0
2890,G80_25T,D,319.0,675.0,c1,d1,10.0,25.0,0.0,30.0,9.0,11.0,0.0,0.0,30.0,3.0,10.0,0.0,0.0,15.0,3.0,15.0,15.0,0.0,54.0,68.0,11.0,0.0,0.0,10.0
2891,G80_EV,D,317.0,675.0,c1,d1,0.0,20.0,7.0,30.0,15.0,17.0,0.0,0.0,0.0,0.0,0.0,0.0,0.0,15.0,10.0,15.0,15.0,0.0,68.0,59.0,6.0,0.0,30.0,10.0
2893,G80_25T,E,290.0,675.0,c1,d1,10.0,3.0,15.0,0.0,6.0,12.0,40.0,0.0,30.0,3.0,10.0,20.0,20.0,15.0,10.0,0.0,15.0,0.0,80.0,0.0,45.0,17.0,19.0,10.0
2894,G80_25T,E,165.0,675.0,c1,d1,10.0,0.0,0.0,0.0,8.0,17.0,0.0,0.0,0.0,0.0,0.0,0.0,0.0,0.0,10.0,15.0,15.0,0.0,80.0,0.0,0.0,20.0,30.0,10.0
2895,G80_25T,D,238.0,675.0,c1,d1,0.0,3.0,3.0,0.0,0.0,11.0,40.0,0.0,0.0,0.0,0.0,0.0,20.0,15.0,10.0,0.0,15.0,0.0,56.0,80.0,53.0,6.0,6.0,10.0
2896,G80_25T,E,258.0,675.0,c1,d1,0.0,3.0,15.0,0.0,9.0,22.0,40.0,0.0,0.0,0.0,0.0,0.0,20.0,15.0,10.0,0.0,15.0,0.0,80.0,0.0,59.0,20.0,30.0,10.0
2897,G80_25T,D,90.0,675.0,c1,d1,0.0,0.0,0.0,0.0,3.0,3.0,0.0,0.0,0.0,0.0,0.0,0.0,0.0,0.0,10.0,0.0,15.0,0.0,28.0,0.0,63.0,4.0,4.0,10.0
2899,G80_25T,D,170.0,675.0,c1,d1,10.0,0.0,0.0,0.0,0.0,20.0,0.0,0.0,0.0,0.0,0.0,0.0,0.0,0.0,10.0,0.0,15.0,0.0,17.0,45.0,48.0,20.0,25.0,10.0
2900,G80_25T,E,256.0,675.0,c1,d1,0.0,3.0,15.0,0.0,11.0,14.0,40.0,0.0,0.0,0.0,0.0,0.0,20.0,15.0,10.0,0.0,15.0,0.0,80.0,0.0,70.0,20.0,23.0,10.0
2901,G80_25T,E,329.0,675.0,c1,d1,10.0,3.0,15.0,0.0,12.0,16.0,40.0,0.0,30.0,3.0,10.0,20.0,20.0,15.0,10.0,0.0,15.0,0.0,80.0,0.0,60.0,20.0,30.0,10.0
2902,G80_25T,D,262.0,675.0,c1,d1,10.0,3.0,7.0,0.0,20.0,3.0,22.0,0.0,30.0,3.0,10.0,20.0,20.0,15.0,10.0,0.0,15.0,0.0,68.0,23.0,36.0,13.0,14.0,10.0
2903,G80_25T,D,370.0,675.0,c1,d1,10.0,25.0,11.0,30.0,5.0,12.0,0.0,0.0,30.0,3.0,10.0,20.0,20.0,15.0,7.0,0.0,15.0,0.0,32.0,35.0,44.0,17.0,19.0,10.0
2904,G80_25T,D,270.0,675.0,c1,d1,0.0,25.0,11.0,30.0,20.0,3.0,10.0,0.0,0.0,0.0,0.0,0.0,8.0,15.0,10.0,15.0,15.0,10.0,27.0,0.0,61.0,0.0,0.0,10.0
2905,G80_25T,E,74.0,675.0,c1,d1,0.0,3.0,15.0,0.0,5.0,3.0,0.0,0.0,0.0,0.0,0.0,0.0,4.0,15.0,10.0,0.0,15.0,0.0,80.0,0.0,4.0,0.0,0.0,10.0
2906,G80_25T,E,240.0,675.0,c1,d1,0.0,3.0,15.0,0.0,1.0,25.0,40.0,0.0,0.0,0.0,0.0,0.0,20.0,15.0,10.0,15.0,15.0,0.0,80.0,0.0,31.0,20.0,30.0,10.0
2907,G80_25T,E,157.0,675.0,c1,d1,0.0,3.0,15.0,0.0,3.0,3.0,10.0,0.0,0.0,0.0,0.0,0.0,8.0,15.0,10.0,0.0,15.0,10.0,80.0,0.0,49.0,8.0,8.0,10.0
2908,G80_25T,C,403.0,675.0,c1,d1,0.0,25.0,15.0,30.0,0.0,20.0,22.0,0.0,0.0,0.0,0.0,0.0,20.0,15.0,3.0,0.0,15.0,0.0,55.0,53.0,70.0,20.0,30.0,10.0
2909,G80_25T,E,125.0,675.0,c1,d1,0.0,3.0,15.0,0.0,7.0,16.0,0.0,0.0,0.0,0.0,0.0,0.0,0.0,15.0,10.0,0.0,15.0,0.0,80.0,0.0,4.0,19.0,21.0,10.0
2910,G80_25T,D,349.0,675.0,c1,d1,0.0,3.0,15.0,30.0,3.0,16.0,40.0,0.0,0.0,0.0,0.0,0.0,20.0,15.0,10.0,0.0,15.0,0.0,47.0,67.0,50.0,20.0,28.0,10.0
2911,G80_25T,E,194.0,675.0,c1,d1,0.0,3.0,15.0,0.0,18.0,20.0,0.0,0.0,0.0,0.0,0.0,0.0,4.0,15.0,10.0,0.0,15.0,0.0,80.0,0.0,44.0,20.0,30.0,10.0
2912,G80_25T,E,82.0,675.0,c1,d1,0.0,0.0,0.0,0.0,6.0,2.0,0.0,0.0,0.0,0.0,0.0,0.0,0.0,0.0,10.0,15.0,15.0,0.0,12.0,0.0,62.0,0.0,0.0,10.0
2913,G80_25T,E,341.0,675.0,c1,d1,10.0,10.0,15.0,0.0,10.0,17.0,10.0,0.0,30.0,3.0,10.0,20.0,20.0,15.0,3.0,0.0,15.0,0.0,73.0,0.0,70.0,20.0,30.0,10.0
2914,G80_25T,E,123.0,675.0,c1,d1,0.0,3.0,15.0,0.0,0.0,0.0,40.0,0.0,0.0,0.0,0.0,0.0,20.0,15.0,10.0,15.0,15.0,0.0,0.0,0.0,34.0,17.0,19.0,10.0
2915,G80_25T,E,176.0,675.0,c1,d1,0.0,0.0,0.0,0.0,0.0,16.0,0.0,0.0,0.0,0.0,0.0,0.0,0.0,0.0,10.0,0.0,15.0,0.0,80.0,0.0,48.0,20.0,27.0,10.0
2916,G80_25T,E,256.0,675.0,c1,d1,0.0,3.0,15.0,0.0,20.0,20.0,40.0,0.0,0.0,0.0,0.0,0.0,20.0,15.0,10.0,15.0,15.0,0.0,80.0,0.0,33.0,20.0,30.0,10.0
2917,G80_25T,D,239.0,675.0,c1,d1,10.0,3.0,15.0,0.0,12.0,12.0,22.0,0.0,30.0,3.0,10.0,20.0,20.0,15.0,7.0,15.0,15.0,10.0,24.0,8.0,70.0,18.0,20.0,0.0
2918,G80_25T,E,315.0,675.0,c1,d1,0.0,20.0,7.0,10.0,20.0,20.0,10.0,0.0,0.0,0.0,0.0,0.0,8.0,15.0,10.0,15.0,15.0,10.0,47.0,0.0,51.0,20.0,27.0,10.0
2924,GRANDEUR_LPG,D,166.0,675.0,c1,d1,10.0,0.0,0.0,0.0,8.0,8.0,0.0,0.0,0.0,0.0,0.0,0.0,0.0,0.0,10.0,0.0,15.0,0.0,43.0,51.0,30.0,0.0,21.0,20.0
2927,GRANDEUR_LPG,D,218.0,675.0,c1,d1,10.0,0.0,0.0,0.0,19.0,17.0,0.0,0.0,0.0,0.0,0.0,0.0,0.0,0.0,10.0,15.0,15.0,10.0,72.0,23.0,9.0,18.0,30.0,20.0
2936,GRANDEUR_LPG,D,186.0,675.0,c1,d1,10.0,0.0,0.0,0.0,20.0,2.0,0.0,0.0,0.0,0.0,0.0,0.0,0.0,0.0,10.0,0.0,15.0,0.0,80.0,79.0,0.0,0.0,0.0,20.0
2938,GRANDEUR_LPG,D,278.0,675.0,c1,d1,10.0,3.0,11.0,0.0,8.0,8.0,40.0,0.0,30.0,3.0,10.0,20.0,20.0,15.0,10.0,0.0,15.0,0.0,43.0,51.0,30.0,0.0,21.0,20.0
2940,GRANDEUR_LPG,D,173.0,675.0,c1,d1,10.0,0.0,0.0,0.0,16.0,2.0,0.0,0.0,0.0,0.0,0.0,0.0,0.0,0.0,7.0,0.0,15.0,0.0,80.0,73.0,0.0,0.0,0.0,20.0
2941,GRANDEUR_LPG,D,153.0,675.0,c1,d1,10.0,0.0,0.0,0.0,0.0,2.0,0.0,0.0,0.0,0.0,0.0,0.0,0.0,0.0,7.0,0.0,15.0,0.0,80.0,69.0,0.0,0.0,0.0,20.0
2942,GRANDEUR_LPG,D,177.0,675.0,c1,d1,10.0,0.0,0.0,0.0,20.0,2.0,0.0,0.0,0.0,0.0,0.0,0.0,0.0,0.0,10.0,0.0,15.0,0.0,80.0,70.0,0.0,0.0,0.0,20.0
2944,GRANDEUR_LPG,D,300.0,675.0,c1,d1,10.0,3.0,11.0,0.0,19.0,17.0,22.0,0.0,30.0,3.0,10.0,20.0,8.0,15.0,10.0,15.0,15.0,10.0,72.0,23.0,9.0,18.0,30.0,20.0
2950,GRANDEUR_LPG,D,286.0,675.0,c1,d1,10.0,3.0,7.0,8.0,20.0,2.0,10.0,0.0,30.0,3.0,10.0,0.0,4.0,15.0,10.0,0.0,15.0,0.0,80.0,79.0,0.0,0.0,0.0,20.0
2955,GRANDEUR_LPG,D,323.0,675.0,c1,d1,10.0,3.0,11.0,8.0,0.0,2.0,40.0,0.0,30.0,3.0,10.0,20.0,20.0,15.0,7.0,0.0,15.0,0.0,80.0,69.0,0.0,0.0,0.0,20.0
2956,GRANDEUR_LPG,D,347.0,675.0,c1,d1,10.0,3.0,11.0,8.0,20.0,2.0,40.0,0.0,30.0,3.0,10.0,20.0,20.0,15.0,10.0,0.0,15.0,0.0,80.0,70.0,0.0,0.0,0.0,20.0
2957,GRANDEUR_LPG,D,323.0,675.0,c1,d1,10.0,3.0,11.0,8.0,16.0,2.0,40.0,0.0,30.0,3.0,10.0,0.0,20.0,15.0,7.0,0.0,15.0,0.0,80.0,73.0,0.0,0.0,0.0,20.0
2977,GRANDEUR_LPG,D,195.0,675.0,c1,d1,10.0,0.0,0.0,0.0,9.0,8.0,0.0,0.0,0.0,0.0,0.0,0.0,0.0,0.0,10.0,0.0,15.0,10.0,50.0,56.0,21.0,0.0,16.0,40.0
2985,GRANDEUR_LPG,E,371.0,675.0,c1,d1,10.0,25.0,11.0,30.0,6.0,12.0,10.0,0.0,8.0,3.0,10.0,0.0,20.0,0.0,10.0,0.0,15.0,0.0,80.0,96.0,13.0,12.0,30.0,10.0
2998,GRANDEUR_LPG,D,254.0,675.0,c1,d1,10.0,3.0,0.0,0.0,9.0,8.0,10.0,0.0,30.0,3.0,10.0,20.0,8.0,15.0,10.0,0.0,15.0,10.0,50.0,56.0,21.0,0.0,16.0,40.0
2999,GRANDEUR_LPG,E,243.0,675.0,c1,d1,10.0,3.0,0.0,8.0,17.0,2.0,0.0,0.0,30.0,0.0,10.0,20.0,0.0,15.0,10.0,0.0,15.0,0.0,80.0,73.0,0.0,0.0,0.0,10.0
3008,GRANDEUR_LPG,D,177.0,675.0,c1,d1,10.0,0.0,0.0,0.0,1.0,10.0,0.0,0.0,0.0,0.0,0.0,0.0,0.0,0.0,10.0,0.0,15.0,0.0,37.0,58.0,45.0,0.0,21.0,20.0
3014,GRANDEUR_LPG,D,285.0,675.0,c1,d1,10.0,3.0,7.0,0.0,1.0,10.0,40.0,0.0,30.0,3.0,10.0,20.0,20.0,15.0,10.0,0.0,15.0,0.0,37.0,58.0,45.0,0.0,21.0,20.0
3025,GRANDEUR_LPG,D,269.0,675.0,c1,d1,10.0,3.0,11.0,8.0,20.0,4.0,22.0,0.0,30.0,3.0,10.0,0.0,8.0,15.0,7.0,0.0,15.0,0.0,80.0,53.0,0.0,0.0,0.0,10.0
3026,GRANDEUR_LPG,D,308.0,675.0,c1,d1,10.0,3.0,11.0,8.0,12.0,2.0,22.0,0.0,30.0,3.0,10.0,20.0,16.0,15.0,10.0,0.0,15.0,0.0,80.0,71.0,0.0,0.0,0.0,10.0
3035,GRANDEUR_LPG,D,196.0,675.0,c1,d1,10.0,0.0,0.0,0.0,20.0,4.0,0.0,0.0,0.0,0.0,0.0,0.0,0.0,0.0,7.0,0.0,15.0,0.0,80.0,100.0,0.0,0.0,0.0,10.0
3047,GRANDEUR_LPG,E,200.0,675.0,c1,d1,10.0,3.0,3.0,0.0,20.0,4.0,22.0,0.0,8.0,3.0,10.0,0.0,20.0,15.0,7.0,0.0,15.0,0.0,80.0,100.0,0.0,0.0,0.0,10.0
3048,GRANDEUR_LPG,D,204.0,675.0,c1,d1,10.0,0.0,0.0,0.0,20.0,23.0,0.0,0.0,0.0,0.0,0.0,0.0,0.0,0.0,10.0,15.0,15.0,10.0,80.0,51.0,0.0,0.0,0.0,20.0
3051,GRANDEUR_LPG,D,157.0,675.0,c1,d1,10.0,0.0,0.0,0.0,3.0,2.0,0.0,0.0,0.0,0.0,0.0,0.0,0.0,0.0,7.0,0.0,15.0,0.0,70.0,5.0,50.0,2.0,23.0,20.0
3054,GRANDEUR_LPG,D,104.0,675.0,c1,d1,10.0,0.0,0.0,0.0,0.0,2.0,0.0,0.0,0.0,0.0,0.0,0.0,0.0,0.0,7.0,0.0,15.0,0.0,49.0,23.0,10.0,0.0,18.0,20.0
3055,GRANDEUR_LPG,D,278.0,675.0,c1,d1,10.0,3.0,11.0,0.0,20.0,23.0,22.0,0.0,30.0,3.0,10.0,0.0,20.0,15.0,10.0,15.0,15.0,10.0,80.0,51.0,0.0,0.0,0.0,20.0
3059,GRANDEUR_LPG,D,269.0,675.0,c1,d1,10.0,3.0,7.0,8.0,3.0,2.0,22.0,0.0,30.0,3.0,10.0,0.0,4.0,15.0,7.0,0.0,15.0,0.0,70.0,5.0,50.0,2.0,23.0,20.0
3064,GRANDEUR_LPG,D,274.0,675.0,c1,d1,10.0,3.0,11.0,8.0,0.0,2.0,40.0,0.0,30.0,3.0,10.0,20.0,20.0,15.0,7.0,0.0,15.0,0.0,49.0,23.0,10.0,0.0,18.0,20.0
3081,GRANDEUR_LPG,D,139.0,675.0,c1,d1,10.0,0.0,0.0,0.0,16.0,2.0,0.0,0.0,0.0,0.0,0.0,0.0,0.0,0.0,10.0,0.0,15.0,0.0,42.0,0.0,66.0,0.0,18.0,10.0
3082,GRANDEUR_LPG,D,218.0,675.0,c1,d1,10.0,0.0,0.0,0.0,20.0,4.0,0.0,0.0,0.0,0.0,0.0,0.0,0.0,0.0,7.0,0.0,15.0,0.0,80.0,18.0,59.0,15.0,30.0,10.0
3083,GRANDEUR_LPG,D,137.0,675.0,c1,d1,10.0,0.0,0.0,0.0,6.0,2.0,0.0,0.0,0.0,0.0,0.0,0.0,0.0,0.0,10.0,0.0,15.0,0.0,59.0,0.0,45.0,5.0,25.0,10.0
3084,GRANDEUR_LPG,D,139.0,675.0,c1,d1,10.0,0.0,0.0,0.0,16.0,2.0,0.0,0.0,0.0,0.0,0.0,0.0,0.0,0.0,10.0,0.0,15.0,0.0,79.0,0.0,8.0,1.0,28.0,20.0
3085,GRANDEUR_LPG,D,114.0,675.0,c1,d1,10.0,0.0,0.0,0.0,11.0,2.0,0.0,0.0,0.0,0.0,0.0,0.0,0.0,0.0,10.0,0.0,15.0,0.0,45.0,0.0,41.0,0.0,20.0,10.0
3087,GRANDEUR_LPG,D,154.0,675.0,c1,d1,10.0,0.0,0.0,0.0,0.0,15.0,0.0,0.0,0.0,0.0,0.0,0.0,0.0,0.0,10.0,0.0,15.0,0.0,15.0,0.0,69.0,20.0,30.0,20.0
3088,GRANDEUR_LPG,D,162.0,675.0,c1,d1,0.0,0.0,0.0,0.0,6.0,4.0,0.0,0.0,0.0,0.0,0.0,0.0,0.0,0.0,10.0,0.0,15.0,0.0,80.0,74.0,0.0,0.0,3.0,20.0
3089,GRANDEUR_LPG,D,150.0,675.0,c1,d1,10.0,0.0,0.0,0.0,6.0,2.0,0.0,0.0,0.0,0.0,0.0,0.0,0.0,0.0,10.0,0.0,15.0,0.0,80.0,57.0,0.0,0.0,0.0,20.0
3090,GRANDEUR_LPG,D,246.0,675.0,c1,d1,10.0,0.0,0.0,0.0,15.0,10.0,0.0,0.0,0.0,0.0,0.0,0.0,0.0,0.0,10.0,15.0,15.0,10.0,80.0,58.0,24.0,4.0,25.0,20.0
3107,GRANDEUR_LPG,D,360.0,675.0,c1,d1,10.0,10.0,15.0,8.0,16.0,2.0,40.0,0.0,30.0,3.0,10.0,20.0,20.0,15.0,10.0,0.0,15.0,0.0,42.0,0.0,66.0,0.0,18.0,10.0
3108,GRANDEUR_LPG,C,450.0,675.0,c1,d1,10.0,25.0,11.0,8.0,20.0,4.0,40.0,0.0,30.0,3.0,10.0,20.0,20.0,15.0,7.0,0.0,15.0,0.0,80.0,18.0,59.0,15.0,30.0,10.0
3109,GRANDEUR_LPG,D,305.0,675.0,c1,d1,10.0,3.0,7.0,8.0,16.0,2.0,40.0,0.0,30.0,3.0,10.0,20.0,20.0,15.0,10.0,0.0,15.0,0.0,79.0,0.0,8.0,1.0,28.0,20.0
3110,GRANDEUR_LPG,D,330.0,675.0,c1,d1,10.0,12.0,11.0,8.0,6.0,2.0,22.0,0.0,30.0,3.0,10.0,20.0,12.0,15.0,10.0,0.0,15.0,0.0,59.0,0.0,45.0,5.0,25.0,10.0
3111,GRANDEUR_LPG,D,263.0,675.0,c1,d1,10.0,8.0,11.0,8.0,11.0,2.0,22.0,0.0,30.0,3.0,10.0,20.0,12.0,15.0,10.0,0.0,15.0,0.0,45.0,0.0,41.0,0.0,20.0,10.0
3113,GRANDEUR_LPG,C,412.0,675.0,c1,d1,10.0,25.0,15.0,30.0,0.0,15.0,40.0,0.0,30.0,3.0,10.0,20.0,20.0,15.0,10.0,0.0,15.0,0.0,15.0,0.0,69.0,20.0,30.0,20.0
3114,GRANDEUR_LPG,D,266.0,675.0,c1,d1,10.0,3.0,15.0,0.0,6.0,2.0,40.0,0.0,30.0,3.0,10.0,20.0,20.0,15.0,10.0,0.0,15.0,0.0,80.0,57.0,0.0,0.0,0.0,20.0
3115,GRANDEUR_LPG,D,286.0,675.0,c1,d1,0.0,3.0,3.0,8.0,6.0,4.0,10.0,0.0,30.0,3.0,10.0,20.0,12.0,15.0,10.0,0.0,15.0,0.0,80.0,74.0,0.0,0.0,3.0,20.0
3119,GRANDEUR_LPG,D,350.0,675.0,c1,d1,10.0,3.0,11.0,0.0,15.0,10.0,40.0,0.0,30.0,3.0,10.0,12.0,20.0,15.0,10.0,15.0,15.0,10.0,80.0,58.0,24.0,4.0,25.0,20.0
3124,GRANDEUR_LPG,D,109.0,675.0,c1,d1,10.0,0.0,0.0,0.0,17.0,2.0,0.0,0.0,0.0,0.0,0.0,0.0,0.0,0.0,10.0,0.0,15.0,0.0,80.0,35.0,0.0,0.0,0.0,10.0
3128,GRANDEUR_LPG,D,182.0,675.0,c1,d1,10.0,0.0,0.0,0.0,15.0,8.0,0.0,0.0,0.0,0.0,0.0,0.0,0.0,0.0,10.0,0.0,15.0,0.0,76.0,78.0,0.0,0.0,0.0,20.0
3130,GRANDEUR_LPG,D,214.0,675.0,c1,d1,10.0,3.0,7.0,0.0,17.0,2.0,40.0,0.0,30.0,0.0,10.0,20.0,20.0,15.0,10.0,0.0,15.0,0.0,80.0,35.0,0.0,0.0,0.0,10.0
3132,GRANDEUR_LPG,D,185.0,675.0,c1,d1,10.0,0.0,0.0,0.0,16.0,2.0,0.0,0.0,0.0,0.0,0.0,0.0,0.0,0.0,7.0,0.0,15.0,0.0,80.0,85.0,0.0,0.0,0.0,20.0
3137,GRANDEUR_LPG,D,290.0,675.0,c1,d1,10.0,3.0,7.0,0.0,15.0,8.0,40.0,0.0,30.0,3.0,10.0,20.0,20.0,15.0,10.0,0.0,15.0,0.0,76.0,78.0,0.0,0.0,0.0,20.0
3142,GRANDEUR_LPG,D,158.0,675.0,c1,d1,0.0,0.0,0.0,0.0,16.0,2.0,0.0,0.0,0.0,0.0,0.0,0.0,0.0,0.0,10.0,0.0,15.0,0.0,80.0,65.0,0.0,0.0,0.0,20.0
3146,GRANDEUR_LPG,D,325.0,675.0,c1,d1,10.0,3.0,11.0,8.0,16.0,2.0,22.0,0.0,30.0,3.0,10.0,20.0,8.0,15.0,7.0,0.0,15.0,0.0,80.0,85.0,0.0,0.0,0.0,20.0
3148,GRANDEUR_LPG,D,311.0,675.0,c1,d1,10.0,3.0,11.0,8.0,14.0,2.0,22.0,0.0,30.0,3.0,10.0,20.0,8.0,15.0,7.0,0.0,15.0,0.0,80.0,83.0,0.0,0.0,0.0,10.0
3149,GRANDEUR_LPG,D,167.0,675.0,c1,d1,10.0,0.0,0.0,0.0,16.0,2.0,0.0,0.0,0.0,0.0,0.0,0.0,0.0,0.0,10.0,0.0,15.0,0.0,80.0,64.0,0.0,0.0,0.0,20.0
3156,GRANDEUR_LPG,D,248.0,675.0,c1,d1,0.0,3.0,7.0,8.0,16.0,2.0,0.0,0.0,30.0,3.0,10.0,0.0,4.0,15.0,10.0,0.0,15.0,0.0,80.0,65.0,0.0,0.0,0.0,20.0
3162,GRANDEUR_LPG,D,317.0,675.0,c1,d1,10.0,3.0,11.0,8.0,16.0,2.0,40.0,0.0,30.0,3.0,10.0,0.0,20.0,15.0,10.0,0.0,15.0,0.0,80.0,64.0,0.0,0.0,0.0,20.0
3168,GRANDEUR_LPG,D,216.0,675.0,c1,d1,10.0,3.0,11.0,8.0,11.0,2.0,0.0,0.0,30.0,3.0,10.0,20.0,4.0,15.0,7.0,0.0,15.0,0.0,80.0,8.0,0.0,0.0,9.0,10.0
3169,GRANDEUR_LPG,D,360.0,675.0,c1,d1,10.0,3.0,11.0,8.0,7.0,8.0,40.0,0.0,30.0,3.0,10.0,20.0,20.0,15.0,10.0,0.0,15.0,0.0,80.0,100.0,0.0,0.0,0.0,10.0
3176,GRANDEUR_LPG,D,207.0,675.0,c1,d1,10.0,0.0,0.0,0.0,17.0,23.0,0.0,0.0,0.0,0.0,0.0,0.0,0.0,0.0,10.0,15.0,15.0,0.0,66.0,4.0,43.0,7.0,27.0,20.0
3180,GRANDEUR_LPG,D,319.0,675.0,c1,d1,10.0,3.0,11.0,0.0,17.0,23.0,40.0,0.0,30.0,3.0,10.0,20.0,20.0,15.0,10.0,15.0,15.0,0.0,66.0,4.0,43.0,7.0,27.0,20.0
3181,GRANDEUR_LPG,D,283.0,675.0,c1,d1,10.0,3.0,15.0,0.0,2.0,23.0,40.0,0.0,30.0,3.0,10.0,20.0,20.0,15.0,10.0,0.0,15.0,0.0,68.0,46.0,6.0,0.0,27.0,10.0
3193,GRANDEUR_LPG,D,117.0,675.0,c1,d1,0.0,0.0,0.0,0.0,7.0,4.0,0.0,0.0,0.0,0.0,0.0,0.0,0.0,0.0,10.0,0.0,15.0,0.0,80.0,61.0,0.0,0.0,0.0,10.0
3208,GRANDEUR_LPG,D,254.0,675.0,c1,d1,0.0,3.0,11.0,8.0,7.0,4.0,22.0,0.0,30.0,0.0,10.0,20.0,8.0,15.0,10.0,0.0,15.0,0.0,80.0,61.0,0.0,0.0,0.0,10.0
3236,GRANDEUR_LPG,D,145.0,675.0,c1,d1,10.0,0.0,0.0,0.0,0.0,21.0,0.0,0.0,0.0,0.0,0.0,0.0,0.0,0.0,10.0,0.0,15.0,0.0,33.0,27.0,42.0,0.0,17.0,20.0
3244,GRANDEUR_LPG,D,263.0,675.0,c1,d1,10.0,3.0,11.0,8.0,20.0,2.0,10.0,0.0,30.0,0.0,10.0,20.0,8.0,15.0,10.0,0.0,15.0,0.0,80.0,61.0,0.0,0.0,0.0,10.0
3264,GRANDEUR_LPG,D,211.0,675.0,c1,d1,10.0,3.0,7.0,0.0,0.0,21.0,10.0,0.0,30.0,3.0,10.0,20.0,8.0,15.0,10.0,0.0,15.0,0.0,33.0,27.0,42.0,0.0,17.0,20.0
3270,GRANDEUR_LPG,D,316.0,675.0,c1,d1,10.0,3.0,11.0,8.0,14.0,2.0,40.0,0.0,30.0,3.0,10.0,0.0,20.0,15.0,10.0,0.0,15.0,0.0,80.0,75.0,0.0,0.0,0.0,10.0
3290,GRANDEUR_LPG,D,281.0,675.0,c1,d1,10.0,3.0,11.0,0.0,9.0,8.0,10.0,0.0,30.0,3.0,10.0,20.0,12.0,15.0,10.0,0.0,15.0,0.0,54.0,60.0,62.0,0.0,19.0,10.0
3301,GRANDEUR_LPG,D,243.0,675.0,c1,d1,10.0,3.0,11.0,0.0,3.0,8.0,22.0,0.0,30.0,3.0,10.0,20.0,16.0,15.0,10.0,0.0,15.0,10.0,51.0,69.0,9.0,0.0,8.0,10.0
3302,GRANDEUR_LPG,D,276.0,675.0,c1,d1,10.0,3.0,11.0,8.0,16.0,2.0,22.0,0.0,30.0,3.0,10.0,0.0,4.0,15.0,7.0,0.0,15.0,0.0,80.0,70.0,0.0,0.0,0.0,10.0
3305,GRANDEUR_LPG,E,238.0,675.0,c1,d1,10.0,3.0,11.0,0.0,16.0,2.0,22.0,0.0,30.0,3.0,10.0,12.0,8.0,15.0,7.0,0.0,15.0,0.0,80.0,74.0,0.0,0.0,0.0,10.0
3322,GRANDEUR_LPG,D,177.0,675.0,c1,d1,10.0,0.0,0.0,0.0,16.0,2.0,0.0,0.0,0.0,0.0,0.0,0.0,0.0,0.0,10.0,0.0,15.0,0.0,80.0,74.0,0.0,0.0,0.0,20.0
3325,GRANDEUR_LPG,D,148.0,675.0,c1,d1,10.0,0.0,0.0,0.0,20.0,4.0,0.0,0.0,0.0,0.0,0.0,0.0,0.0,0.0,10.0,0.0,15.0,0.0,80.0,22.0,0.0,0.0,17.0,20.0
3333,GRANDEUR_LPG,D,327.0,675.0,c1,d1,10.0,3.0,11.0,8.0,16.0,2.0,40.0,0.0,30.0,3.0,10.0,0.0,20.0,15.0,10.0,0.0,15.0,0.0,80.0,74.0,0.0,0.0,0.0,20.0
3343,GRANDEUR_LPG,D,140.0,675.0,c1,d1,10.0,0.0,0.0,0.0,2.0,21.0,0.0,0.0,0.0,0.0,0.0,0.0,0.0,0.0,10.0,0.0,15.0,0.0,37.0,28.0,31.0,0.0,16.0,20.0
3344,GRANDEUR_LPG,D,318.0,675.0,c1,d1,10.0,3.0,11.0,8.0,20.0,4.0,40.0,0.0,30.0,3.0,10.0,20.0,20.0,15.0,10.0,0.0,15.0,0.0,80.0,22.0,0.0,0.0,17.0,20.0
3363,GRANDEUR_LPG,D,244.0,675.0,c1,d1,10.0,3.0,3.0,0.0,2.0,21.0,40.0,0.0,30.0,3.0,10.0,20.0,20.0,15.0,10.0,0.0,15.0,0.0,37.0,28.0,31.0,0.0,16.0,20.0
3385,GRANDEUR_LPG,D,250.0,675.0,c1,d1,10.0,3.0,15.0,0.0,6.0,21.0,40.0,0.0,30.0,3.0,10.0,20.0,20.0,15.0,3.0,15.0,15.0,10.0,46.0,28.0,7.0,0.0,13.0,10.0
3388,GRANDEUR_LPG,D,214.0,675.0,c1,d1,10.0,0.0,0.0,0.0,5.0,21.0,0.0,0.0,0.0,0.0,0.0,0.0,0.0,0.0,10.0,15.0,15.0,10.0,54.0,47.0,41.0,0.0,16.0,20.0
3395,GRANDEUR_LPG,D,160.0,675.0,c1,d1,10.0,0.0,0.0,0.0,20.0,4.0,0.0,0.0,0.0,0.0,0.0,0.0,0.0,0.0,10.0,0.0,15.0,0.0,80.0,43.0,0.0,0.0,8.0,20.0
3399,GRANDEUR_LPG,D,242.0,675.0,c1,d1,10.0,0.0,0.0,0.0,16.0,10.0,0.0,0.0,0.0,0.0,0.0,0.0,0.0,0.0,10.0,15.0,15.0,10.0,80.0,49.0,32.0,2.0,23.0,20.0
3401,GRANDEUR_LPG,D,260.0,675.0,c1,d1,10.0,3.0,11.0,0.0,5.0,21.0,10.0,0.0,30.0,3.0,10.0,0.0,4.0,15.0,10.0,15.0,15.0,10.0,54.0,47.0,41.0,0.0,16.0,20.0
3407,GRANDEUR_LPG,E,250.0,675.0,c1,d1,10.0,3.0,11.0,8.0,20.0,4.0,0.0,0.0,30.0,3.0,10.0,0.0,0.0,15.0,10.0,0.0,15.0,0.0,80.0,43.0,0.0,0.0,8.0,20.0
3411,GRANDEUR_LPG,D,278.0,675.0,c1,d1,10.0,3.0,11.0,0.0,16.0,10.0,0.0,0.0,30.0,3.0,10.0,0.0,4.0,15.0,10.0,15.0,15.0,10.0,80.0,49.0,32.0,2.0,23.0,20.0
3412,GRANDEUR_LPG,D,172.0,675.0,c1,d1,10.0,0.0,0.0,0.0,16.0,2.0,0.0,0.0,0.0,0.0,0.0,0.0,0.0,0.0,7.0,0.0,15.0,0.0,75.0,22.0,35.0,0.0,20.0,20.0
3413,GRANDEUR_LPG,D,145.0,675.0,c1,d1,10.0,0.0,0.0,0.0,4.0,4.0,0.0,0.0,0.0,0.0,0.0,0.0,0.0,0.0,10.0,0.0,15.0,0.0,80.0,26.0,0.0,0.0,26.0,20.0
3422,GRANDEUR_LPG,D,312.0,675.0,c1,d1,10.0,3.0,7.0,8.0,16.0,2.0,22.0,0.0,30.0,3.0,10.0,20.0,12.0,15.0,7.0,0.0,15.0,0.0,75.0,22.0,35.0,0.0,20.0,20.0
3430,GRANDEUR_LPG,D,212.0,675.0,c1,d1,10.0,0.0,0.0,0.0,10.0,4.0,0.0,0.0,0.0,0.0,0.0,0.0,0.0,0.0,10.0,0.0,15.0,0.0,80.0,50.0,0.0,13.0,30.0,40.0
3431,GRANDEUR_LPG,D,282.0,675.0,c1,d1,10.0,3.0,0.0,8.0,4.0,4.0,22.0,0.0,30.0,3.0,10.0,20.0,16.0,15.0,10.0,0.0,15.0,0.0,80.0,26.0,0.0,0.0,26.0,20.0
3435,GRANDEUR_LPG,D,243.0,675.0,c1,d1,10.0,3.0,15.0,0.0,3.0,8.0,22.0,0.0,30.0,0.0,10.0,20.0,20.0,15.0,10.0,0.0,15.0,0.0,40.0,58.0,48.0,0.0,16.0,10.0
3442,GRANDEUR_LPG,D,186.0,675.0,c1,d1,10.0,0.0,0.0,0.0,10.0,8.0,0.0,0.0,0.0,0.0,0.0,0.0,0.0,0.0,10.0,0.0,15.0,0.0,61.0,67.0,18.0,0.0,17.0,20.0
3451,GRANDEUR_LPG,D,159.0,675.0,c1,d1,10.0,0.0,0.0,0.0,6.0,2.0,0.0,0.0,0.0,0.0,0.0,0.0,0.0,0.0,10.0,0.0,15.0,0.0,63.0,0.0,59.0,1.0,23.0,20.0
3453,GRANDEUR_LPG,D,298.0,675.0,c1,d1,10.0,3.0,7.0,0.0,10.0,4.0,22.0,0.0,30.0,3.0,10.0,20.0,16.0,15.0,10.0,0.0,15.0,0.0,80.0,50.0,0.0,13.0,30.0,40.0
3459,GRANDEUR_LPG,D,302.0,675.0,c1,d1,10.0,3.0,15.0,0.0,10.0,8.0,40.0,0.0,30.0,3.0,10.0,20.0,20.0,15.0,10.0,0.0,15.0,0.0,61.0,67.0,18.0,0.0,17.0,20.0
3461,GRANDEUR_LPG,D,278.0,675.0,c1,d1,10.0,3.0,0.0,8.0,6.0,2.0,0.0,0.0,30.0,3.0,10.0,20.0,20.0,15.0,10.0,0.0,15.0,0.0,63.0,0.0,59.0,1.0,23.0,20.0
3468,GRANDEUR_LPG,D,166.0,675.0,c1,d1,10.0,0.0,0.0,0.0,9.0,2.0,0.0,0.0,0.0,0.0,0.0,0.0,0.0,0.0,10.0,0.0,15.0,0.0,80.0,70.0,0.0,0.0,0.0,20.0
3471,GRANDEUR_LPG,D,146.0,675.0,c1,d1,10.0,0.0,0.0,0.0,11.0,2.0,0.0,0.0,0.0,0.0,0.0,0.0,0.0,0.0,7.0,0.0,15.0,0.0,80.0,50.0,0.0,0.0,1.0,20.0
3477,GRANDEUR_LPG,D,300.0,675.0,c1,d1,10.0,3.0,11.0,8.0,17.0,2.0,10.0,0.0,30.0,3.0,10.0,20.0,8.0,15.0,10.0,0.0,15.0,0.0,80.0,78.0,0.0,0.0,0.0,10.0
3478,GRANDEUR_LPG,D,336.0,675.0,c1,d1,10.0,3.0,11.0,8.0,9.0,2.0,40.0,0.0,30.0,3.0,10.0,20.0,20.0,15.0,10.0,0.0,15.0,0.0,80.0,70.0,0.0,0.0,0.0,20.0
3483,GRANDEUR_LPG,D,312.0,675.0,c1,d1,10.0,3.0,7.0,8.0,11.0,2.0,40.0,0.0,30.0,3.0,10.0,20.0,20.0,15.0,7.0,0.0,15.0,0.0,80.0,50.0,0.0,0.0,1.0,20.0
3504,GRANDEUR_LPG,D,185.0,675.0,c1,d1,10.0,0.0,0.0,0.0,20.0,2.0,0.0,0.0,0.0,0.0,0.0,0.0,0.0,0.0,10.0,0.0,15.0,0.0,80.0,78.0,0.0,0.0,0.0,20.0
3517,GRANDEUR_LPG,D,335.0,675.0,c1,d1,10.0,3.0,11.0,8.0,20.0,2.0,40.0,0.0,30.0,3.0,10.0,0.0,20.0,15.0,10.0,0.0,15.0,0.0,80.0,78.0,0.0,0.0,0.0,20.0
3518,GRANDEUR_LPG,D,162.0,675.0,c1,d1,10.0,0.0,0.0,0.0,7.0,8.0,0.0,0.0,0.0,0.0,0.0,0.0,0.0,0.0,10.0,0.0,15.0,0.0,61.0,73.0,4.0,0.0,4.0,20.0
3527,GRANDEUR_LPG,E,186.0,675.0,c1,d1,10.0,3.0,3.0,0.0,7.0,8.0,0.0,0.0,30.0,3.0,10.0,0.0,0.0,15.0,10.0,0.0,15.0,0.0,61.0,73.0,4.0,0.0,4.0,20.0
3534,GRANDEUR_LPG,E,224.0,675.0,c1,d1,10.0,3.0,11.0,8.0,11.0,2.0,10.0,0.0,18.0,3.0,10.0,0.0,0.0,15.0,10.0,0.0,15.0,0.0,80.0,88.0,0.0,0.0,0.0,10.0
3554,GRANDEUR_LPG,D,263.0,675.0,c1,d1,10.0,3.0,11.0,8.0,16.0,2.0,22.0,0.0,30.0,3.0,10.0,20.0,12.0,15.0,10.0,0.0,15.0,0.0,80.0,26.0,0.0,0.0,0.0,10.0
3591,GRANDEUR_LPG,D,194.0,675.0,c1,d1,10.0,0.0,0.0,0.0,15.0,21.0,0.0,0.0,0.0,0.0,0.0,0.0,0.0,0.0,10.0,15.0,15.0,10.0,70.0,51.0,4.0,0.0,3.0,20.0
3605,GRANDEUR_LPG,D,272.0,675.0,c1,d1,10.0,3.0,11.0,0.0,15.0,21.0,22.0,0.0,30.0,3.0,10.0,20.0,4.0,15.0,10.0,15.0,15.0,10.0,70.0,51.0,4.0,0.0,3.0,20.0
3623,GRANDEUR_LPG,D,193.0,675.0,c1,d1,10.0,0.0,0.0,0.0,14.0,23.0,0.0,0.0,0.0,0.0,0.0,0.0,0.0,0.0,10.0,15.0,15.0,0.0,61.0,32.0,32.0,0.0,21.0,10.0
3624,GRANDEUR_LPG,D,266.0,675.0,c1,d1,10.0,3.0,3.0,8.0,1.0,4.0,40.0,0.0,30.0,3.0,10.0,20.0,20.0,15.0,10.0,0.0,15.0,0.0,80.0,2.0,0.0,0.0,22.0,10.0
3629,GRANDEUR_LPG,E,129.0,675.0,c1,d1,10.0,3.0,11.0,0.0,14.0,23.0,10.0,0.0,0.0,3.0,10.0,0.0,4.0,15.0,10.0,15.0,15.0,0.0,61.0,32.0,32.0,0.0,21.0,10.0
3635,GRANDEUR_LPG,D,237.0,675.0,c1,d1,10.0,0.0,0.0,0.0,3.0,19.0,0.0,0.0,0.0,0.0,0.0,0.0,0.0,0.0,10.0,0.0,15.0,0.0,59.0,50.0,51.0,20.0,30.0,20.0
3643,GRANDEUR_LPG,B,487.0,675.0,c1,d1,10.0,25.0,7.0,30.0,3.0,19.0,40.0,0.0,30.0,3.0,10.0,20.0,20.0,15.0,10.0,0.0,15.0,0.0,59.0,50.0,51.0,20.0,30.0,20.0
3657,GRANDEUR_LPG,D,271.0,675.0,c1,d1,0.0,14.0,3.0,0.0,11.0,2.0,22.0,0.0,30.0,3.0,10.0,20.0,20.0,15.0,10.0,0.0,15.0,0.0,48.0,0.0,70.0,0.0,18.0,10.0
3659,GRANDEUR_LPG,D,145.0,675.0,c1,d1,10.0,0.0,0.0,0.0,7.0,23.0,0.0,0.0,0.0,0.0,0.0,0.0,0.0,0.0,10.0,0.0,15.0,0.0,40.0,14.0,34.0,0.0,22.0,20.0
3662,GRANDEUR_LPG,D,253.0,675.0,c1,d1,10.0,3.0,7.0,0.0,7.0,23.0,40.0,0.0,30.0,3.0,10.0,20.0,20.0,15.0,10.0,0.0,15.0,0.0,40.0,14.0,34.0,0.0,22.0,20.0
3664,GRANDEUR_LPG,D,280.0,675.0,c1,d1,10.0,3.0,7.0,0.0,1.0,8.0,40.0,0.0,30.0,3.0,10.0,12.0,20.0,15.0,10.0,0.0,15.0,0.0,39.0,62.0,54.0,0.0,21.0,10.0
3666,GRANDEUR_LPG,D,211.0,675.0,c1,d1,10.0,0.0,0.0,0.0,20.0,23.0,0.0,0.0,0.0,0.0,0.0,0.0,0.0,0.0,7.0,15.0,15.0,10.0,58.0,0.0,53.0,5.0,25.0,20.0
3667,GRANDEUR_LPG,C,469.0,675.0,c1,d1,10.0,25.0,15.0,30.0,20.0,23.0,40.0,0.0,30.0,3.0,10.0,20.0,20.0,15.0,7.0,15.0,15.0,10.0,58.0,0.0,53.0,5.0,25.0,20.0
3690,GRANDEUR_LPG,D,222.0,675.0,c1,d1,10.0,3.0,11.0,0.0,14.0,2.0,10.0,0.0,30.0,3.0,10.0,20.0,8.0,15.0,10.0,0.0,15.0,0.0,80.0,61.0,0.0,0.0,0.0,10.0
3696,GRANDEUR_LPG,D,138.0,675.0,c1,d1,10.0,0.0,0.0,0.0,3.0,2.0,0.0,0.0,0.0,0.0,0.0,0.0,0.0,0.0,7.0,0.0,15.0,0.0,80.0,47.0,0.0,0.0,4.0,20.0
3697,GRANDEUR_LPG,D,367.0,675.0,c1,d1,10.0,22.0,11.0,8.0,3.0,2.0,40.0,0.0,30.0,3.0,10.0,20.0,20.0,15.0,7.0,0.0,15.0,0.0,80.0,47.0,0.0,0.0,4.0,20.0
3698,GRANDEUR_LPG,D,192.0,675.0,c1,d1,10.0,0.0,0.0,0.0,13.0,10.0,0.0,0.0,0.0,0.0,0.0,0.0,0.0,0.0,10.0,0.0,15.0,10.0,78.0,51.0,7.0,0.0,18.0,20.0
3699,GRANDEUR_LPG,D,304.0,675.0,c1,d1,10.0,3.0,11.0,0.0,13.0,10.0,40.0,0.0,30.0,3.0,10.0,20.0,20.0,15.0,10.0,0.0,15.0,10.0,78.0,51.0,7.0,0.0,18.0,20.0
3702,GRANDEUR_LPG,E,280.0,675.0,c1,d1,10.0,3.0,15.0,0.0,12.0,21.0,22.0,0.0,30.0,3.0,10.0,20.0,4.0,15.0,10.0,15.0,15.0,10.0,80.0,0.0,48.0,0.0,17.0,10.0
3703,GRANDEUR_LPG,D,167.0,675.0,c1,d1,10.0,0.0,0.0,0.0,6.0,21.0,0.0,0.0,0.0,0.0,0.0,0.0,0.0,0.0,10.0,0.0,15.0,0.0,45.0,27.0,46.0,0.0,17.0,20.0
3707,GRANDEUR_LPG,D,272.0,675.0,c1,d1,0.0,3.0,11.0,0.0,6.0,23.0,40.0,0.0,30.0,3.0,10.0,20.0,20.0,15.0,10.0,0.0,15.0,0.0,58.0,17.0,37.0,7.0,27.0,10.0
3708,GRANDEUR_LPG,D,275.0,675.0,c1,d1,10.0,3.0,7.0,0.0,6.0,21.0,40.0,0.0,30.0,3.0,10.0,20.0,20.0,15.0,10.0,0.0,15.0,0.0,45.0,27.0,46.0,0.0,17.0,20.0
3712,GRANDEUR_LPG,D,187.0,675.0,c1,d1,10.0,0.0,0.0,0.0,9.0,10.0,0.0,0.0,0.0,0.0,0.0,0.0,0.0,0.0,10.0,0.0,15.0,0.0,76.0,66.0,0.0,0.0,21.0,20.0
3716,GRANDEUR_LPG,D,299.0,675.0,c1,d1,10.0,3.0,11.0,0.0,9.0,10.0,40.0,0.0,30.0,3.0,10.0,20.0,20.0,15.0,10.0,0.0,15.0,0.0,76.0,66.0,0.0,0.0,21.0,20.0
3737,GRANDEUR_LPG,D,253.0,675.0,c1,d1,10.0,3.0,11.0,8.0,10.0,4.0,22.0,0.0,30.0,3.0,10.0,20.0,12.0,15.0,10.0,0.0,15.0,0.0,76.0,1.0,0.0,0.0,23.0,10.0
3740,GRANDEUR_LPG,D,233.0,675.0,c1,d1,10.0,0.0,0.0,0.0,15.0,10.0,0.0,0.0,0.0,0.0,0.0,0.0,0.0,0.0,10.0,15.0,15.0,10.0,80.0,48.0,21.0,4.0,25.0,20.0
3741,GRANDEUR_LPG,D,341.0,675.0,c1,d1,10.0,3.0,7.0,0.0,15.0,10.0,40.0,0.0,30.0,3.0,10.0,20.0,20.0,15.0,10.0,15.0,15.0,10.0,80.0,48.0,21.0,4.0,25.0,20.0
3746,GRANDEUR_LPG,D,266.0,675.0,c1,d1,10.0,3.0,7.0,0.0,6.0,10.0,10.0,0.0,30.0,3.0,10.0,20.0,8.0,15.0,10.0,0.0,15.0,0.0,80.0,80.0,4.0,0.0,25.0,10.0
3755,GRANDEUR_LPG,D,299.0,675.0,c1,d1,10.0,3.0,0.0,0.0,19.0,8.0,40.0,0.0,30.0,3.0,10.0,20.0,20.0,15.0,10.0,0.0,15.0,10.0,61.0,51.0,36.0,0.0,18.0,10.0
3756,GRANDEUR_LPG,D,213.0,675.0,c1,d1,10.0,3.0,11.0,0.0,0.0,8.0,10.0,0.0,30.0,3.0,10.0,12.0,4.0,15.0,10.0,0.0,15.0,0.0,46.0,71.0,16.0,0.0,19.0,10.0
3758,GRANDEUR_LPG,D,231.0,675.0,c1,d1,10.0,0.0,0.0,0.0,9.0,12.0,0.0,0.0,0.0,0.0,0.0,0.0,0.0,0.0,10.0,0.0,15.0,0.0,80.0,60.0,22.0,13.0,30.0,20.0
3760,GRANDEUR_LPG,C,447.0,675.0,c1,d1,10.0,25.0,11.0,30.0,9.0,12.0,22.0,0.0,30.0,3.0,10.0,0.0,20.0,15.0,10.0,0.0,15.0,0.0,80.0,60.0,22.0,13.0,30.0,20.0
3777,GRANDEUR_LPG,D,271.0,675.0,c1,d1,0.0,3.0,11.0,8.0,13.0,2.0,0.0,0.0,30.0,3.0,10.0,0.0,4.0,15.0,7.0,0.0,15.0,0.0,80.0,100.0,0.0,0.0,0.0,10.0
3785,GRANDEUR_LPG,D,5.0,675.0,c1,d1,0.0,0.0,0.0,0.0,0.0,0.0,0.0,0.0,0.0,0.0,0.0,0.0,0.0,0.0,10.0,,15.0,,0.0,56.0,4.0,0.0,0.0,0.0
3804,GRANDEUR_LPG,D,191.0,675.0,c1,d1,10.0,0.0,0.0,0.0,12.0,4.0,0.0,0.0,0.0,0.0,0.0,0.0,0.0,0.0,10.0,0.0,15.0,0.0,80.0,76.0,0.0,0.0,14.0,20.0
3805,GRANDEUR_LPG,D,323.0,675.0,c1,d1,10.0,3.0,3.0,8.0,12.0,4.0,22.0,0.0,30.0,3.0,10.0,20.0,8.0,15.0,10.0,0.0,15.0,0.0,80.0,76.0,0.0,0.0,14.0,20.0
3807,GRANDEUR_LPG,D,218.0,675.0,c1,d1,10.0,0.0,0.0,0.0,14.0,8.0,0.0,0.0,0.0,0.0,0.0,0.0,0.0,0.0,10.0,0.0,15.0,0.0,70.0,72.0,43.0,0.0,16.0,10.0
3808,GRANDEUR_LPG,E,136.0,675.0,c1,d1,10.0,3.0,7.0,0.0,14.0,8.0,0.0,0.0,0.0,3.0,10.0,0.0,0.0,15.0,10.0,0.0,15.0,0.0,70.0,72.0,43.0,0.0,16.0,10.0
3809,GRANDEUR_LPG,D,134.0,675.0,c1,d1,10.0,0.0,0.0,0.0,16.0,2.0,0.0,0.0,0.0,0.0,0.0,0.0,0.0,0.0,10.0,0.0,15.0,0.0,79.0,32.0,0.0,0.0,0.0,20.0
3810,GRANDEUR_LPG,E,242.0,675.0,c1,d1,10.0,3.0,11.0,0.0,15.0,23.0,40.0,0.0,18.0,3.0,10.0,0.0,20.0,15.0,10.0,15.0,15.0,10.0,80.0,18.0,20.0,2.0,24.0,10.0
3811,GRANDEUR_LPG,D,246.0,675.0,c1,d1,10.0,3.0,11.0,0.0,16.0,2.0,40.0,0.0,30.0,3.0,10.0,20.0,20.0,15.0,10.0,0.0,15.0,0.0,79.0,32.0,0.0,0.0,0.0,20.0
3812,GRANDEUR_LPG,D,190.0,675.0,c1,d1,10.0,0.0,0.0,0.0,10.0,8.0,0.0,0.0,0.0,0.0,0.0,0.0,0.0,0.0,10.0,15.0,15.0,10.0,42.0,42.0,37.0,0.0,21.0,20.0
3813,GRANDEUR_LPG,D,234.0,675.0,c1,d1,10.0,3.0,15.0,8.0,6.0,2.0,40.0,0.0,0.0,0.0,0.0,0.0,20.0,15.0,7.0,0.0,15.0,0.0,73.0,50.0,0.0,0.0,0.0,10.0
3815,GRANDEUR_LPG,D,240.0,675.0,c1,d1,10.0,3.0,11.0,0.0,4.0,21.0,40.0,0.0,30.0,3.0,10.0,20.0,20.0,15.0,10.0,0.0,15.0,10.0,28.0,10.0,44.0,0.0,16.0,10.0
3817,GRANDEUR_LPG,D,272.0,675.0,c1,d1,10.0,3.0,11.0,0.0,10.0,8.0,22.0,0.0,30.0,3.0,10.0,20.0,8.0,15.0,10.0,15.0,15.0,10.0,42.0,42.0,37.0,0.0,21.0,20.0
3840,GRANDEUR_LPG,E,-15.0,675.0,c1,d1,0.0,0.0,0.0,0.0,0.0,0.0,0.0,0.0,0.0,0.0,0.0,0.0,0.0,0.0,10.0,,15.0,,0.0,11.0,29.0,0.0,0.0,0.0
3844,GRANDEUR_LPG,E,-15.0,675.0,c1,d1,0.0,0.0,0.0,0.0,0.0,0.0,0.0,0.0,0.0,0.0,0.0,0.0,0.0,0.0,10.0,,15.0,,0.0,11.0,29.0,0.0,0.0,0.0
3846,GRANDEUR_LPG,E,-10.0,675.0,c1,d1,0.0,0.0,0.0,0.0,0.0,0.0,0.0,0.0,0.0,0.0,0.0,0.0,0.0,0.0,10.0,,15.0,,0.0,0.0,45.0,0.0,0.0,0.0
3850,GRANDEUR_LPG,D,215.0,675.0,c1,d1,10.0,0.0,0.0,0.0,12.0,21.0,0.0,0.0,0.0,0.0,0.0,0.0,0.0,0.0,10.0,15.0,15.0,0.0,61.0,40.0,43.0,0.0,18.0,20.0
3851,GRANDEUR_LPG,E,-10.0,675.0,c1,d1,0.0,0.0,0.0,0.0,0.0,0.0,0.0,0.0,0.0,0.0,0.0,0.0,0.0,0.0,10.0,,15.0,,0.0,0.0,45.0,0.0,0.0,0.0
3855,GRANDEUR_LPG,E,309.0,675.0,c1,d1,10.0,25.0,11.0,0.0,12.0,21.0,0.0,0.0,30.0,3.0,10.0,0.0,0.0,15.0,10.0,15.0,15.0,0.0,61.0,40.0,43.0,0.0,18.0,20.0
3869,GRANDEUR_LPG,D,239.0,675.0,c1,d1,10.0,3.0,11.0,8.0,20.0,4.0,22.0,0.0,30.0,0.0,10.0,20.0,4.0,15.0,10.0,0.0,15.0,0.0,80.0,0.0,0.0,0.0,27.0,10.0
3906,GRANDEUR_LPG,D,187.0,675.0,c1,d1,10.0,0.0,0.0,0.0,11.0,8.0,0.0,0.0,0.0,0.0,0.0,0.0,0.0,0.0,7.0,0.0,15.0,0.0,58.0,62.0,29.0,0.0,17.0,20.0
3907,GRANDEUR_LPG,D,269.0,675.0,c1,d1,10.0,3.0,11.0,0.0,11.0,8.0,22.0,0.0,30.0,3.0,10.0,20.0,8.0,15.0,7.0,0.0,15.0,0.0,58.0,62.0,29.0,0.0,17.0,20.0
3908,GRANDEUR_LPG,D,215.0,675.0,c1,d1,10.0,0.0,0.0,0.0,7.0,8.0,0.0,0.0,0.0,0.0,0.0,0.0,0.0,0.0,10.0,0.0,15.0,0.0,62.0,74.0,42.0,0.0,17.0,20.0
3909,GRANDEUR_LPG,E,269.0,675.0,c1,d1,10.0,3.0,11.0,0.0,7.0,8.0,22.0,0.0,30.0,3.0,10.0,0.0,0.0,15.0,10.0,0.0,15.0,0.0,62.0,74.0,42.0,0.0,17.0,20.0
3928,GRANDEUR_LPG,E,123.0,675.0,c1,d1,10.0,3.0,7.0,0.0,1.0,8.0,22.0,0.0,0.0,3.0,10.0,0.0,0.0,15.0,10.0,0.0,15.0,0.0,44.0,66.0,48.0,0.0,21.0,10.0
3932,GRANDEUR_LPG,D,199.0,675.0,c1,d1,10.0,0.0,0.0,0.0,5.0,10.0,0.0,0.0,0.0,0.0,0.0,0.0,0.0,0.0,10.0,0.0,15.0,0.0,80.0,71.0,8.0,0.0,20.0,20.0
3933,GRANDEUR_LPG,D,303.0,675.0,c1,d1,10.0,3.0,11.0,0.0,5.0,10.0,40.0,0.0,30.0,3.0,10.0,12.0,20.0,15.0,10.0,0.0,15.0,0.0,80.0,71.0,8.0,0.0,20.0,20.0
3935,GRANDEUR_LPG,D,186.0,675.0,c1,d1,10.0,0.0,0.0,0.0,9.0,8.0,0.0,0.0,0.0,0.0,0.0,0.0,0.0,0.0,10.0,0.0,15.0,10.0,46.0,51.0,40.0,0.0,17.0,20.0
3936,GRANDEUR_LPG,D,287.0,675.0,c1,d1,10.0,3.0,0.0,0.0,9.0,8.0,40.0,0.0,30.0,3.0,10.0,20.0,20.0,15.0,10.0,0.0,15.0,10.0,46.0,51.0,40.0,0.0,17.0,20.0
3941,GRANDEUR_LPG,D,307.0,675.0,c1,d1,10.0,3.0,15.0,0.0,16.0,8.0,40.0,0.0,30.0,3.0,10.0,20.0,20.0,15.0,10.0,0.0,15.0,0.0,58.0,51.0,43.0,0.0,20.0,10.0
3946,GRANDEUR_LPG,D,123.0,675.0,c1,d1,10.0,0.0,0.0,0.0,11.0,4.0,0.0,0.0,0.0,0.0,0.0,0.0,0.0,0.0,7.0,0.0,15.0,0.0,56.0,0.0,0.0,20.0,30.0,20.0
3948,GRANDEUR_LPG,D,289.0,675.0,c1,d1,10.0,25.0,3.0,0.0,11.0,4.0,40.0,0.0,30.0,3.0,10.0,20.0,20.0,15.0,7.0,0.0,15.0,0.0,56.0,0.0,0.0,20.0,30.0,20.0
3950,GRANDEUR_LPG,D,197.0,675.0,c1,d1,10.0,0.0,0.0,0.0,15.0,8.0,0.0,0.0,0.0,0.0,0.0,0.0,0.0,0.0,10.0,0.0,15.0,0.0,55.0,50.0,45.0,0.0,19.0,20.0
3954,GRANDEUR_LPG,D,275.0,675.0,c1,d1,10.0,3.0,7.0,0.0,15.0,8.0,22.0,0.0,30.0,3.0,10.0,20.0,8.0,15.0,10.0,0.0,15.0,0.0,55.0,50.0,45.0,0.0,19.0,20.0
3977,GRANDEUR_LPG,D,253.0,675.0,c1,d1,10.0,3.0,11.0,8.0,20.0,4.0,22.0,0.0,30.0,3.0,10.0,0.0,12.0,15.0,10.0,0.0,15.0,0.0,80.0,15.0,0.0,0.0,15.0,10.0
3991,GRANDEUR_LPG,D,205.0,675.0,c1,d1,10.0,3.0,11.0,0.0,16.0,2.0,22.0,0.0,30.0,3.0,10.0,20.0,12.0,15.0,10.0,0.0,15.0,0.0,80.0,26.0,0.0,0.0,0.0,10.0
4002,GRANDEUR_LPG,D,151.0,675.0,c1,d1,10.0,0.0,0.0,0.0,20.0,2.0,0.0,0.0,0.0,0.0,0.0,0.0,0.0,0.0,10.0,0.0,15.0,0.0,80.0,7.0,8.0,1.0,28.0,20.0
4004,GRANDEUR_LPG,D,310.0,675.0,c1,d1,10.0,3.0,0.0,8.0,20.0,2.0,40.0,0.0,30.0,3.0,10.0,20.0,20.0,15.0,10.0,0.0,15.0,0.0,80.0,7.0,8.0,1.0,28.0,20.0
4007,GRANDEUR_LPG,D,304.0,675.0,c1,d1,10.0,3.0,11.0,8.0,16.0,2.0,10.0,0.0,30.0,3.0,10.0,20.0,8.0,15.0,10.0,0.0,15.0,0.0,80.0,83.0,0.0,0.0,0.0,10.0
4010,GRANDEUR_LPG,D,245.0,675.0,c1,d1,10.0,3.0,11.0,0.0,3.0,8.0,22.0,0.0,30.0,3.0,10.0,12.0,8.0,15.0,10.0,0.0,15.0,0.0,51.0,69.0,29.0,0.0,16.0,10.0
4011,GRANDEUR_LPG,D,243.0,675.0,c1,d1,10.0,3.0,11.0,0.0,4.0,10.0,22.0,0.0,30.0,3.0,10.0,0.0,16.0,15.0,10.0,0.0,15.0,0.0,55.0,70.0,18.0,0.0,21.0,10.0
4016,GRANDEUR_LPG,D,255.0,675.0,c1,d1,10.0,0.0,0.0,30.0,3.0,2.0,0.0,0.0,30.0,3.0,10.0,20.0,0.0,0.0,7.0,0.0,15.0,0.0,72.0,8.0,11.0,0.0,24.0,10.0
4020,GRANDEUR_LPG,D,159.0,675.0,c1,d1,10.0,0.0,0.0,0.0,16.0,2.0,0.0,0.0,0.0,0.0,0.0,0.0,0.0,0.0,10.0,0.0,15.0,0.0,79.0,0.0,33.0,1.0,23.0,20.0
4025,GRANDEUR_LPG,D,303.0,675.0,c1,d1,10.0,3.0,15.0,8.0,16.0,2.0,22.0,0.0,30.0,3.0,10.0,20.0,8.0,15.0,10.0,0.0,15.0,0.0,79.0,0.0,33.0,1.0,23.0,20.0
4032,GRANDEUR_LPG,D,373.0,675.0,c1,d1,10.0,25.0,11.0,0.0,4.0,10.0,40.0,0.0,30.0,3.0,10.0,20.0,20.0,15.0,10.0,0.0,15.0,0.0,57.0,53.0,50.0,5.0,25.0,10.0
4062,GRANDEUR_LPG,E,154.0,675.0,c1,d1,0.0,3.0,15.0,0.0,10.0,8.0,22.0,0.0,0.0,0.0,0.0,0.0,20.0,15.0,10.0,0.0,15.0,0.0,80.0,0.0,16.0,0.0,20.0,10.0
4076,GRANDEUR_LPG,D,149.0,675.0,c1,d1,0.0,0.0,0.0,0.0,11.0,4.0,0.0,0.0,0.0,0.0,0.0,0.0,0.0,0.0,10.0,0.0,15.0,0.0,77.0,22.0,0.0,20.0,30.0,10.0
4077,GRANDEUR_LPG,D,252.0,675.0,c1,d1,0.0,3.0,7.0,8.0,11.0,4.0,40.0,0.0,0.0,0.0,0.0,0.0,20.0,15.0,10.0,0.0,15.0,0.0,77.0,22.0,0.0,20.0,30.0,10.0
4083,GRANDEUR_LPG,D,190.0,675.0,c1,d1,10.0,0.0,0.0,0.0,20.0,2.0,0.0,0.0,0.0,0.0,0.0,0.0,0.0,0.0,10.0,0.0,15.0,0.0,80.0,83.0,0.0,0.0,0.0,20.0
4084,GRANDEUR_LPG,E,294.0,675.0,c1,d1,10.0,3.0,15.0,8.0,20.0,2.0,10.0,0.0,30.0,3.0,10.0,0.0,0.0,15.0,10.0,0.0,15.0,0.0,80.0,83.0,0.0,0.0,0.0,20.0
4088,GRANDEUR_LPG,D,132.0,675.0,c1,d1,10.0,0.0,0.0,0.0,0.0,2.0,0.0,0.0,0.0,0.0,0.0,0.0,0.0,0.0,7.0,0.0,15.0,0.0,80.0,44.0,0.0,0.0,4.0,20.0
4089,GRANDEUR_LPG,D,147.0,675.0,c1,d1,10.0,0.0,0.0,0.0,11.0,4.0,0.0,0.0,0.0,0.0,0.0,0.0,0.0,0.0,7.0,0.0,15.0,0.0,80.0,0.0,0.0,20.0,30.0,20.0
4090,GRANDEUR_LPG,D,313.0,675.0,c1,d1,10.0,3.0,7.0,8.0,11.0,4.0,40.0,0.0,30.0,3.0,10.0,20.0,20.0,15.0,7.0,0.0,15.0,0.0,80.0,0.0,0.0,20.0,30.0,20.0
4091,GRANDEUR_LPG,D,298.0,675.0,c1,d1,10.0,3.0,7.0,8.0,0.0,2.0,40.0,0.0,30.0,3.0,10.0,20.0,20.0,15.0,7.0,0.0,15.0,0.0,80.0,44.0,0.0,0.0,4.0,20.0
4100,GRANDEUR_LPG,D,262.0,675.0,c1,d1,10.0,3.0,11.0,8.0,20.0,4.0,10.0,0.0,30.0,3.0,10.0,0.0,8.0,15.0,10.0,0.0,15.0,0.0,80.0,55.0,0.0,0.0,0.0,10.0
4108,GRANDEUR_LPG,D,217.0,675.0,c1,d1,10.0,3.0,11.0,0.0,9.0,8.0,22.0,0.0,30.0,3.0,10.0,20.0,8.0,15.0,10.0,0.0,15.0,0.0,42.0,48.0,17.0,0.0,16.0,10.0
4111,GRANDEUR_LPG,D,220.0,675.0,c1,d1,10.0,3.0,11.0,0.0,14.0,8.0,22.0,0.0,30.0,3.0,10.0,0.0,4.0,15.0,10.0,0.0,15.0,10.0,49.0,42.0,28.0,0.0,16.0,10.0
4112,GRANDEUR_LPG,D,133.0,675.0,c1,d1,10.0,0.0,0.0,0.0,6.0,21.0,0.0,0.0,0.0,0.0,0.0,0.0,0.0,0.0,10.0,0.0,15.0,0.0,32.0,10.0,42.0,0.0,17.0,20.0
4113,GRANDEUR_LPG,D,203.0,675.0,c1,d1,10.0,3.0,7.0,0.0,6.0,21.0,10.0,0.0,30.0,3.0,10.0,20.0,12.0,15.0,10.0,0.0,15.0,0.0,32.0,10.0,42.0,0.0,17.0,20.0
4114,GRANDEUR_LPG,D,269.0,675.0,c1,d1,10.0,3.0,11.0,0.0,11.0,8.0,40.0,0.0,30.0,3.0,10.0,20.0,20.0,15.0,10.0,15.0,15.0,10.0,34.0,27.0,36.0,0.0,21.0,10.0
4135,GRANDEUR_LPG,D,348.0,675.0,c1,d1,10.0,3.0,11.0,8.0,6.0,2.0,40.0,0.0,30.0,3.0,10.0,20.0,20.0,15.0,7.0,0.0,15.0,0.0,80.0,98.0,0.0,0.0,0.0,10.0
4137,GRANDEUR_LPG,D,170.0,675.0,c1,d1,10.0,0.0,0.0,0.0,0.0,8.0,0.0,0.0,0.0,0.0,0.0,0.0,0.0,0.0,10.0,0.0,15.0,0.0,58.0,83.0,9.0,0.0,7.0,20.0
4139,GRANDEUR_LPG,D,256.0,675.0,c1,d1,10.0,3.0,11.0,0.0,0.0,8.0,22.0,0.0,30.0,3.0,10.0,20.0,12.0,15.0,10.0,0.0,15.0,0.0,58.0,83.0,9.0,0.0,7.0,20.0
4147,GRANDEUR_LPG,D,115.0,675.0,c1,d1,10.0,0.0,0.0,0.0,3.0,8.0,0.0,0.0,0.0,0.0,0.0,0.0,0.0,0.0,10.0,0.0,15.0,0.0,18.0,31.0,34.0,0.0,16.0,20.0
4149,GRANDEUR_LPG,D,231.0,675.0,c1,d1,10.0,3.0,15.0,0.0,3.0,8.0,40.0,0.0,30.0,3.0,10.0,20.0,20.0,15.0,10.0,0.0,15.0,0.0,18.0,31.0,34.0,0.0,16.0,20.0
4154,GRANDEUR_LPG,D,318.0,675.0,c1,d1,10.0,25.0,11.0,30.0,10.0,13.0,0.0,0.0,30.0,3.0,10.0,0.0,4.0,15.0,10.0,15.0,15.0,10.0,53.0,0.0,27.0,0.0,17.0,10.0
4156,GRANDEUR_LPG,E,274.0,675.0,c1,d1,10.0,3.0,11.0,0.0,10.0,8.0,40.0,0.0,30.0,3.0,10.0,20.0,20.0,15.0,10.0,0.0,15.0,0.0,41.0,41.0,51.0,0.0,16.0,10.0
4167,GRANDEUR_LPG,D,207.0,675.0,c1,d1,10.0,3.0,0.0,0.0,0.0,8.0,0.0,0.0,30.0,3.0,10.0,0.0,4.0,15.0,10.0,0.0,15.0,0.0,76.0,100.0,3.0,0.0,0.0,10.0
4190,GRANDEUR_LPG,D,130.0,675.0,c1,d1,10.0,3.0,15.0,0.0,5.0,21.0,10.0,0.0,0.0,0.0,0.0,0.0,4.0,15.0,10.0,0.0,15.0,0.0,27.0,8.0,47.0,0.0,20.0,10.0
4193,GRANDEUR_LPG,E,129.0,675.0,c1,d1,10.0,0.0,0.0,0.0,20.0,2.0,0.0,0.0,0.0,0.0,0.0,0.0,0.0,0.0,10.0,0.0,15.0,0.0,80.0,10.0,0.0,0.0,12.0,20.0
4194,GRANDEUR_LPG,E,299.0,675.0,c1,d1,10.0,3.0,11.0,8.0,20.0,2.0,40.0,0.0,30.0,3.0,10.0,20.0,20.0,15.0,10.0,0.0,15.0,0.0,80.0,10.0,0.0,0.0,12.0,20.0
4195,GRANDEUR_LPG,D,151.0,675.0,c1,d1,10.0,0.0,0.0,0.0,1.0,4.0,0.0,0.0,0.0,0.0,0.0,0.0,0.0,0.0,10.0,0.0,15.0,0.0,80.0,50.0,0.0,0.0,11.0,20.0
4196,GRANDEUR_LPG,D,271.0,675.0,c1,d1,10.0,3.0,11.0,8.0,1.0,4.0,10.0,0.0,30.0,3.0,10.0,0.0,20.0,15.0,10.0,0.0,15.0,0.0,80.0,50.0,0.0,0.0,11.0,20.0
4200,GRANDEUR_LPG,D,271.0,675.0,c1,d1,10.0,3.0,7.0,0.0,7.0,21.0,40.0,0.0,30.0,3.0,10.0,20.0,20.0,15.0,10.0,15.0,15.0,0.0,50.0,34.0,25.0,0.0,16.0,10.0
4207,GRANDEUR_LPG,D,191.0,675.0,c1,d1,10.0,0.0,0.0,0.0,10.0,21.0,0.0,0.0,0.0,0.0,0.0,0.0,0.0,0.0,10.0,0.0,15.0,10.0,54.0,31.0,41.0,0.0,19.0,20.0
4208,GRANDEUR_LPG,D,301.0,675.0,c1,d1,10.0,25.0,11.0,0.0,10.0,21.0,0.0,0.0,30.0,3.0,10.0,12.0,4.0,15.0,10.0,0.0,15.0,10.0,54.0,31.0,41.0,0.0,19.0,20.0
4209,GRANDEUR_LPG,D,252.0,675.0,c1,d1,10.0,3.0,7.0,8.0,3.0,2.0,22.0,0.0,30.0,3.0,10.0,0.0,8.0,15.0,10.0,0.0,15.0,0.0,80.0,56.0,0.0,0.0,0.0,10.0
4210,GRANDEUR_LPG,D,152.0,675.0,c1,d1,10.0,0.0,0.0,0.0,15.0,2.0,0.0,0.0,0.0,0.0,0.0,0.0,0.0,0.0,10.0,0.0,15.0,0.0,80.0,50.0,0.0,0.0,0.0,20.0
4211,GRANDEUR_LPG,D,263.0,675.0,c1,d1,10.0,6.0,7.0,0.0,15.0,2.0,40.0,0.0,30.0,3.0,10.0,20.0,20.0,15.0,10.0,0.0,15.0,0.0,80.0,50.0,0.0,0.0,0.0,20.0
4243,GRANDEUR_LPG,D,270.0,675.0,c1,d1,10.0,3.0,11.0,8.0,16.0,2.0,0.0,0.0,30.0,3.0,10.0,0.0,4.0,15.0,10.0,0.0,15.0,0.0,80.0,83.0,0.0,0.0,0.0,10.0
4253,GRANDEUR_LPG,E,132.0,675.0,c1,d1,0.0,3.0,15.0,0.0,9.0,8.0,22.0,0.0,0.0,0.0,0.0,0.0,12.0,15.0,10.0,0.0,15.0,0.0,80.0,0.0,9.0,0.0,14.0,10.0
4256,GRANDEUR_LPG,E,132.0,675.0,c1,d1,0.0,3.0,15.0,0.0,9.0,8.0,22.0,0.0,0.0,0.0,0.0,0.0,12.0,15.0,10.0,0.0,15.0,0.0,80.0,0.0,9.0,0.0,14.0,10.0
4279,GRANDEUR_LPG,D,253.0,675.0,c1,d1,10.0,3.0,15.0,0.0,12.0,21.0,22.0,0.0,30.0,3.0,10.0,20.0,4.0,15.0,10.0,0.0,15.0,10.0,50.0,18.0,48.0,0.0,17.0,10.0
4285,GRANDEUR_LPG,D,247.0,675.0,c1,d1,10.0,3.0,0.0,8.0,11.0,2.0,22.0,0.0,30.0,3.0,10.0,0.0,4.0,15.0,7.0,0.0,15.0,0.0,80.0,50.0,0.0,0.0,7.0,10.0
4287,GRANDEUR_LPG,D,275.0,675.0,c1,d1,10.0,3.0,11.0,0.0,8.0,21.0,40.0,0.0,30.0,3.0,10.0,20.0,20.0,15.0,10.0,0.0,15.0,0.0,43.0,18.0,59.0,0.0,19.0,10.0
4299,GRANDEUR_LPG,D,222.0,675.0,c1,d1,10.0,25.0,11.0,0.0,4.0,21.0,22.0,0.0,30.0,3.0,10.0,20.0,8.0,15.0,7.0,0.0,15.0,0.0,30.0,14.0,40.0,0.0,17.0,0.0
4302,GRANDEUR_LPG,D,287.0,675.0,c1,d1,10.0,3.0,11.0,0.0,9.0,8.0,40.0,0.0,30.0,3.0,10.0,20.0,20.0,15.0,10.0,0.0,15.0,0.0,43.0,47.0,57.0,0.0,16.0,10.0
4337,GRANDEUR_LPG,D,298.0,675.0,c1,d1,10.0,3.0,11.0,0.0,3.0,6.0,22.0,0.0,30.0,0.0,10.0,20.0,4.0,15.0,10.0,0.0,15.0,0.0,80.0,100.0,13.0,16.0,30.0,10.0
4345,GRANDEUR_LPG,D,184.0,675.0,c1,d1,10.0,3.0,11.0,0.0,3.0,21.0,10.0,0.0,30.0,3.0,10.0,20.0,4.0,15.0,10.0,0.0,15.0,0.0,12.0,0.0,68.0,0.0,19.0,10.0
4346,GRANDEUR_LPG,D,232.0,675.0,c1,d1,10.0,3.0,11.0,0.0,0.0,23.0,40.0,0.0,30.0,3.0,10.0,20.0,20.0,15.0,10.0,0.0,15.0,0.0,37.0,31.0,13.0,0.0,21.0,10.0
4353,GRANDEUR_LPG,E,292.0,675.0,c1,d1,0.0,25.0,15.0,10.0,8.0,10.0,40.0,0.0,0.0,0.0,0.0,0.0,20.0,15.0,10.0,0.0,15.0,10.0,0.0,0.0,69.0,8.0,27.0,10.0
4357,GRANDEUR_LPG,E,293.0,675.0,c1,d1,0.0,25.0,15.0,10.0,20.0,23.0,10.0,0.0,0.0,0.0,0.0,0.0,12.0,15.0,10.0,15.0,15.0,10.0,0.0,0.0,68.0,8.0,27.0,10.0
4367,GRANDEUR_LPG,D,273.0,675.0,c1,d1,10.0,3.0,7.0,8.0,6.0,2.0,22.0,0.0,30.0,3.0,10.0,20.0,16.0,15.0,10.0,0.0,15.0,0.0,80.0,46.0,0.0,0.0,0.0,10.0
4391,GRANDEUR_LPG,D,256.0,675.0,c1,d1,10.0,3.0,11.0,0.0,12.0,8.0,40.0,0.0,30.0,0.0,10.0,20.0,20.0,15.0,10.0,0.0,15.0,0.0,59.0,60.0,15.0,0.0,18.0,10.0
4412,GRANDEUR_LPG,D,264.0,675.0,c1,d1,10.0,0.0,0.0,30.0,1.0,8.0,0.0,0.0,30.0,3.0,10.0,20.0,0.0,0.0,10.0,0.0,15.0,0.0,20.0,42.0,37.0,0.0,18.0,10.0
4413,GRANDEUR_LPG,D,283.0,675.0,c1,d1,10.0,3.0,11.0,0.0,3.0,8.0,40.0,0.0,30.0,3.0,10.0,20.0,20.0,15.0,10.0,0.0,15.0,0.0,72.0,93.0,0.0,0.0,0.0,10.0
4416,GRANDEUR_LPG,D,377.0,675.0,c1,d1,10.0,25.0,15.0,30.0,2.0,21.0,40.0,0.0,30.0,3.0,10.0,20.0,20.0,15.0,10.0,0.0,15.0,0.0,23.0,11.0,49.0,0.0,18.0,10.0
4420,GRANDEUR_LPG,D,264.0,675.0,c1,d1,10.0,3.0,7.0,8.0,0.0,2.0,10.0,0.0,30.0,3.0,10.0,20.0,8.0,15.0,7.0,0.0,15.0,0.0,80.0,46.0,3.0,0.0,17.0,10.0
4424,GRANDEUR_LPG,D,260.0,675.0,c1,d1,10.0,3.0,11.0,8.0,16.0,2.0,10.0,0.0,30.0,3.0,10.0,0.0,4.0,15.0,10.0,0.0,15.0,0.0,80.0,63.0,0.0,0.0,0.0,10.0
4431,GRANDEUR_LPG,D,337.0,675.0,c1,d1,10.0,3.0,11.0,0.0,20.0,12.0,40.0,0.0,30.0,3.0,10.0,20.0,20.0,15.0,10.0,15.0,15.0,0.0,80.0,23.0,37.0,13.0,30.0,10.0
4436,GRANDEUR_LPG,D,222.0,675.0,c1,d1,10.0,3.0,11.0,8.0,0.0,2.0,40.0,0.0,30.0,3.0,10.0,20.0,20.0,15.0,7.0,0.0,15.0,0.0,43.0,15.0,0.0,0.0,0.0,10.0
4438,GRANDEUR_LPG,D,288.0,675.0,c1,d1,10.0,3.0,11.0,8.0,18.0,4.0,22.0,0.0,30.0,3.0,10.0,0.0,16.0,15.0,10.0,0.0,15.0,0.0,80.0,61.0,0.0,0.0,2.0,10.0
4451,GV60,D,216.0,675.0,c1,d1,10.0,0.0,0.0,0.0,11.0,21.0,0.0,0.0,0.0,0.0,0.0,0.0,0.0,0.0,10.0,15.0,15.0,0.0,66.0,83.0,0.0,0.0,25.0,10.0
4452,GV60,D,267.0,675.0,c1,d1,10.0,0.0,0.0,0.0,8.0,19.0,0.0,0.0,0.0,0.0,0.0,0.0,0.0,0.0,10.0,15.0,15.0,0.0,66.0,68.0,46.0,20.0,30.0,10.0
4453,GV60,D,320.0,675.0,c1,d1,10.0,3.0,11.0,0.0,11.0,21.0,40.0,0.0,30.0,3.0,10.0,12.0,20.0,15.0,10.0,15.0,15.0,0.0,66.0,83.0,0.0,0.0,25.0,10.0
4454,GV60,C,446.0,675.0,c1,d1,10.0,12.0,11.0,30.0,8.0,19.0,10.0,0.0,30.0,3.0,10.0,0.0,8.0,15.0,10.0,15.0,15.0,0.0,66.0,68.0,46.0,20.0,30.0,10.0
4455,GV60,D,175.0,675.0,c1,d1,10.0,0.0,0.0,0.0,8.0,10.0,0.0,0.0,0.0,0.0,0.0,0.0,0.0,0.0,10.0,15.0,15.0,0.0,32.0,50.0,24.0,11.0,30.0,10.0
4456,GV60,D,280.0,675.0,c1,d1,10.0,3.0,11.0,0.0,13.0,2.0,22.0,0.0,30.0,3.0,10.0,20.0,20.0,15.0,10.0,15.0,15.0,0.0,66.0,74.0,0.0,0.0,21.0,10.0
4457,GV60,D,245.0,675.0,c1,d1,10.0,3.0,11.0,0.0,7.0,2.0,22.0,0.0,30.0,3.0,10.0,20.0,8.0,15.0,10.0,15.0,15.0,0.0,32.0,33.0,42.0,7.0,30.0,10.0
4458,GV60,C,433.0,675.0,c1,d1,10.0,25.0,15.0,30.0,8.0,10.0,40.0,0.0,30.0,3.0,10.0,20.0,20.0,15.0,10.0,15.0,15.0,0.0,32.0,50.0,24.0,11.0,30.0,10.0
4459,GV60,D,294.0,675.0,c1,d1,10.0,3.0,11.0,0.0,10.0,2.0,40.0,0.0,30.0,3.0,10.0,20.0,20.0,15.0,10.0,0.0,15.0,10.0,57.0,64.0,14.0,0.0,30.0,10.0
4460,GV60,D,138.0,675.0,c1,d1,10.0,0.0,0.0,0.0,9.0,2.0,0.0,0.0,0.0,0.0,0.0,0.0,0.0,0.0,10.0,15.0,15.0,0.0,24.0,0.0,50.0,13.0,30.0,10.0
4461,GV60,D,392.0,675.0,c1,d1,10.0,25.0,11.0,30.0,9.0,2.0,40.0,0.0,30.0,3.0,10.0,20.0,20.0,15.0,10.0,15.0,15.0,0.0,24.0,0.0,50.0,13.0,30.0,10.0
4462,GV60,D,231.0,675.0,c1,d1,10.0,0.0,0.0,0.0,20.0,21.0,0.0,0.0,0.0,0.0,0.0,0.0,0.0,0.0,3.0,15.0,15.0,0.0,51.0,55.0,43.0,8.0,30.0,10.0
4463,GV60,D,343.0,675.0,c1,d1,10.0,3.0,11.0,0.0,20.0,21.0,40.0,0.0,30.0,3.0,10.0,20.0,20.0,15.0,3.0,15.0,15.0,0.0,51.0,55.0,43.0,8.0,30.0,10.0
4464,GV60,D,179.0,675.0,c1,d1,10.0,0.0,0.0,0.0,2.0,4.0,0.0,0.0,0.0,0.0,0.0,0.0,0.0,0.0,10.0,15.0,15.0,0.0,66.0,0.0,47.0,20.0,30.0,10.0
4465,GV60,D,153.0,675.0,c1,d1,10.0,0.0,0.0,0.0,15.0,12.0,0.0,0.0,0.0,0.0,0.0,0.0,0.0,0.0,10.0,15.0,15.0,10.0,55.0,0.0,1.0,20.0,30.0,10.0
4466,GV60,C,433.0,675.0,c1,d1,10.0,25.0,11.0,30.0,2.0,4.0,40.0,0.0,30.0,3.0,10.0,20.0,20.0,15.0,10.0,15.0,15.0,0.0,66.0,0.0,47.0,20.0,30.0,10.0
4467,GV60,D,389.0,675.0,c1,d1,10.0,25.0,11.0,30.0,15.0,12.0,22.0,0.0,30.0,3.0,10.0,20.0,20.0,15.0,10.0,15.0,15.0,10.0,55.0,0.0,1.0,20.0,30.0,10.0
4468,GV60,D,239.0,675.0,c1,d1,10.0,3.0,11.0,0.0,7.0,10.0,0.0,0.0,30.0,3.0,10.0,0.0,0.0,15.0,10.0,15.0,15.0,0.0,80.0,100.0,0.0,0.0,0.0,10.0
4469,GV60,C,415.0,675.0,c1,d1,10.0,24.0,15.0,30.0,10.0,2.0,10.0,0.0,30.0,3.0,10.0,20.0,16.0,15.0,10.0,15.0,15.0,0.0,77.0,93.0,0.0,0.0,0.0,10.0
4470,GV60,D,229.0,675.0,c1,d1,10.0,0.0,0.0,0.0,20.0,12.0,0.0,0.0,0.0,0.0,0.0,0.0,0.0,0.0,10.0,15.0,15.0,0.0,77.0,0.0,60.0,20.0,30.0,10.0
4471,GV60,C,465.0,675.0,c1,d1,10.0,25.0,11.0,30.0,20.0,12.0,22.0,0.0,30.0,3.0,10.0,20.0,20.0,15.0,10.0,15.0,15.0,0.0,77.0,0.0,60.0,20.0,30.0,10.0
4472,GV60,D,181.0,675.0,c1,d1,10.0,0.0,0.0,0.0,6.0,21.0,0.0,0.0,0.0,0.0,0.0,0.0,0.0,0.0,10.0,15.0,15.0,0.0,27.0,37.0,39.0,11.0,30.0,10.0
4473,GV60,D,267.0,675.0,c1,d1,10.0,3.0,11.0,0.0,6.0,21.0,22.0,0.0,30.0,3.0,10.0,20.0,12.0,15.0,10.0,15.0,15.0,0.0,27.0,37.0,39.0,11.0,30.0,10.0
4474,GV60,D,192.0,675.0,c1,d1,10.0,0.0,0.0,0.0,11.0,10.0,0.0,0.0,0.0,0.0,0.0,0.0,0.0,0.0,7.0,15.0,15.0,0.0,62.0,59.0,10.0,3.0,30.0,10.0
4475,GV60,C,413.0,675.0,c1,d1,10.0,25.0,11.0,30.0,7.0,8.0,10.0,0.0,30.0,3.0,10.0,20.0,12.0,15.0,7.0,15.0,15.0,0.0,57.0,30.0,38.0,20.0,30.0,10.0
4476,GV60,C,424.0,675.0,c1,d1,10.0,25.0,11.0,30.0,11.0,10.0,22.0,0.0,30.0,3.0,10.0,20.0,16.0,15.0,7.0,15.0,15.0,0.0,62.0,59.0,10.0,3.0,30.0,10.0
4477,GV60,D,355.0,675.0,c1,d1,10.0,3.0,15.0,0.0,20.0,17.0,40.0,0.0,30.0,3.0,10.0,20.0,20.0,15.0,10.0,15.0,15.0,10.0,26.0,50.0,56.0,20.0,30.0,10.0
4478,GV60,D,264.0,675.0,c1,d1,10.0,3.0,11.0,0.0,7.0,2.0,22.0,0.0,30.0,3.0,10.0,20.0,20.0,15.0,7.0,15.0,15.0,0.0,43.0,50.0,24.0,7.0,30.0,10.0
4479,GV60,D,241.0,675.0,c1,d1,10.0,3.0,11.0,0.0,11.0,10.0,0.0,0.0,30.0,3.0,10.0,0.0,8.0,15.0,10.0,15.0,15.0,0.0,49.0,66.0,18.0,7.0,30.0,10.0
4480,GV60,D,193.0,675.0,c1,d1,10.0,0.0,0.0,0.0,15.0,10.0,0.0,0.0,0.0,0.0,0.0,0.0,0.0,0.0,10.0,0.0,15.0,0.0,49.0,61.0,24.0,9.0,30.0,10.0
4481,GV60,D,263.0,675.0,c1,d1,10.0,3.0,7.0,0.0,15.0,10.0,22.0,0.0,30.0,3.0,10.0,12.0,8.0,15.0,10.0,0.0,15.0,0.0,49.0,61.0,24.0,9.0,30.0,10.0
4482,GV60,D,391.0,675.0,c1,d1,10.0,25.0,11.0,30.0,13.0,2.0,0.0,0.0,30.0,3.0,10.0,20.0,0.0,15.0,7.0,15.0,15.0,0.0,37.0,28.0,70.0,10.0,30.0,10.0
4483,GV60,D,358.0,675.0,c1,d1,10.0,25.0,11.0,30.0,14.0,4.0,0.0,0.0,30.0,3.0,10.0,0.0,4.0,15.0,10.0,15.0,15.0,0.0,80.0,0.0,22.0,20.0,30.0,10.0
4484,GV60,D,168.0,675.0,c1,d1,10.0,0.0,0.0,0.0,6.0,2.0,0.0,0.0,0.0,0.0,0.0,0.0,0.0,0.0,10.0,0.0,15.0,10.0,65.0,79.0,0.0,0.0,11.0,10.0
4485,GV60,D,254.0,675.0,c1,d1,10.0,3.0,11.0,0.0,6.0,2.0,22.0,0.0,30.0,3.0,10.0,20.0,12.0,15.0,10.0,0.0,15.0,10.0,65.0,79.0,0.0,0.0,11.0,10.0
4486,GV60,D,294.0,675.0,c1,d1,10.0,3.0,11.0,0.0,13.0,2.0,40.0,0.0,30.0,3.0,10.0,20.0,20.0,15.0,7.0,15.0,15.0,0.0,63.0,69.0,1.0,0.0,27.0,10.0
4487,GV60,D,144.0,675.0,c1,d1,10.0,0.0,0.0,0.0,7.0,2.0,0.0,0.0,0.0,0.0,0.0,0.0,0.0,0.0,10.0,15.0,15.0,0.0,13.0,7.0,63.0,12.0,30.0,10.0
4488,GV60,D,252.0,675.0,c1,d1,10.0,3.0,7.0,0.0,7.0,2.0,40.0,0.0,30.0,3.0,10.0,20.0,20.0,15.0,10.0,15.0,15.0,0.0,13.0,7.0,63.0,12.0,30.0,10.0
4489,GV60,D,180.0,675.0,c1,d1,10.0,0.0,0.0,0.0,11.0,10.0,0.0,0.0,0.0,0.0,0.0,0.0,0.0,0.0,10.0,15.0,15.0,10.0,22.0,4.0,70.0,13.0,30.0,10.0
4490,GV60,D,212.0,675.0,c1,d1,10.0,0.0,0.0,0.0,9.0,15.0,0.0,0.0,0.0,0.0,0.0,0.0,0.0,0.0,10.0,0.0,15.0,0.0,54.0,54.0,37.0,18.0,30.0,10.0
4491,GV60,D,390.0,675.0,c1,d1,10.0,25.0,11.0,30.0,11.0,10.0,0.0,0.0,30.0,3.0,10.0,20.0,16.0,15.0,10.0,15.0,15.0,10.0,22.0,4.0,70.0,13.0,30.0,10.0
4492,GV60,D,412.0,675.0,c1,d1,10.0,25.0,15.0,30.0,4.0,2.0,22.0,0.0,30.0,3.0,10.0,12.0,20.0,15.0,10.0,15.0,15.0,0.0,51.0,36.0,33.0,14.0,30.0,10.0
4493,GV60,D,272.0,675.0,c1,d1,10.0,3.0,11.0,0.0,9.0,15.0,0.0,0.0,30.0,3.0,10.0,20.0,8.0,15.0,10.0,0.0,15.0,0.0,54.0,54.0,37.0,18.0,30.0,10.0
4494,GV60,D,203.0,675.0,c1,d1,0.0,3.0,11.0,0.0,0.0,2.0,10.0,0.0,30.0,3.0,10.0,0.0,4.0,15.0,7.0,0.0,15.0,0.0,60.0,79.0,4.0,0.0,30.0,10.0
4495,GV60,D,193.0,675.0,c1,d1,10.0,0.0,0.0,0.0,13.0,10.0,0.0,0.0,0.0,0.0,0.0,0.0,0.0,0.0,10.0,15.0,15.0,0.0,37.0,50.0,34.0,9.0,30.0,10.0
4496,GV60,D,390.0,675.0,c1,d1,10.0,24.0,11.0,30.0,13.0,10.0,0.0,0.0,30.0,3.0,10.0,20.0,4.0,15.0,10.0,15.0,15.0,0.0,37.0,50.0,34.0,9.0,30.0,10.0
4497,GV60,D,268.0,675.0,c1,d1,10.0,3.0,11.0,0.0,10.0,2.0,22.0,0.0,30.0,3.0,10.0,0.0,20.0,15.0,10.0,15.0,15.0,10.0,40.0,40.0,42.0,10.0,30.0,10.0
4498,GV60,D,199.0,675.0,c1,d1,10.0,0.0,0.0,0.0,20.0,21.0,0.0,0.0,0.0,0.0,0.0,0.0,0.0,0.0,3.0,15.0,15.0,0.0,43.0,42.0,29.0,11.0,30.0,10.0
4499,GV60,D,311.0,675.0,c1,d1,10.0,3.0,11.0,0.0,20.0,21.0,40.0,0.0,30.0,3.0,10.0,20.0,20.0,15.0,3.0,15.0,15.0,0.0,43.0,42.0,29.0,11.0,30.0,10.0
4500,GV60,D,275.0,675.0,c1,d1,10.0,3.0,11.0,0.0,10.0,10.0,22.0,0.0,30.0,3.0,10.0,12.0,12.0,15.0,10.0,15.0,15.0,0.0,26.0,37.0,66.0,8.0,30.0,10.0
4501,GV60,D,352.0,675.0,c1,d1,10.0,25.0,15.0,30.0,10.0,2.0,0.0,0.0,30.0,3.0,10.0,20.0,12.0,15.0,10.0,15.0,15.0,0.0,20.0,10.0,51.0,9.0,30.0,10.0
4502,GV60,D,102.0,675.0,c1,d1,10.0,0.0,0.0,0.0,12.0,10.0,0.0,0.0,0.0,0.0,0.0,0.0,0.0,0.0,10.0,15.0,15.0,0.0,0.0,0.0,28.0,12.0,30.0,10.0
4503,GV60,D,214.0,675.0,c1,d1,10.0,3.0,11.0,0.0,12.0,10.0,40.0,0.0,30.0,3.0,10.0,20.0,20.0,15.0,10.0,15.0,15.0,0.0,0.0,0.0,28.0,12.0,30.0,10.0
4504,GV60,D,176.0,675.0,c1,d1,10.0,0.0,0.0,0.0,5.0,10.0,0.0,0.0,0.0,0.0,0.0,0.0,0.0,0.0,10.0,15.0,15.0,0.0,44.0,66.0,11.0,0.0,30.0,10.0
4505,GV60,D,284.0,675.0,c1,d1,10.0,3.0,7.0,0.0,5.0,10.0,40.0,0.0,30.0,3.0,10.0,20.0,20.0,15.0,10.0,15.0,15.0,0.0,44.0,66.0,11.0,0.0,30.0,10.0
4506,GV60,D,213.0,675.0,c1,d1,10.0,0.0,0.0,0.0,10.0,10.0,0.0,0.0,0.0,0.0,0.0,0.0,0.0,0.0,10.0,15.0,15.0,0.0,53.0,71.0,21.0,8.0,30.0,10.0
4507,GV60,D,279.0,675.0,c1,d1,10.0,3.0,11.0,0.0,10.0,10.0,10.0,0.0,30.0,3.0,10.0,20.0,4.0,15.0,10.0,15.0,15.0,0.0,53.0,71.0,21.0,8.0,30.0,10.0
4508,GV60,D,196.0,675.0,c1,d1,10.0,0.0,0.0,0.0,20.0,10.0,0.0,0.0,0.0,0.0,0.0,0.0,0.0,0.0,10.0,15.0,15.0,0.0,42.0,47.0,26.0,11.0,30.0,10.0
4509,GV60,D,308.0,675.0,c1,d1,10.0,3.0,11.0,0.0,20.0,10.0,40.0,0.0,30.0,3.0,10.0,20.0,20.0,15.0,10.0,15.0,15.0,0.0,42.0,47.0,26.0,11.0,30.0,10.0
4510,GV60,D,190.0,675.0,c1,d1,10.0,0.0,0.0,0.0,8.0,2.0,0.0,0.0,0.0,0.0,0.0,0.0,0.0,0.0,10.0,0.0,15.0,0.0,49.0,56.0,41.0,9.0,30.0,10.0
4511,GV60,D,137.0,675.0,c1,d1,10.0,0.0,0.0,0.0,7.0,2.0,0.0,0.0,0.0,0.0,0.0,0.0,0.0,0.0,10.0,15.0,15.0,0.0,10.0,4.0,64.0,10.0,30.0,10.0
4512,GV60,D,219.0,675.0,c1,d1,10.0,3.0,7.0,0.0,7.0,2.0,22.0,0.0,30.0,3.0,10.0,20.0,12.0,15.0,10.0,15.0,15.0,0.0,10.0,4.0,64.0,10.0,30.0,10.0
4513,GV60,D,360.0,675.0,c1,d1,10.0,25.0,7.0,30.0,8.0,2.0,0.0,0.0,30.0,3.0,10.0,0.0,0.0,15.0,10.0,0.0,15.0,0.0,49.0,56.0,41.0,9.0,30.0,10.0
4514,GV60,D,201.0,675.0,c1,d1,10.0,0.0,0.0,0.0,11.0,10.0,0.0,0.0,0.0,0.0,0.0,0.0,0.0,0.0,10.0,15.0,15.0,0.0,34.0,48.0,48.0,10.0,30.0,10.0
4515,GV60,D,287.0,675.0,c1,d1,10.0,3.0,11.0,0.0,11.0,10.0,22.0,0.0,30.0,3.0,10.0,20.0,12.0,15.0,10.0,15.0,15.0,0.0,34.0,48.0,48.0,10.0,30.0,10.0
4516,GV60,D,276.0,675.0,c1,d1,10.0,3.0,11.0,0.0,9.0,2.0,22.0,0.0,30.0,3.0,10.0,20.0,12.0,15.0,10.0,15.0,15.0,0.0,76.0,93.0,0.0,0.0,0.0,10.0
4517,GV60,D,165.0,675.0,c1,d1,10.0,0.0,0.0,0.0,7.0,2.0,0.0,0.0,0.0,0.0,0.0,0.0,0.0,0.0,10.0,15.0,15.0,0.0,39.0,43.0,27.0,7.0,30.0,10.0
4518,GV60,D,277.0,675.0,c1,d1,10.0,3.0,11.0,0.0,7.0,2.0,40.0,0.0,30.0,3.0,10.0,20.0,20.0,15.0,10.0,15.0,15.0,0.0,39.0,43.0,27.0,7.0,30.0,10.0
4519,GV60,D,193.0,675.0,c1,d1,10.0,0.0,0.0,0.0,11.0,10.0,0.0,0.0,0.0,0.0,0.0,0.0,0.0,0.0,10.0,15.0,15.0,0.0,43.0,59.0,20.0,10.0,30.0,10.0
4520,GV60,D,305.0,675.0,c1,d1,10.0,3.0,11.0,0.0,11.0,10.0,40.0,0.0,30.0,3.0,10.0,20.0,20.0,15.0,10.0,15.0,15.0,0.0,43.0,59.0,20.0,10.0,30.0,10.0
4521,GV60,E,218.0,675.0,c1,d1,0.0,25.0,15.0,10.0,7.0,2.0,22.0,0.0,0.0,0.0,0.0,0.0,8.0,15.0,10.0,0.0,15.0,0.0,0.0,0.0,38.0,11.0,30.0,10.0
4522,GV60,D,171.0,675.0,c1,d1,10.0,0.0,0.0,0.0,10.0,2.0,0.0,0.0,0.0,0.0,0.0,0.0,0.0,0.0,10.0,15.0,15.0,0.0,54.0,61.0,4.0,0.0,30.0,10.0
4523,GV60,D,279.0,675.0,c1,d1,10.0,3.0,7.0,0.0,10.0,2.0,40.0,0.0,30.0,3.0,10.0,20.0,20.0,15.0,10.0,15.0,15.0,0.0,54.0,61.0,4.0,0.0,30.0,10.0
4524,GV60,D,181.0,675.0,c1,d1,10.0,0.0,0.0,0.0,10.0,2.0,0.0,0.0,0.0,0.0,0.0,0.0,0.0,0.0,10.0,0.0,15.0,0.0,69.0,81.0,2.0,0.0,22.0,10.0
4525,GV60,D,227.0,675.0,c1,d1,10.0,3.0,11.0,0.0,10.0,2.0,10.0,0.0,30.0,3.0,10.0,0.0,4.0,15.0,10.0,0.0,15.0,0.0,69.0,81.0,2.0,0.0,22.0,10.0
4526,GV60,D,394.0,675.0,c1,d1,10.0,21.0,11.0,30.0,7.0,15.0,10.0,0.0,30.0,3.0,10.0,0.0,8.0,15.0,10.0,0.0,15.0,0.0,44.0,43.0,52.0,20.0,30.0,10.0
4527,GV60,D,220.0,675.0,c1,d1,10.0,0.0,0.0,0.0,14.0,8.0,0.0,0.0,0.0,0.0,0.0,0.0,0.0,0.0,10.0,0.0,15.0,0.0,48.0,50.0,55.0,20.0,30.0,10.0
4528,GV60,E,365.0,675.0,c1,d1,10.0,22.0,11.0,30.0,14.0,8.0,22.0,0.0,18.0,3.0,10.0,0.0,4.0,15.0,10.0,0.0,15.0,0.0,48.0,50.0,55.0,20.0,30.0,10.0
4529,GV60,D,333.0,675.0,c1,d1,10.0,3.0,11.0,0.0,13.0,10.0,40.0,0.0,30.0,3.0,10.0,20.0,20.0,15.0,10.0,15.0,15.0,0.0,56.0,50.0,39.0,13.0,30.0,10.0
4530,GV60,D,215.0,675.0,c1,d1,10.0,0.0,0.0,0.0,11.0,10.0,0.0,0.0,0.0,0.0,0.0,0.0,0.0,0.0,10.0,15.0,15.0,0.0,45.0,61.0,38.0,10.0,30.0,10.0
4531,GV60,D,327.0,675.0,c1,d1,10.0,3.0,11.0,0.0,11.0,10.0,40.0,0.0,30.0,3.0,10.0,20.0,20.0,15.0,10.0,15.0,15.0,0.0,45.0,61.0,38.0,10.0,30.0,10.0
4532,GV60,D,192.0,675.0,c1,d1,10.0,0.0,0.0,0.0,20.0,2.0,0.0,0.0,0.0,0.0,0.0,0.0,0.0,0.0,7.0,0.0,15.0,10.0,75.0,81.0,0.0,0.0,12.0,10.0
4533,GV60,D,370.0,675.0,c1,d1,10.0,25.0,11.0,30.0,20.0,2.0,0.0,0.0,30.0,3.0,10.0,0.0,4.0,15.0,7.0,0.0,15.0,10.0,75.0,81.0,0.0,0.0,12.0,10.0
4534,GV60,D,186.0,675.0,c1,d1,10.0,0.0,0.0,0.0,9.0,2.0,0.0,0.0,0.0,0.0,0.0,0.0,0.0,0.0,10.0,15.0,15.0,0.0,58.0,67.0,10.0,0.0,30.0,10.0
4535,GV60,D,298.0,675.0,c1,d1,10.0,3.0,11.0,0.0,9.0,2.0,40.0,0.0,30.0,3.0,10.0,20.0,20.0,15.0,10.0,15.0,15.0,0.0,58.0,67.0,10.0,0.0,30.0,10.0
4536,GV60,E,159.0,675.0,c1,d1,10.0,0.0,0.0,0.0,7.0,2.0,0.0,0.0,0.0,0.0,0.0,0.0,0.0,0.0,10.0,15.0,15.0,0.0,21.0,16.0,65.0,8.0,30.0,10.0
4537,GV60,D,126.0,675.0,c1,d1,10.0,0.0,0.0,0.0,14.0,2.0,0.0,0.0,0.0,0.0,0.0,0.0,0.0,0.0,10.0,15.0,15.0,0.0,0.0,0.0,60.0,10.0,30.0,10.0
4538,GV60,E,406.0,675.0,c1,d1,10.0,22.0,7.0,30.0,7.0,2.0,40.0,0.0,30.0,3.0,10.0,20.0,20.0,15.0,10.0,15.0,15.0,0.0,21.0,16.0,65.0,8.0,30.0,10.0
4539,GV60,D,384.0,675.0,c1,d1,10.0,25.0,15.0,30.0,14.0,2.0,40.0,0.0,30.0,3.0,10.0,20.0,20.0,15.0,10.0,15.0,15.0,0.0,0.0,0.0,60.0,10.0,30.0,10.0
4540,GV60,D,206.0,675.0,c1,d1,10.0,0.0,0.0,0.0,12.0,15.0,0.0,0.0,0.0,0.0,0.0,0.0,0.0,0.0,10.0,0.0,15.0,0.0,49.0,43.0,45.0,17.0,30.0,10.0
4541,GV60,C,434.0,675.0,c1,d1,10.0,25.0,15.0,30.0,12.0,15.0,22.0,0.0,30.0,3.0,10.0,20.0,8.0,15.0,10.0,0.0,15.0,0.0,49.0,43.0,45.0,17.0,30.0,10.0
4542,GV60,D,153.0,675.0,c1,d1,10.0,0.0,0.0,0.0,11.0,2.0,0.0,0.0,0.0,0.0,0.0,0.0,0.0,0.0,10.0,0.0,15.0,0.0,36.0,32.0,37.0,10.0,30.0,10.0
4543,GV60,D,376.0,675.0,c1,d1,10.0,24.0,15.0,30.0,11.0,2.0,22.0,0.0,30.0,3.0,10.0,20.0,4.0,15.0,10.0,0.0,15.0,0.0,36.0,32.0,37.0,10.0,30.0,10.0
4544,GV60,D,194.0,675.0,c1,d1,10.0,0.0,0.0,0.0,4.0,2.0,0.0,0.0,0.0,0.0,0.0,0.0,0.0,0.0,10.0,15.0,15.0,0.0,49.0,61.0,33.0,5.0,30.0,10.0
4545,GV60,D,240.0,675.0,c1,d1,10.0,3.0,11.0,0.0,4.0,2.0,10.0,0.0,30.0,3.0,10.0,0.0,4.0,15.0,10.0,15.0,15.0,0.0,49.0,61.0,33.0,5.0,30.0,10.0
4546,GV60,D,161.0,675.0,c1,d1,10.0,0.0,0.0,0.0,7.0,2.0,0.0,0.0,0.0,0.0,0.0,0.0,0.0,0.0,10.0,0.0,15.0,0.0,58.0,69.0,2.0,0.0,28.0,10.0
4547,GV60,D,243.0,675.0,c1,d1,10.0,3.0,11.0,0.0,7.0,2.0,22.0,0.0,30.0,3.0,10.0,20.0,8.0,15.0,10.0,0.0,15.0,0.0,58.0,69.0,2.0,0.0,28.0,10.0
4548,GV60,D,388.0,675.0,c1,d1,10.0,16.0,11.0,30.0,4.0,15.0,0.0,0.0,30.0,3.0,10.0,20.0,4.0,15.0,10.0,0.0,15.0,0.0,54.0,60.0,24.0,17.0,30.0,10.0
4549,GV60,D,138.0,675.0,c1,d1,10.0,0.0,0.0,0.0,15.0,2.0,0.0,0.0,0.0,0.0,0.0,0.0,0.0,0.0,10.0,15.0,15.0,10.0,21.0,5.0,36.0,9.0,30.0,10.0
4550,GV60,D,238.0,675.0,c1,d1,10.0,3.0,7.0,0.0,15.0,2.0,40.0,0.0,30.0,3.0,10.0,12.0,20.0,15.0,10.0,15.0,15.0,10.0,21.0,5.0,36.0,9.0,30.0,10.0
4551,GV60,D,218.0,675.0,c1,d1,0.0,0.0,0.0,0.0,20.0,19.0,0.0,0.0,0.0,0.0,0.0,0.0,0.0,0.0,10.0,15.0,15.0,0.0,26.0,34.0,70.0,19.0,30.0,10.0
4552,GV60,D,404.0,675.0,c1,d1,0.0,25.0,15.0,30.0,20.0,19.0,0.0,0.0,30.0,3.0,10.0,0.0,8.0,15.0,10.0,15.0,15.0,0.0,26.0,34.0,70.0,19.0,30.0,10.0
4553,GV60,C,456.0,675.0,c1,d1,10.0,25.0,15.0,30.0,0.0,8.0,40.0,0.0,30.0,0.0,10.0,20.0,20.0,15.0,10.0,0.0,15.0,0.0,71.0,61.0,36.0,20.0,30.0,10.0
4554,GV60,E,357.0,675.0,c1,d1,10.0,24.0,0.0,30.0,8.0,10.0,40.0,0.0,0.0,3.0,10.0,0.0,20.0,15.0,10.0,0.0,15.0,0.0,80.0,86.0,23.0,13.0,30.0,10.0
4555,GV60,D,349.0,675.0,c1,d1,10.0,25.0,15.0,30.0,20.0,2.0,10.0,0.0,30.0,3.0,10.0,20.0,12.0,15.0,10.0,15.0,15.0,10.0,0.0,0.0,47.0,10.0,30.0,10.0
4556,GV60,E,228.0,675.0,c1,d1,0.0,3.0,15.0,0.0,3.0,23.0,40.0,0.0,0.0,0.0,0.0,0.0,20.0,15.0,10.0,15.0,15.0,10.0,40.0,0.0,49.0,20.0,30.0,10.0
4557,GV60,E,178.0,675.0,c1,d1,0.0,3.0,15.0,0.0,12.0,2.0,22.0,0.0,0.0,0.0,0.0,0.0,20.0,15.0,10.0,0.0,15.0,0.0,80.0,0.0,20.0,14.0,30.0,10.0
4558,GV60,E,192.0,675.0,c1,d1,0.0,3.0,15.0,0.0,8.0,12.0,22.0,0.0,0.0,0.0,0.0,0.0,12.0,15.0,10.0,0.0,15.0,0.0,80.0,0.0,30.0,20.0,30.0,10.0
4559,GV60,D,248.0,675.0,c1,d1,10.0,3.0,11.0,0.0,13.0,10.0,0.0,0.0,30.0,3.0,10.0,0.0,8.0,15.0,10.0,0.0,15.0,10.0,36.0,47.0,57.0,10.0,30.0,10.0
4560,GV60,E,178.0,675.0,c1,d1,0.0,3.0,15.0,0.0,12.0,2.0,22.0,0.0,0.0,0.0,0.0,0.0,20.0,15.0,10.0,0.0,15.0,0.0,80.0,0.0,20.0,14.0,30.0,10.0
4561,GV60,D,299.0,675.0,c1,d1,10.0,3.0,7.0,0.0,10.0,2.0,40.0,0.0,30.0,3.0,10.0,20.0,20.0,15.0,7.0,0.0,15.0,10.0,53.0,59.0,29.0,6.0,30.0,10.0
4562,GV60,E,365.0,675.0,c1,d1,0.0,25.0,15.0,10.0,3.0,15.0,40.0,0.0,0.0,0.0,0.0,0.0,20.0,15.0,10.0,0.0,15.0,10.0,79.0,0.0,49.0,19.0,30.0,10.0
4563,GV60,D,288.0,675.0,c1,d1,10.0,3.0,11.0,0.0,20.0,10.0,22.0,0.0,30.0,3.0,10.0,20.0,12.0,15.0,10.0,0.0,15.0,0.0,60.0,43.0,31.0,13.0,30.0,10.0
4564,GV60,D,293.0,675.0,c1,d1,0.0,25.0,15.0,30.0,7.0,2.0,22.0,0.0,0.0,0.0,0.0,0.0,8.0,15.0,3.0,15.0,15.0,10.0,32.0,32.0,18.0,4.0,30.0,10.0
4565,GV60,C,399.0,675.0,c1,d1,10.0,9.0,7.0,30.0,18.0,25.0,40.0,0.0,30.0,3.0,10.0,20.0,20.0,15.0,3.0,0.0,15.0,0.0,57.0,0.0,29.0,18.0,30.0,10.0
4566,GV60,D,339.0,675.0,c1,d1,0.0,25.0,15.0,30.0,11.0,6.0,40.0,0.0,0.0,0.0,0.0,0.0,20.0,15.0,10.0,0.0,15.0,0.0,55.0,0.0,37.0,20.0,30.0,10.0
4625,GV70_EV,D,222.0,675.0,c1,d1,10.0,0.0,0.0,0.0,16.0,25.0,0.0,0.0,0.0,0.0,0.0,0.0,0.0,0.0,10.0,15.0,15.0,10.0,44.0,19.0,55.0,13.0,30.0,10.0
4635,GV70_EV,D,316.0,675.0,c1,d1,10.0,3.0,11.0,0.0,16.0,25.0,22.0,0.0,30.0,3.0,10.0,20.0,20.0,15.0,10.0,15.0,15.0,10.0,44.0,19.0,55.0,13.0,30.0,10.0
4639,GV70_EV,D,292.0,675.0,c1,d1,10.0,3.0,11.0,0.0,10.0,25.0,22.0,0.0,30.0,3.0,10.0,12.0,20.0,15.0,10.0,15.0,15.0,0.0,60.0,77.0,1.0,0.0,23.0,10.0
4644,GV70_EV,D,294.0,675.0,c1,d1,10.0,25.0,15.0,30.0,0.0,6.0,0.0,0.0,30.0,3.0,10.0,20.0,4.0,15.0,10.0,0.0,15.0,0.0,75.0,0.0,0.0,0.0,16.0,10.0
4668,GV70_EV,D,197.0,675.0,c1,d1,10.0,0.0,0.0,0.0,16.0,25.0,0.0,0.0,0.0,0.0,0.0,0.0,0.0,0.0,10.0,15.0,15.0,0.0,36.0,38.0,31.0,11.0,30.0,10.0
4684,GV70_EV,C,419.0,675.0,c1,d1,10.0,25.0,11.0,30.0,16.0,25.0,10.0,0.0,30.0,1.0,10.0,20.0,20.0,15.0,10.0,15.0,15.0,0.0,36.0,38.0,31.0,11.0,30.0,10.0
4746,GV70_EV,D,235.0,675.0,c1,d1,0.0,3.0,7.0,0.0,10.0,25.0,40.0,0.0,0.0,0.0,0.0,0.0,20.0,15.0,10.0,0.0,15.0,0.0,50.0,64.0,19.0,7.0,30.0,10.0
4759,GV70_EV,D,188.0,675.0,c1,d1,10.0,0.0,0.0,0.0,11.0,25.0,0.0,0.0,0.0,0.0,0.0,0.0,0.0,0.0,10.0,15.0,15.0,0.0,21.0,23.0,58.0,10.0,30.0,10.0
4775,GV70_EV,D,398.0,675.0,c1,d1,10.0,25.0,15.0,30.0,11.0,25.0,0.0,0.0,30.0,3.0,10.0,20.0,12.0,15.0,10.0,15.0,15.0,0.0,21.0,23.0,58.0,10.0,30.0,10.0
4855,GV70_EV,E,205.0,675.0,c1,d1,10.0,0.0,0.0,0.0,5.0,25.0,0.0,0.0,0.0,0.0,0.0,0.0,0.0,0.0,10.0,0.0,15.0,0.0,64.0,64.0,47.0,15.0,30.0,0.0
4873,GV70_EV,E,321.0,675.0,c1,d1,10.0,3.0,15.0,0.0,5.0,25.0,40.0,0.0,30.0,3.0,10.0,20.0,20.0,15.0,10.0,0.0,15.0,0.0,64.0,64.0,47.0,15.0,30.0,0.0
4942,GV70_EV,D,291.0,675.0,c1,d1,10.0,0.0,0.0,0.0,10.0,25.0,0.0,0.0,30.0,3.0,10.0,20.0,0.0,0.0,10.0,15.0,15.0,0.0,58.0,52.0,29.0,14.0,30.0,10.0
4966,GV70_EV,D,199.0,675.0,c1,d1,10.0,0.0,0.0,0.0,3.0,25.0,0.0,0.0,0.0,0.0,0.0,0.0,0.0,0.0,10.0,15.0,15.0,0.0,31.0,50.0,40.0,10.0,30.0,10.0
4967,GV70_EV,D,215.0,675.0,c1,d1,10.0,0.0,0.0,0.0,20.0,25.0,0.0,0.0,0.0,0.0,0.0,0.0,0.0,0.0,10.0,15.0,15.0,10.0,42.0,13.0,52.0,13.0,30.0,10.0
4973,GV70_EV,D,405.0,675.0,c1,d1,10.0,19.0,11.0,30.0,3.0,25.0,10.0,0.0,30.0,3.0,10.0,20.0,8.0,15.0,10.0,15.0,15.0,0.0,31.0,50.0,40.0,10.0,30.0,10.0
4974,GV70_EV,D,301.0,675.0,c1,d1,10.0,3.0,11.0,0.0,20.0,25.0,22.0,0.0,30.0,3.0,10.0,20.0,12.0,15.0,10.0,15.0,15.0,10.0,42.0,13.0,52.0,13.0,30.0,10.0
4987,GV70_EV,D,218.0,675.0,c1,d1,10.0,0.0,0.0,0.0,10.0,25.0,0.0,0.0,0.0,0.0,0.0,0.0,0.0,0.0,3.0,15.0,15.0,0.0,46.0,60.0,34.0,10.0,30.0,10.0
4991,GV70_EV,D,357.0,675.0,c1,d1,10.0,3.0,15.0,30.0,10.0,25.0,0.0,0.0,30.0,2.0,10.0,20.0,4.0,15.0,3.0,15.0,15.0,0.0,46.0,60.0,34.0,10.0,30.0,10.0
5002,GV70_EV,D,205.0,675.0,c1,d1,10.0,0.0,0.0,0.0,20.0,25.0,0.0,0.0,0.0,0.0,0.0,0.0,0.0,0.0,10.0,15.0,15.0,10.0,30.0,24.0,45.0,11.0,30.0,10.0
5010,GV70_EV,D,317.0,675.0,c1,d1,10.0,3.0,11.0,0.0,20.0,25.0,40.0,0.0,30.0,3.0,10.0,20.0,20.0,15.0,10.0,15.0,15.0,10.0,30.0,24.0,45.0,11.0,30.0,10.0
5046,GV70_EV,D,211.0,675.0,c1,d1,10.0,0.0,0.0,0.0,18.0,25.0,0.0,0.0,0.0,0.0,0.0,0.0,0.0,0.0,10.0,15.0,15.0,0.0,58.0,68.0,3.0,0.0,29.0,10.0
5047,GV70_EV,D,342.0,675.0,c1,d1,10.0,3.0,11.0,0.0,18.0,25.0,40.0,0.0,30.0,3.0,10.0,12.0,20.0,15.0,10.0,15.0,15.0,0.0,58.0,68.0,30.0,0.0,29.0,10.0
5066,GV70_EV,D,171.0,675.0,c1,d1,10.0,0.0,0.0,0.0,12.0,6.0,0.0,0.0,0.0,0.0,0.0,0.0,0.0,0.0,10.0,15.0,15.0,10.0,49.0,0.0,34.0,20.0,30.0,10.0
5067,GV70_EV,D,195.0,675.0,c1,d1,10.0,0.0,0.0,0.0,17.0,25.0,0.0,0.0,0.0,0.0,0.0,0.0,0.0,0.0,10.0,15.0,15.0,10.0,33.0,32.0,27.0,11.0,30.0,10.0
5069,GV70_EV,D,379.0,675.0,c1,d1,10.0,25.0,15.0,30.0,12.0,6.0,10.0,0.0,30.0,3.0,10.0,12.0,8.0,15.0,10.0,15.0,15.0,10.0,49.0,0.0,34.0,20.0,30.0,10.0
5070,GV70_EV,D,407.0,675.0,c1,d1,10.0,25.0,7.0,30.0,17.0,25.0,22.0,0.0,30.0,3.0,10.0,12.0,8.0,15.0,10.0,15.0,15.0,10.0,33.0,32.0,27.0,11.0,30.0,10.0
5105,GV70_EV,D,387.0,675.0,c1,d1,10.0,25.0,11.0,30.0,13.0,6.0,0.0,0.0,30.0,3.0,10.0,0.0,0.0,15.0,3.0,0.0,15.0,0.0,65.0,67.0,29.0,15.0,30.0,10.0
5118,GV70_EV,D,202.0,675.0,c1,d1,10.0,0.0,0.0,0.0,19.0,25.0,0.0,0.0,0.0,0.0,0.0,0.0,0.0,0.0,10.0,15.0,15.0,0.0,33.0,30.0,45.0,10.0,30.0,10.0
5120,GV70_EV,D,276.0,675.0,c1,d1,10.0,3.0,11.0,0.0,19.0,25.0,10.0,0.0,30.0,3.0,10.0,20.0,12.0,15.0,10.0,15.0,15.0,0.0,33.0,30.0,45.0,10.0,30.0,10.0
5147,GV70_EV,D,218.0,675.0,c1,d1,10.0,0.0,0.0,0.0,20.0,25.0,0.0,0.0,0.0,0.0,0.0,0.0,0.0,0.0,10.0,15.0,15.0,10.0,67.0,52.0,4.0,0.0,30.0,10.0
5153,GV70_EV,D,292.0,675.0,c1,d1,10.0,3.0,3.0,0.0,20.0,25.0,22.0,0.0,30.0,3.0,10.0,20.0,8.0,15.0,10.0,15.0,15.0,10.0,67.0,52.0,4.0,0.0,30.0,10.0
5220,GV70_EV,D,243.0,675.0,c1,d1,10.0,0.0,0.0,0.0,12.0,25.0,0.0,0.0,0.0,0.0,0.0,0.0,0.0,0.0,10.0,15.0,15.0,10.0,60.0,53.0,28.0,15.0,30.0,10.0
5221,GV70_EV,C,459.0,675.0,c1,d1,10.0,25.0,11.0,30.0,12.0,25.0,22.0,0.0,30.0,3.0,10.0,20.0,0.0,15.0,10.0,15.0,15.0,10.0,60.0,53.0,28.0,15.0,30.0,10.0
5241,GV70_EV,E,213.0,675.0,c1,d1,10.0,0.0,0.0,0.0,6.0,25.0,0.0,0.0,0.0,0.0,0.0,0.0,0.0,0.0,10.0,15.0,15.0,0.0,46.0,63.0,22.0,11.0,30.0,10.0
5243,GV70_EV,E,325.0,675.0,c1,d1,10.0,3.0,11.0,0.0,6.0,25.0,40.0,0.0,30.0,3.0,10.0,20.0,20.0,15.0,10.0,15.0,15.0,0.0,46.0,63.0,22.0,11.0,30.0,10.0
5247,GV70_EV,D,226.0,675.0,c1,d1,10.0,0.0,0.0,0.0,6.0,25.0,0.0,0.0,0.0,0.0,0.0,0.0,0.0,0.0,10.0,15.0,15.0,0.0,42.0,30.0,68.0,15.0,30.0,10.0
5251,GV70_EV,D,206.0,675.0,c1,d1,10.0,0.0,0.0,0.0,10.0,25.0,0.0,0.0,0.0,0.0,0.0,0.0,0.0,0.0,10.0,0.0,15.0,0.0,67.0,86.0,0.0,0.0,23.0,10.0
5254,GV70_EV,B,480.0,675.0,c1,d1,10.0,25.0,11.0,30.0,6.0,25.0,40.0,0.0,30.0,3.0,10.0,20.0,20.0,15.0,10.0,15.0,15.0,0.0,42.0,30.0,68.0,15.0,30.0,10.0
5257,GV70_EV,C,400.0,675.0,c1,d1,10.0,25.0,7.0,30.0,10.0,25.0,0.0,0.0,30.0,3.0,10.0,20.0,4.0,15.0,10.0,0.0,15.0,0.0,67.0,86.0,0.0,0.0,23.0,10.0
5270,GV70_EV,D,208.0,675.0,c1,d1,10.0,0.0,0.0,0.0,6.0,25.0,0.0,0.0,0.0,0.0,0.0,0.0,0.0,0.0,10.0,15.0,15.0,0.0,41.0,28.0,53.0,15.0,30.0,10.0
5275,GV70_EV,C,436.0,675.0,c1,d1,10.0,25.0,15.0,30.0,6.0,25.0,22.0,0.0,30.0,3.0,10.0,20.0,8.0,15.0,10.0,15.0,15.0,0.0,41.0,28.0,53.0,15.0,30.0,10.0
5302,GV70_EV,D,209.0,675.0,c1,d1,0.0,0.0,0.0,0.0,10.0,25.0,0.0,0.0,0.0,0.0,0.0,0.0,0.0,0.0,10.0,15.0,15.0,0.0,59.0,76.0,9.0,0.0,30.0,10.0
5306,GV70_EV,D,385.0,675.0,c1,d1,0.0,24.0,15.0,30.0,10.0,25.0,22.0,0.0,0.0,0.0,0.0,0.0,20.0,15.0,10.0,15.0,15.0,0.0,59.0,76.0,9.0,0.0,30.0,10.0
5335,GV70_EV,D,311.0,675.0,c1,d1,10.0,3.0,11.0,0.0,20.0,25.0,40.0,0.0,30.0,3.0,10.0,20.0,20.0,15.0,10.0,0.0,15.0,10.0,30.0,23.0,54.0,12.0,30.0,10.0
5360,GV70_EV,D,206.0,675.0,c1,d1,10.0,0.0,0.0,0.0,10.0,25.0,0.0,0.0,0.0,0.0,0.0,0.0,0.0,0.0,10.0,15.0,15.0,0.0,62.0,80.0,0.0,0.0,19.0,10.0
5361,GV70_EV,D,318.0,675.0,c1,d1,10.0,3.0,11.0,0.0,10.0,25.0,40.0,0.0,30.0,3.0,10.0,20.0,20.0,15.0,10.0,15.0,15.0,0.0,62.0,80.0,0.0,0.0,19.0,10.0
5377,GV70_EV,D,194.0,675.0,c1,d1,10.0,0.0,0.0,0.0,8.0,25.0,0.0,0.0,0.0,0.0,0.0,0.0,0.0,0.0,10.0,0.0,15.0,0.0,68.0,90.0,0.0,0.0,8.0,10.0
5381,GV70_EV,D,276.0,675.0,c1,d1,10.0,3.0,11.0,0.0,8.0,25.0,0.0,0.0,30.0,3.0,10.0,20.0,4.0,15.0,10.0,0.0,15.0,0.0,68.0,90.0,26.0,0.0,8.0,10.0
5425,GV70_EV,E,188.0,675.0,c1,d1,0.0,3.0,15.0,0.0,10.0,25.0,22.0,0.0,0.0,0.0,0.0,0.0,12.0,15.0,10.0,0.0,15.0,0.0,80.0,0.0,18.0,13.0,30.0,10.0
5427,GV70_EV,D,202.0,675.0,c1,d1,10.0,0.0,0.0,0.0,20.0,25.0,0.0,0.0,0.0,0.0,0.0,0.0,0.0,0.0,10.0,15.0,15.0,10.0,32.0,26.0,37.0,12.0,30.0,10.0
5428,GV70_EV,D,408.0,675.0,c1,d1,10.0,25.0,11.0,30.0,20.0,25.0,0.0,0.0,30.0,3.0,10.0,20.0,12.0,15.0,10.0,15.0,15.0,10.0,32.0,26.0,37.0,12.0,30.0,10.0
5435,GV70_EV,D,200.0,675.0,c1,d1,10.0,0.0,0.0,0.0,6.0,25.0,0.0,0.0,0.0,0.0,0.0,0.0,0.0,0.0,10.0,15.0,15.0,0.0,60.0,80.0,0.0,0.0,19.0,10.0
5436,GV70_EV,D,308.0,675.0,c1,d1,10.0,3.0,7.0,0.0,6.0,25.0,40.0,0.0,30.0,3.0,10.0,20.0,20.0,15.0,10.0,15.0,15.0,0.0,60.0,80.0,0.0,0.0,19.0,10.0
5474,GV70_EV,D,220.0,675.0,c1,d1,10.0,0.0,0.0,0.0,10.0,25.0,0.0,0.0,0.0,0.0,0.0,0.0,0.0,0.0,10.0,15.0,15.0,0.0,45.0,29.0,56.0,15.0,30.0,10.0
5475,GV70_EV,C,448.0,675.0,c1,d1,10.0,25.0,15.0,30.0,10.0,25.0,22.0,0.0,30.0,3.0,10.0,20.0,8.0,15.0,10.0,15.0,15.0,0.0,45.0,29.0,56.0,15.0,30.0,10.0
5513,GV70_EV,D,223.0,675.0,c1,d1,10.0,0.0,0.0,0.0,13.0,25.0,0.0,0.0,0.0,0.0,0.0,0.0,0.0,0.0,10.0,15.0,15.0,10.0,39.0,48.0,40.0,8.0,30.0,10.0
5514,GV70_EV,D,255.0,675.0,c1,d1,10.0,3.0,11.0,0.0,13.0,25.0,0.0,0.0,30.0,3.0,10.0,0.0,0.0,15.0,10.0,15.0,15.0,10.0,39.0,48.0,40.0,8.0,30.0,10.0
5526,GV70_EV,E,331.0,675.0,c1,d1,0.0,25.0,15.0,0.0,0.0,19.0,40.0,0.0,0.0,0.0,0.0,0.0,20.0,15.0,7.0,15.0,15.0,0.0,80.0,0.0,70.0,20.0,30.0,10.0
5531,GV70_EV,E,193.0,675.0,c1,d1,0.0,3.0,15.0,0.0,13.0,25.0,40.0,0.0,0.0,0.0,0.0,0.0,20.0,15.0,10.0,0.0,15.0,0.0,80.0,0.0,7.0,0.0,30.0,10.0
5533,GV70_EV,D,278.0,675.0,c1,d1,10.0,3.0,11.0,0.0,13.0,25.0,40.0,0.0,30.0,3.0,10.0,20.0,20.0,15.0,10.0,0.0,15.0,10.0,18.0,16.0,49.0,10.0,30.0,10.0
5550,GV70_EV,E,158.0,675.0,c1,d1,0.0,3.0,15.0,0.0,0.0,25.0,22.0,0.0,0.0,0.0,0.0,0.0,20.0,15.0,7.0,0.0,15.0,0.0,80.0,0.0,6.0,0.0,30.0,10.0
5551,GV70_EV,E,193.0,675.0,c1,d1,0.0,3.0,15.0,0.0,13.0,25.0,40.0,0.0,0.0,0.0,0.0,0.0,20.0,15.0,10.0,0.0,15.0,0.0,80.0,0.0,7.0,0.0,30.0,10.0
5559,GV70_EV,E,173.0,675.0,c1,d1,0.0,3.0,15.0,0.0,12.0,6.0,10.0,0.0,0.0,0.0,0.0,0.0,8.0,15.0,10.0,0.0,15.0,0.0,80.0,0.0,29.0,20.0,30.0,10.0
5568,GV70_EV,E,166.0,675.0,c1,d1,0.0,3.0,15.0,0.0,5.0,25.0,22.0,0.0,0.0,0.0,0.0,0.0,20.0,15.0,10.0,0.0,15.0,0.0,80.0,0.0,6.0,0.0,30.0,10.0
5573,GV70_EV,E,188.0,675.0,c1,d1,0.0,3.0,15.0,0.0,10.0,25.0,22.0,0.0,0.0,0.0,0.0,0.0,12.0,15.0,10.0,0.0,15.0,0.0,80.0,0.0,18.0,13.0,30.0,10.0
5575,GV70_EV,E,188.0,675.0,c1,d1,0.0,3.0,15.0,0.0,10.0,25.0,22.0,0.0,0.0,0.0,0.0,0.0,12.0,15.0,10.0,0.0,15.0,0.0,80.0,0.0,18.0,13.0,30.0,10.0
5590,GV70_EV,E,166.0,675.0,c1,d1,0.0,3.0,15.0,0.0,5.0,25.0,22.0,0.0,0.0,0.0,0.0,0.0,20.0,15.0,10.0,0.0,15.0,0.0,80.0,0.0,6.0,0.0,30.0,10.0
5609,GV70_EV,E,250.0,675.0,c1,d1,0.0,3.0,15.0,0.0,7.0,12.0,40.0,0.0,0.0,0.0,0.0,0.0,20.0,15.0,7.0,15.0,15.0,0.0,80.0,0.0,51.0,20.0,30.0,10.0
5636,GV70_EV,D,293.0,675.0,c1,d1,10.0,3.0,7.0,0.0,10.0,25.0,40.0,0.0,30.0,0.0,10.0,20.0,20.0,15.0,10.0,15.0,15.0,0.0,43.0,26.0,50.0,14.0,30.0,10.0
5651,GV70_EV,D,308.0,675.0,c1,d1,10.0,3.0,7.0,0.0,13.0,25.0,40.0,0.0,30.0,3.0,10.0,20.0,20.0,15.0,10.0,0.0,15.0,0.0,67.0,84.0,0.0,0.0,16.0,10.0
5660,GV70_EV,D,229.0,675.0,c1,d1,0.0,3.0,11.0,0.0,20.0,25.0,40.0,0.0,0.0,0.0,0.0,0.0,20.0,15.0,10.0,0.0,15.0,10.0,35.0,29.0,38.0,8.0,30.0,10.0
5684,KOLEOS_HEV,D,251.0,675.0,c1,d1,10.0,0.0,0.0,0.0,12.0,5.0,0.0,0.0,0.0,0.0,0.0,0.0,0.0,0.0,10.0,15.0,15.0,0.0,65.0,38.0,61.0,20.0,30.0,20.0
5685,KOLEOS_HEV,D,253.0,675.0,c1,d1,10.0,0.0,0.0,0.0,20.0,2.0,0.0,0.0,0.0,0.0,0.0,0.0,0.0,0.0,10.0,15.0,15.0,0.0,77.0,50.0,39.0,15.0,30.0,20.0
5686,KOLEOS_HEV,B,509.0,675.0,c1,d1,10.0,25.0,15.0,30.0,12.0,5.0,40.0,0.0,30.0,3.0,10.0,20.0,20.0,15.0,10.0,15.0,15.0,0.0,65.0,38.0,61.0,20.0,30.0,20.0
5687,KOLEOS_HEV,D,365.0,675.0,c1,d1,10.0,3.0,11.0,0.0,20.0,2.0,40.0,0.0,30.0,3.0,10.0,20.0,20.0,15.0,10.0,15.0,15.0,0.0,77.0,50.0,39.0,15.0,30.0,20.0
5696,KOLEOS_HEV,D,221.0,675.0,c1,d1,10.0,0.0,0.0,0.0,0.0,2.0,0.0,0.0,0.0,0.0,0.0,0.0,0.0,0.0,10.0,0.0,15.0,0.0,74.0,55.0,42.0,13.0,30.0,20.0
5697,KOLEOS_HEV,B,475.0,675.0,c1,d1,10.0,25.0,11.0,30.0,0.0,2.0,40.0,0.0,30.0,3.0,10.0,20.0,20.0,15.0,10.0,0.0,15.0,0.0,74.0,55.0,42.0,13.0,30.0,20.0
5698,KOLEOS_HEV,D,252.0,675.0,c1,d1,10.0,0.0,0.0,0.0,12.0,15.0,0.0,0.0,0.0,0.0,0.0,0.0,0.0,0.0,10.0,15.0,15.0,0.0,70.0,32.0,60.0,13.0,30.0,20.0
5699,KOLEOS_HEV,D,364.0,675.0,c1,d1,10.0,3.0,11.0,0.0,12.0,15.0,40.0,0.0,30.0,3.0,10.0,20.0,20.0,15.0,10.0,15.0,15.0,0.0,70.0,32.0,60.0,13.0,30.0,20.0
5702,KOLEOS_HEV,E,289.0,675.0,c1,d1,0.0,0.0,15.0,0.0,6.0,8.0,40.0,0.0,0.0,0.0,0.0,0.0,20.0,15.0,10.0,0.0,15.0,0.0,80.0,0.0,70.0,20.0,30.0,10.0
5707,KOLEOS_HEV,E,419.0,675.0,c1,d1,10.0,5.0,0.0,30.0,12.0,12.0,22.0,0.0,30.0,3.0,10.0,0.0,0.0,15.0,10.0,15.0,15.0,0.0,80.0,84.0,48.0,18.0,30.0,10.0
5708,KOLEOS_HEV,D,255.0,675.0,c1,d1,10.0,0.0,0.0,0.0,12.0,15.0,0.0,0.0,0.0,0.0,0.0,0.0,0.0,0.0,10.0,15.0,15.0,0.0,76.0,45.0,43.0,14.0,30.0,20.0
5710,KOLEOS_HEV,B,491.0,675.0,c1,d1,10.0,25.0,11.0,30.0,12.0,15.0,22.0,0.0,30.0,3.0,10.0,20.0,20.0,15.0,10.0,15.0,15.0,0.0,76.0,45.0,43.0,14.0,30.0,20.0
5714,KOLEOS_HEV,D,246.0,675.0,c1,d1,10.0,0.0,0.0,0.0,12.0,12.0,0.0,0.0,0.0,0.0,0.0,0.0,0.0,0.0,7.0,15.0,15.0,0.0,59.0,28.0,70.0,18.0,30.0,20.0
5717,KOLEOS_HEV,B,504.0,675.0,c1,d1,10.0,25.0,15.0,30.0,12.0,12.0,40.0,0.0,30.0,3.0,10.0,20.0,20.0,15.0,7.0,15.0,15.0,0.0,59.0,28.0,70.0,18.0,30.0,20.0
5718,KOLEOS_HEV,D,258.0,675.0,c1,d1,10.0,0.0,0.0,0.0,13.0,15.0,0.0,0.0,0.0,0.0,0.0,0.0,0.0,0.0,10.0,15.0,15.0,0.0,76.0,44.0,46.0,14.0,30.0,20.0
5719,KOLEOS_HEV,B,516.0,675.0,c1,d1,10.0,25.0,15.0,30.0,13.0,15.0,40.0,0.0,30.0,3.0,10.0,20.0,20.0,15.0,10.0,15.0,15.0,0.0,76.0,44.0,46.0,14.0,30.0,20.0
5722,KOLEOS_HEV,D,225.0,675.0,c1,d1,10.0,0.0,0.0,0.0,12.0,5.0,0.0,0.0,0.0,0.0,0.0,0.0,0.0,0.0,10.0,15.0,15.0,0.0,80.0,62.0,28.0,18.0,30.0,10.0
5723,KOLEOS_HEV,E,415.0,675.0,c1,d1,10.0,25.0,0.0,30.0,12.0,5.0,10.0,0.0,30.0,0.0,10.0,20.0,0.0,15.0,10.0,15.0,15.0,0.0,80.0,62.0,28.0,18.0,30.0,10.0
5724,KOLEOS_HEV,D,261.0,675.0,c1,d1,10.0,0.0,0.0,0.0,13.0,15.0,0.0,0.0,0.0,0.0,0.0,0.0,0.0,0.0,10.0,15.0,15.0,0.0,79.0,50.0,39.0,15.0,30.0,20.0
5725,KOLEOS_HEV,B,519.0,675.0,c1,d1,10.0,25.0,15.0,30.0,13.0,15.0,40.0,0.0,30.0,3.0,10.0,20.0,20.0,15.0,10.0,15.0,15.0,0.0,79.0,50.0,39.0,15.0,30.0,20.0
5734,KOLEOS_HEV,E,286.0,675.0,c1,d1,10.0,0.0,0.0,0.0,12.0,15.0,0.0,0.0,0.0,0.0,0.0,0.0,0.0,0.0,10.0,15.0,15.0,0.0,80.0,55.0,59.0,15.0,30.0,20.0
5735,KOLEOS_HEV,E,482.0,675.0,c1,d1,10.0,25.0,11.0,30.0,12.0,15.0,22.0,0.0,30.0,3.0,10.0,0.0,0.0,15.0,10.0,15.0,15.0,0.0,80.0,55.0,59.0,15.0,30.0,20.0
5736,KOLEOS_HEV,B,507.0,675.0,c1,d1,10.0,25.0,3.0,30.0,12.0,15.0,40.0,0.0,30.0,3.0,10.0,20.0,20.0,15.0,10.0,15.0,15.0,0.0,80.0,55.0,45.0,14.0,30.0,10.0
5737,KOLEOS_HEV,D,238.0,675.0,c1,d1,10.0,0.0,0.0,0.0,14.0,12.0,0.0,0.0,0.0,0.0,0.0,0.0,0.0,0.0,10.0,15.0,15.0,0.0,57.0,21.0,64.0,20.0,30.0,20.0
5738,KOLEOS_HEV,D,218.0,675.0,c1,d1,10.0,0.0,0.0,0.0,0.0,10.0,0.0,0.0,0.0,0.0,0.0,0.0,0.0,0.0,10.0,0.0,15.0,0.0,47.0,36.0,70.0,20.0,30.0,20.0
5739,KOLEOS_HEV,B,476.0,675.0,c1,d1,10.0,25.0,15.0,30.0,0.0,10.0,40.0,0.0,30.0,3.0,10.0,20.0,20.0,15.0,10.0,0.0,15.0,0.0,47.0,36.0,70.0,20.0,30.0,20.0
5740,KOLEOS_HEV,B,492.0,675.0,c1,d1,10.0,25.0,11.0,30.0,14.0,12.0,40.0,0.0,30.0,3.0,10.0,20.0,20.0,15.0,10.0,15.0,15.0,0.0,57.0,21.0,64.0,20.0,30.0,20.0
5749,KOLEOS_HEV,B,538.0,675.0,c1,d1,10.0,25.0,15.0,30.0,20.0,8.0,40.0,0.0,30.0,3.0,10.0,20.0,20.0,15.0,10.0,15.0,15.0,0.0,72.0,50.0,70.0,20.0,30.0,10.0
5752,KOLEOS_HEV,C,456.0,675.0,c1,d1,10.0,25.0,15.0,30.0,20.0,8.0,40.0,0.0,0.0,0.0,0.0,0.0,20.0,15.0,10.0,0.0,15.0,0.0,73.0,51.0,64.0,20.0,30.0,10.0
5753,KOLEOS_HEV,B,523.0,675.0,c1,d1,10.0,25.0,15.0,30.0,20.0,8.0,40.0,0.0,30.0,3.0,10.0,20.0,20.0,15.0,10.0,0.0,15.0,0.0,72.0,50.0,70.0,20.0,30.0,10.0
5754,KOLEOS_HEV,C,432.0,675.0,c1,d1,10.0,25.0,15.0,30.0,20.0,8.0,22.0,0.0,0.0,0.0,0.0,0.0,12.0,15.0,10.0,15.0,15.0,0.0,73.0,51.0,51.0,20.0,30.0,10.0
5756,KOLEOS_HEV,E,333.0,675.0,c1,d1,0.0,25.0,15.0,0.0,20.0,18.0,40.0,0.0,0.0,0.0,0.0,0.0,20.0,15.0,10.0,15.0,15.0,0.0,60.0,0.0,70.0,20.0,30.0,10.0
5761,KOLEOS_HEV,E,299.0,675.0,c1,d1,10.0,25.0,15.0,30.0,0.0,22.0,10.0,0.0,18.0,3.0,10.0,0.0,0.0,15.0,10.0,0.0,15.0,0.0,78.0,0.0,21.0,17.0,30.0,10.0
5763,KOLEOS_HEV,C,418.0,675.0,c1,d1,0.0,25.0,15.0,30.0,2.0,15.0,40.0,0.0,0.0,0.0,0.0,0.0,20.0,15.0,10.0,0.0,15.0,0.0,80.0,65.0,31.0,15.0,30.0,10.0
5768,MODEL_Y,D,179.0,675.0,c1,d1,10.0,0.0,0.0,0.0,0.0,6.0,0.0,0.0,0.0,0.0,0.0,0.0,0.0,0.0,10.0,0.0,15.0,10.0,54.0,26.0,45.0,13.0,30.0,10.0
5769,MODEL_Y,C,437.0,675.0,c1,d1,10.0,25.0,15.0,30.0,0.0,6.0,40.0,0.0,30.0,3.0,10.0,20.0,20.0,15.0,10.0,0.0,15.0,10.0,54.0,26.0,45.0,13.0,30.0,10.0
5770,MODEL_Y,D,183.0,675.0,c1,d1,10.0,0.0,0.0,0.0,0.0,22.0,0.0,0.0,0.0,0.0,0.0,0.0,0.0,0.0,3.0,0.0,15.0,10.0,50.0,31.0,52.0,0.0,30.0,10.0
5771,MODEL_Y,C,419.0,675.0,c1,d1,10.0,25.0,15.0,30.0,0.0,23.0,22.0,0.0,30.0,3.0,10.0,0.0,0.0,15.0,10.0,0.0,15.0,10.0,74.0,60.0,27.0,0.0,30.0,10.0
5772,MODEL_Y,D,184.0,675.0,c1,d1,10.0,0.0,0.0,0.0,0.0,3.0,0.0,0.0,0.0,0.0,0.0,0.0,0.0,0.0,10.0,0.0,15.0,10.0,27.0,52.0,47.0,20.0,30.0,10.0
5773,MODEL_Y,D,208.0,675.0,c1,d1,10.0,0.0,0.0,0.0,0.0,23.0,0.0,0.0,0.0,0.0,0.0,0.0,0.0,0.0,10.0,0.0,15.0,10.0,75.0,25.0,49.0,1.0,30.0,10.0
5774,MODEL_Y,D,275.0,675.0,c1,d1,10.0,3.0,11.0,0.0,0.0,22.0,40.0,0.0,30.0,3.0,10.0,0.0,20.0,15.0,3.0,0.0,15.0,10.0,50.0,31.0,52.0,0.0,30.0,10.0
5775,MODEL_Y,D,408.0,675.0,c1,d1,10.0,25.0,11.0,30.0,0.0,3.0,22.0,0.0,30.0,3.0,10.0,20.0,8.0,15.0,10.0,0.0,15.0,10.0,27.0,52.0,47.0,20.0,30.0,10.0
5776,MODEL_Y,C,412.0,675.0,c1,d1,10.0,25.0,7.0,30.0,0.0,23.0,10.0,0.0,30.0,3.0,10.0,20.0,4.0,15.0,10.0,0.0,15.0,10.0,75.0,25.0,49.0,1.0,30.0,10.0
5777,MODEL_Y,D,206.0,675.0,c1,d1,10.0,0.0,0.0,0.0,0.0,23.0,0.0,0.0,0.0,0.0,0.0,0.0,0.0,0.0,10.0,0.0,15.0,10.0,66.0,44.0,38.0,0.0,30.0,10.0
5778,MODEL_Y,D,206.0,675.0,c1,d1,10.0,0.0,0.0,0.0,0.0,6.0,0.0,0.0,0.0,0.0,0.0,0.0,0.0,0.0,10.0,0.0,15.0,10.0,67.0,49.0,35.0,14.0,30.0,10.0
5779,MODEL_Y,D,204.0,675.0,c1,d1,10.0,0.0,0.0,0.0,0.0,11.0,0.0,0.0,0.0,0.0,0.0,0.0,0.0,0.0,10.0,0.0,15.0,10.0,27.0,47.0,64.0,20.0,30.0,10.0
5780,MODEL_Y,D,218.0,675.0,c1,d1,10.0,0.0,0.0,0.0,0.0,5.0,0.0,0.0,0.0,0.0,0.0,0.0,0.0,0.0,7.0,0.0,15.0,10.0,59.0,53.0,52.0,17.0,30.0,10.0
5781,MODEL_Y,D,300.0,675.0,c1,d1,10.0,3.0,11.0,0.0,0.0,23.0,22.0,0.0,30.0,3.0,10.0,20.0,20.0,15.0,10.0,0.0,15.0,10.0,66.0,44.0,38.0,0.0,30.0,10.0
5782,MODEL_Y,D,342.0,675.0,c1,d1,10.0,3.0,11.0,30.0,0.0,6.0,0.0,0.0,30.0,3.0,10.0,20.0,4.0,15.0,10.0,0.0,15.0,10.0,67.0,49.0,35.0,14.0,30.0,10.0
5783,MODEL_Y,D,271.0,675.0,c1,d1,10.0,3.0,11.0,0.0,0.0,20.0,10.0,0.0,30.0,3.0,10.0,20.0,0.0,15.0,10.0,0.0,15.0,10.0,75.0,83.0,0.0,0.0,26.0,10.0
5784,MODEL_Y,C,428.0,675.0,c1,d1,10.0,25.0,15.0,30.0,0.0,11.0,22.0,0.0,30.0,3.0,10.0,20.0,4.0,15.0,10.0,0.0,15.0,10.0,27.0,47.0,64.0,20.0,30.0,10.0
5785,MODEL_Y,E,381.0,675.0,c1,d1,0.0,25.0,15.0,10.0,0.0,11.0,40.0,0.0,0.0,0.0,0.0,0.0,20.0,15.0,10.0,0.0,15.0,10.0,80.0,0.0,70.0,20.0,30.0,10.0
5786,MODEL_Y,B,476.0,675.0,c1,d1,10.0,25.0,15.0,30.0,0.0,5.0,40.0,0.0,30.0,3.0,10.0,20.0,20.0,15.0,7.0,0.0,15.0,10.0,59.0,53.0,52.0,17.0,30.0,10.0
5787,MODEL_Y,D,202.0,675.0,c1,d1,10.0,0.0,0.0,0.0,0.0,23.0,0.0,0.0,0.0,0.0,0.0,0.0,0.0,0.0,10.0,0.0,15.0,10.0,72.0,20.0,49.0,3.0,30.0,10.0
5788,MODEL_Y,D,215.0,675.0,c1,d1,10.0,0.0,0.0,0.0,0.0,6.0,0.0,0.0,0.0,0.0,0.0,0.0,0.0,0.0,10.0,0.0,15.0,10.0,68.0,51.0,42.0,13.0,30.0,10.0
5789,MODEL_Y,C,436.0,675.0,c1,d1,10.0,25.0,11.0,30.0,0.0,3.0,10.0,0.0,30.0,3.0,10.0,20.0,8.0,15.0,7.0,0.0,15.0,10.0,70.0,86.0,13.0,20.0,30.0,10.0
5790,MODEL_Y,C,451.0,675.0,c1,d1,10.0,25.0,15.0,30.0,0.0,6.0,40.0,0.0,30.0,3.0,10.0,20.0,20.0,15.0,10.0,0.0,15.0,10.0,80.0,72.0,0.0,0.0,30.0,10.0
5791,MODEL_Y,C,438.0,675.0,c1,d1,10.0,25.0,11.0,30.0,0.0,23.0,22.0,0.0,30.0,3.0,10.0,20.0,20.0,15.0,10.0,0.0,15.0,10.0,72.0,20.0,49.0,3.0,30.0,10.0
5792,MODEL_Y,D,166.0,675.0,c1,d1,10.0,0.0,0.0,0.0,0.0,11.0,0.0,0.0,0.0,0.0,0.0,0.0,0.0,0.0,10.0,0.0,15.0,10.0,34.0,53.0,13.0,20.0,30.0,10.0
5793,MODEL_Y,D,176.0,675.0,c1,d1,10.0,0.0,0.0,0.0,0.0,22.0,0.0,0.0,0.0,0.0,0.0,0.0,0.0,0.0,10.0,0.0,15.0,10.0,50.0,32.0,37.0,0.0,30.0,10.0
5794,MODEL_Y,B,473.0,675.0,c1,d1,10.0,25.0,15.0,30.0,0.0,6.0,40.0,0.0,30.0,3.0,10.0,20.0,20.0,15.0,10.0,0.0,15.0,10.0,68.0,51.0,42.0,13.0,30.0,10.0
5795,MODEL_Y,D,366.0,675.0,c1,d1,10.0,25.0,15.0,30.0,0.0,11.0,22.0,0.0,30.0,3.0,10.0,0.0,0.0,15.0,10.0,0.0,15.0,10.0,34.0,53.0,13.0,20.0,30.0,10.0
5796,MODEL_Y,E,432.0,675.0,c1,d1,0.0,25.0,15.0,30.0,0.0,3.0,10.0,0.0,0.0,0.0,0.0,0.0,0.0,15.0,10.0,0.0,15.0,10.0,80.0,99.0,60.0,20.0,30.0,10.0
5797,MODEL_Y,D,375.0,675.0,c1,d1,10.0,25.0,7.0,30.0,0.0,22.0,0.0,0.0,30.0,3.0,10.0,20.0,4.0,15.0,10.0,0.0,15.0,10.0,50.0,32.0,42.0,0.0,30.0,10.0
5798,MODEL_Y,E,296.0,675.0,c1,d1,0.0,19.0,15.0,10.0,0.0,3.0,0.0,0.0,0.0,0.0,0.0,0.0,20.0,15.0,10.0,0.0,15.0,10.0,80.0,0.0,39.0,20.0,30.0,10.0
5799,MODEL_Y,C,416.0,675.0,c1,d1,10.0,25.0,15.0,30.0,0.0,3.0,22.0,0.0,30.0,3.0,10.0,20.0,16.0,15.0,10.0,0.0,15.0,10.0,27.0,52.0,43.0,20.0,30.0,10.0
5800,MODEL_Y,E,372.0,675.0,c1,d1,0.0,25.0,15.0,10.0,0.0,2.0,40.0,0.0,0.0,0.0,0.0,0.0,20.0,15.0,10.0,0.0,15.0,10.0,80.0,0.0,70.0,20.0,30.0,10.0
5801,MODEL_Y,E,355.0,675.0,c1,d1,0.0,13.0,15.0,10.0,0.0,3.0,40.0,0.0,0.0,0.0,0.0,0.0,20.0,15.0,10.0,0.0,15.0,10.0,80.0,0.0,64.0,20.0,30.0,10.0
5802,MODEL_Y,E,266.0,675.0,c1,d1,10.0,7.0,3.0,0.0,0.0,2.0,22.0,0.0,8.0,3.0,10.0,0.0,20.0,0.0,10.0,0.0,15.0,10.0,62.0,96.0,58.0,20.0,30.0,10.0
5803,MODEL_Y,E,380.0,675.0,c1,d1,0.0,25.0,15.0,10.0,0.0,11.0,40.0,0.0,0.0,0.0,0.0,0.0,20.0,15.0,10.0,0.0,15.0,10.0,79.0,0.0,70.0,20.0,30.0,10.0
5804,MODEL_Y,D,194.0,675.0,c1,d1,10.0,0.0,0.0,0.0,0.0,3.0,0.0,0.0,0.0,0.0,0.0,0.0,0.0,0.0,10.0,0.0,15.0,10.0,20.0,46.0,70.0,20.0,30.0,10.0
5805,MODEL_Y,D,159.0,675.0,c1,d1,10.0,0.0,0.0,0.0,0.0,2.0,0.0,0.0,0.0,0.0,0.0,0.0,0.0,0.0,10.0,0.0,15.0,10.0,0.0,50.0,52.0,20.0,30.0,10.0
5806,MODEL_Y,D,179.0,675.0,c1,d1,10.0,0.0,0.0,0.0,0.0,5.0,0.0,0.0,0.0,0.0,0.0,0.0,0.0,0.0,10.0,0.0,15.0,10.0,62.0,56.0,8.0,13.0,30.0,10.0
5807,MODEL_Y,C,448.0,675.0,c1,d1,10.0,25.0,11.0,30.0,0.0,3.0,40.0,0.0,30.0,3.0,10.0,20.0,20.0,15.0,10.0,0.0,15.0,10.0,20.0,46.0,70.0,20.0,30.0,10.0
5808,MODEL_Y,D,172.0,675.0,c1,d1,10.0,0.0,0.0,0.0,0.0,20.0,0.0,0.0,0.0,0.0,0.0,0.0,0.0,0.0,10.0,0.0,15.0,10.0,43.0,28.0,46.0,0.0,30.0,10.0
5809,MODEL_Y,E,282.0,675.0,c1,d1,0.0,11.0,15.0,0.0,0.0,2.0,40.0,0.0,0.0,0.0,0.0,0.0,20.0,15.0,10.0,0.0,15.0,10.0,64.0,0.0,70.0,20.0,30.0,10.0
5810,MODEL_Y,E,439.0,675.0,c1,d1,10.0,25.0,3.0,30.0,0.0,11.0,22.0,0.0,30.0,3.0,10.0,6.0,0.0,0.0,10.0,0.0,15.0,10.0,77.0,90.0,27.0,20.0,30.0,10.0
5811,MODEL_Y,D,409.0,675.0,c1,d1,10.0,25.0,7.0,30.0,0.0,2.0,40.0,0.0,30.0,3.0,10.0,20.0,20.0,15.0,10.0,0.0,15.0,10.0,0.0,50.0,52.0,20.0,30.0,10.0
5812,MODEL_Y,D,314.0,675.0,c1,d1,0.0,16.0,7.0,30.0,0.0,23.0,0.0,0.0,0.0,0.0,0.0,0.0,0.0,15.0,10.0,0.0,15.0,10.0,80.0,68.0,0.0,0.0,30.0,10.0
5813,MODEL_Y,C,457.0,675.0,c1,d1,10.0,25.0,15.0,30.0,0.0,9.0,10.0,0.0,30.0,3.0,10.0,0.0,20.0,15.0,10.0,0.0,15.0,10.0,80.0,75.0,30.0,20.0,30.0,10.0
5814,MODEL_Y,C,421.0,675.0,c1,d1,10.0,25.0,7.0,30.0,0.0,5.0,22.0,0.0,30.0,3.0,10.0,20.0,12.0,15.0,10.0,0.0,15.0,10.0,62.0,56.0,26.0,13.0,30.0,10.0
5815,MODEL_Y,D,280.0,675.0,c1,d1,10.0,3.0,7.0,0.0,0.0,20.0,40.0,0.0,30.0,3.0,10.0,20.0,20.0,15.0,10.0,0.0,15.0,10.0,43.0,28.0,46.0,0.0,30.0,10.0
5816,MODEL_Y,D,206.0,675.0,c1,d1,0.0,3.0,7.0,0.0,0.0,23.0,22.0,0.0,0.0,0.0,0.0,0.0,4.0,15.0,10.0,0.0,15.0,10.0,72.0,57.0,18.0,0.0,30.0,10.0
5817,MODEL_Y,D,177.0,675.0,c1,d1,10.0,0.0,0.0,0.0,0.0,3.0,0.0,0.0,0.0,0.0,0.0,0.0,0.0,0.0,10.0,0.0,15.0,10.0,57.0,58.0,7.0,17.0,30.0,10.0
5818,MODEL_Y,D,194.0,675.0,c1,d1,10.0,0.0,0.0,0.0,0.0,3.0,0.0,0.0,0.0,0.0,0.0,0.0,0.0,0.0,10.0,0.0,15.0,10.0,55.0,20.0,61.0,20.0,30.0,10.0
5819,MODEL_Y,E,231.0,675.0,c1,d1,10.0,3.0,11.0,0.0,0.0,22.0,22.0,0.0,18.0,3.0,10.0,0.0,4.0,15.0,10.0,0.0,15.0,10.0,78.0,82.0,8.0,0.0,30.0,10.0
5820,MODEL_Y,C,435.0,675.0,c1,d1,10.0,25.0,15.0,30.0,0.0,3.0,40.0,0.0,30.0,3.0,10.0,20.0,20.0,15.0,10.0,0.0,15.0,10.0,57.0,58.0,7.0,17.0,30.0,10.0
5821,MODEL_Y,C,419.0,675.0,c1,d1,10.0,22.0,3.0,30.0,0.0,3.0,22.0,0.0,30.0,3.0,10.0,20.0,20.0,15.0,10.0,0.0,15.0,10.0,55.0,20.0,61.0,20.0,30.0,10.0
5822,MODEL_Y,E,186.0,675.0,c1,d1,0.0,3.0,15.0,0.0,0.0,11.0,40.0,0.0,0.0,0.0,0.0,0.0,20.0,15.0,7.0,0.0,15.0,10.0,80.0,0.0,0.0,20.0,30.0,10.0
5823,MODEL_Y,D,212.0,675.0,c1,d1,10.0,0.0,0.0,0.0,0.0,5.0,0.0,0.0,0.0,0.0,0.0,0.0,0.0,0.0,10.0,0.0,15.0,10.0,54.0,47.0,54.0,17.0,30.0,10.0
5824,MODEL_Y,C,450.0,675.0,c1,d1,10.0,25.0,15.0,30.0,0.0,3.0,40.0,0.0,30.0,3.0,10.0,20.0,20.0,15.0,10.0,0.0,15.0,10.0,32.0,55.0,47.0,20.0,30.0,10.0
5825,MODEL_Y,E,211.0,675.0,c1,d1,0.0,3.0,15.0,0.0,0.0,3.0,40.0,0.0,0.0,0.0,0.0,0.0,20.0,15.0,10.0,0.0,15.0,10.0,75.0,0.0,35.0,20.0,30.0,10.0
5826,MODEL_Y,E,302.0,675.0,c1,d1,0.0,25.0,15.0,0.0,0.0,2.0,40.0,0.0,0.0,0.0,0.0,0.0,20.0,15.0,10.0,0.0,15.0,0.0,80.0,0.0,70.0,20.0,30.0,10.0
5827,MODEL_Y,D,321.0,675.0,c1,d1,10.0,25.0,3.0,0.0,0.0,2.0,0.0,0.0,30.0,3.0,10.0,20.0,20.0,15.0,10.0,0.0,15.0,10.0,18.0,67.0,53.0,20.0,30.0,10.0
5828,MODEL_Y,E,453.0,675.0,c1,d1,10.0,25.0,3.0,30.0,0.0,3.0,10.0,0.0,30.0,3.0,10.0,0.0,0.0,15.0,10.0,0.0,15.0,10.0,80.0,97.0,42.0,20.0,30.0,10.0
5829,MODEL_Y,D,182.0,675.0,c1,d1,10.0,0.0,0.0,0.0,0.0,23.0,0.0,0.0,0.0,0.0,0.0,0.0,0.0,0.0,10.0,0.0,15.0,10.0,76.0,29.0,19.0,0.0,30.0,10.0
5830,MODEL_Y,D,202.0,675.0,c1,d1,10.0,0.0,0.0,0.0,0.0,5.0,0.0,0.0,0.0,0.0,0.0,0.0,0.0,0.0,10.0,0.0,15.0,10.0,59.0,53.0,33.0,17.0,30.0,10.0
5831,MODEL_Y,D,363.0,675.0,c1,d1,0.0,10.0,15.0,30.0,0.0,23.0,40.0,0.0,0.0,0.0,0.0,0.0,20.0,15.0,10.0,0.0,15.0,10.0,70.0,15.0,46.0,4.0,30.0,10.0
5832,MODEL_Y,C,460.0,675.0,c1,d1,10.0,23.0,11.0,30.0,0.0,6.0,40.0,0.0,30.0,3.0,10.0,20.0,20.0,15.0,10.0,0.0,15.0,10.0,55.0,29.0,69.0,14.0,30.0,10.0
5833,MODEL_Y,D,188.0,675.0,c1,d1,10.0,0.0,0.0,0.0,0.0,22.0,0.0,0.0,0.0,0.0,0.0,0.0,0.0,0.0,10.0,0.0,15.0,10.0,59.0,50.0,22.0,0.0,30.0,10.0
5834,MODEL_Y,D,184.0,675.0,c1,d1,10.0,0.0,0.0,0.0,0.0,23.0,0.0,0.0,0.0,0.0,0.0,0.0,0.0,0.0,10.0,0.0,15.0,10.0,70.0,15.0,38.0,3.0,30.0,10.0
5835,MODEL_Y,D,375.0,675.0,c1,d1,10.0,21.0,0.0,30.0,0.0,23.0,10.0,0.0,30.0,3.0,10.0,20.0,4.0,15.0,10.0,0.0,15.0,10.0,76.0,29.0,19.0,0.0,30.0,10.0
5836,MODEL_Y,B,489.0,675.0,c1,d1,10.0,25.0,15.0,30.0,0.0,3.0,22.0,0.0,30.0,3.0,10.0,20.0,20.0,15.0,10.0,0.0,15.0,10.0,53.0,71.0,67.0,20.0,30.0,10.0
5837,MODEL_Y,C,450.0,675.0,c1,d1,10.0,23.0,7.0,30.0,0.0,5.0,40.0,0.0,30.0,3.0,10.0,20.0,20.0,15.0,10.0,0.0,15.0,10.0,59.0,53.0,33.0,17.0,30.0,10.0
5838,MODEL_Y,D,186.0,675.0,c1,d1,10.0,0.0,0.0,0.0,0.0,3.0,0.0,0.0,0.0,0.0,0.0,0.0,0.0,0.0,10.0,0.0,15.0,10.0,42.0,40.0,47.0,19.0,30.0,10.0
5839,MODEL_Y,E,257.0,675.0,c1,d1,0.0,0.0,0.0,10.0,0.0,2.0,0.0,0.0,0.0,0.0,0.0,0.0,0.0,0.0,10.0,0.0,15.0,10.0,80.0,0.0,70.0,20.0,30.0,10.0
5840,MODEL_Y,D,392.0,675.0,c1,d1,10.0,25.0,15.0,30.0,0.0,22.0,10.0,0.0,30.0,3.0,10.0,12.0,4.0,15.0,10.0,0.0,15.0,10.0,59.0,50.0,22.0,0.0,30.0,10.0
5841,MODEL_Y,D,384.0,675.0,c1,d1,10.0,25.0,15.0,30.0,0.0,23.0,22.0,0.0,30.0,3.0,10.0,0.0,0.0,15.0,10.0,0.0,15.0,10.0,70.0,15.0,38.0,3.0,30.0,10.0
5842,MODEL_Y,D,270.0,675.0,c1,d1,10.0,3.0,11.0,0.0,0.0,20.0,10.0,0.0,30.0,3.0,10.0,20.0,8.0,15.0,10.0,0.0,15.0,10.0,65.0,66.0,14.0,0.0,30.0,10.0
5843,MODEL_Y,C,426.0,675.0,c1,d1,10.0,25.0,15.0,30.0,0.0,3.0,22.0,0.0,30.0,3.0,10.0,20.0,20.0,15.0,10.0,0.0,15.0,10.0,42.0,40.0,47.0,19.0,30.0,10.0
5844,MODEL_Y,D,223.0,675.0,c1,d1,10.0,0.0,0.0,0.0,0.0,6.0,0.0,0.0,0.0,0.0,0.0,0.0,0.0,0.0,10.0,0.0,15.0,10.0,65.0,46.0,58.0,13.0,30.0,10.0
5845,MODEL_Y,D,181.0,675.0,c1,d1,10.0,0.0,0.0,0.0,0.0,11.0,0.0,0.0,0.0,0.0,0.0,0.0,0.0,0.0,10.0,0.0,15.0,10.0,31.0,51.0,33.0,20.0,30.0,10.0
5846,MODEL_Y,C,466.0,675.0,c1,d1,10.0,14.0,11.0,30.0,0.0,6.0,40.0,0.0,30.0,3.0,10.0,20.0,20.0,15.0,10.0,0.0,15.0,10.0,65.0,46.0,58.0,13.0,30.0,10.0
5847,MODEL_Y,D,189.0,675.0,c1,d1,10.0,0.0,0.0,0.0,0.0,3.0,0.0,0.0,0.0,0.0,0.0,0.0,0.0,0.0,10.0,0.0,15.0,10.0,21.0,46.0,64.0,20.0,30.0,10.0
5848,MODEL_Y,C,425.0,675.0,c1,d1,10.0,25.0,11.0,30.0,0.0,3.0,40.0,0.0,30.0,3.0,10.0,20.0,20.0,15.0,10.0,0.0,15.0,10.0,12.0,37.0,64.0,20.0,30.0,10.0
5849,MODEL_Y,E,372.0,675.0,c1,d1,0.0,25.0,15.0,10.0,0.0,2.0,40.0,0.0,0.0,0.0,0.0,0.0,20.0,15.0,10.0,0.0,15.0,10.0,80.0,0.0,70.0,20.0,30.0,10.0
5850,MODEL_Y,D,381.0,675.0,c1,d1,10.0,25.0,15.0,30.0,0.0,11.0,10.0,0.0,30.0,3.0,10.0,0.0,12.0,15.0,10.0,0.0,15.0,10.0,31.0,51.0,33.0,20.0,30.0,10.0
5851,MODEL_Y,C,425.0,675.0,c1,d1,10.0,25.0,11.0,30.0,0.0,3.0,22.0,0.0,30.0,3.0,10.0,20.0,20.0,15.0,10.0,0.0,15.0,10.0,21.0,46.0,64.0,20.0,30.0,10.0
5852,MODEL_Y,D,396.0,675.0,c1,d1,10.0,25.0,11.0,30.0,0.0,22.0,0.0,0.0,30.0,3.0,10.0,20.0,4.0,15.0,10.0,0.0,15.0,10.0,80.0,91.0,0.0,0.0,0.0,10.0
5853,MODEL_Y,D,148.0,675.0,c1,d1,10.0,0.0,0.0,0.0,0.0,11.0,0.0,0.0,0.0,0.0,0.0,0.0,0.0,0.0,3.0,0.0,15.0,10.0,29.0,50.0,10.0,20.0,30.0,10.0
5854,MODEL_Y,E,372.0,675.0,c1,d1,0.0,25.0,15.0,10.0,0.0,2.0,40.0,0.0,0.0,0.0,0.0,0.0,20.0,15.0,10.0,0.0,15.0,10.0,80.0,0.0,70.0,20.0,30.0,10.0
5855,MODEL_Y,E,325.0,675.0,c1,d1,10.0,25.0,7.0,30.0,0.0,3.0,22.0,0.0,0.0,3.0,10.0,0.0,20.0,0.0,10.0,0.0,15.0,10.0,67.0,83.0,30.0,20.0,30.0,10.0
5856,MODEL_Y,D,337.0,675.0,c1,d1,10.0,17.0,7.0,30.0,0.0,23.0,22.0,0.0,0.0,0.0,0.0,0.0,8.0,15.0,10.0,0.0,15.0,10.0,69.0,50.0,11.0,0.0,30.0,10.0
5857,MODEL_Y,C,406.0,675.0,c1,d1,10.0,25.0,15.0,30.0,0.0,11.0,40.0,0.0,30.0,3.0,10.0,20.0,20.0,15.0,3.0,0.0,15.0,10.0,29.0,50.0,10.0,20.0,30.0,10.0
5858,MODEL_Y,D,355.0,675.0,c1,d1,0.0,24.0,11.0,30.0,0.0,20.0,40.0,0.0,0.0,0.0,0.0,0.0,20.0,15.0,10.0,0.0,15.0,10.0,49.0,40.0,31.0,0.0,30.0,10.0
5859,MODEL_Y,D,165.0,675.0,c1,d1,10.0,0.0,0.0,0.0,0.0,3.0,0.0,0.0,0.0,0.0,0.0,0.0,0.0,0.0,10.0,0.0,15.0,10.0,29.0,53.0,25.0,20.0,30.0,10.0
5860,MODEL_Y,D,184.0,675.0,c1,d1,10.0,0.0,0.0,0.0,0.0,22.0,0.0,0.0,0.0,0.0,0.0,0.0,0.0,0.0,10.0,0.0,15.0,10.0,56.0,44.0,27.0,0.0,30.0,10.0
5861,MODEL_Y,D,211.0,675.0,c1,d1,10.0,0.0,0.0,0.0,0.0,5.0,0.0,0.0,0.0,0.0,0.0,0.0,0.0,0.0,10.0,0.0,15.0,10.0,59.0,53.0,42.0,17.0,30.0,10.0
5862,MODEL_Y,C,445.0,675.0,c1,d1,10.0,25.0,3.0,30.0,0.0,3.0,22.0,0.0,30.0,3.0,10.0,20.0,20.0,15.0,10.0,0.0,15.0,10.0,70.0,86.0,3.0,20.0,30.0,10.0
5863,MODEL_Y,C,423.0,675.0,c1,d1,10.0,25.0,15.0,30.0,0.0,3.0,40.0,0.0,30.0,3.0,10.0,20.0,20.0,15.0,10.0,0.0,15.0,10.0,29.0,53.0,25.0,20.0,30.0,10.0
5864,MODEL_Y,D,285.0,675.0,c1,d1,10.0,3.0,11.0,0.0,0.0,22.0,40.0,0.0,30.0,3.0,10.0,0.0,20.0,15.0,10.0,0.0,15.0,10.0,56.0,44.0,36.0,0.0,30.0,10.0
5865,MODEL_Y,D,145.0,675.0,c1,d1,10.0,0.0,0.0,0.0,0.0,3.0,0.0,0.0,0.0,0.0,0.0,0.0,0.0,0.0,10.0,0.0,15.0,10.0,32.0,55.0,0.0,20.0,30.0,10.0
5866,MODEL_Y,C,445.0,675.0,c1,d1,10.0,25.0,11.0,30.0,0.0,3.0,22.0,0.0,30.0,3.0,10.0,20.0,4.0,15.0,10.0,0.0,15.0,10.0,60.0,77.0,30.0,20.0,30.0,10.0
5867,MODEL_Y,C,463.0,675.0,c1,d1,10.0,23.0,11.0,30.0,0.0,5.0,40.0,0.0,30.0,3.0,10.0,20.0,20.0,15.0,10.0,0.0,15.0,10.0,59.0,53.0,42.0,17.0,30.0,10.0
5868,MODEL_Y,E,381.0,675.0,c1,d1,10.0,4.0,0.0,30.0,0.0,9.0,0.0,0.0,30.0,0.0,10.0,20.0,0.0,0.0,3.0,0.0,15.0,0.0,80.0,100.0,70.0,20.0,30.0,10.0
5869,MODEL_Y,D,381.0,675.0,c1,d1,10.0,25.0,11.0,30.0,0.0,3.0,22.0,0.0,30.0,3.0,10.0,20.0,20.0,15.0,10.0,0.0,15.0,10.0,32.0,55.0,0.0,20.0,30.0,10.0
5870,MODEL_Y,E,358.0,675.0,c1,d1,0.0,11.0,15.0,10.0,0.0,2.0,40.0,0.0,0.0,0.0,0.0,0.0,20.0,15.0,10.0,0.0,15.0,10.0,80.0,0.0,70.0,20.0,30.0,10.0
5871,MODEL_Y,C,460.0,675.0,c1,d1,10.0,25.0,15.0,30.0,0.0,3.0,40.0,0.0,30.0,2.0,10.0,20.0,20.0,15.0,10.0,0.0,15.0,0.0,69.0,85.0,1.0,20.0,30.0,10.0
5872,MODEL_Y,D,122.0,675.0,c1,d1,10.0,0.0,0.0,0.0,0.0,3.0,0.0,0.0,0.0,0.0,0.0,0.0,0.0,0.0,10.0,0.0,15.0,10.0,0.0,25.0,39.0,20.0,30.0,10.0
5873,MODEL_Y,D,325.0,675.0,c1,d1,0.0,23.0,15.0,30.0,0.0,23.0,40.0,0.0,0.0,0.0,0.0,0.0,20.0,15.0,10.0,0.0,15.0,0.0,50.0,11.0,33.0,0.0,30.0,10.0
5874,MODEL_Y,D,380.0,675.0,c1,d1,10.0,25.0,15.0,30.0,0.0,3.0,40.0,0.0,30.0,3.0,10.0,20.0,20.0,15.0,10.0,0.0,15.0,10.0,0.0,25.0,39.0,20.0,30.0,10.0
5875,MODEL_Y,E,226.0,675.0,c1,d1,10.0,0.0,0.0,0.0,0.0,6.0,0.0,0.0,0.0,0.0,0.0,0.0,0.0,0.0,10.0,0.0,15.0,10.0,74.0,59.0,39.0,13.0,30.0,10.0
5876,MODEL_Y,E,456.0,675.0,c1,d1,10.0,25.0,7.0,30.0,0.0,6.0,40.0,0.0,30.0,3.0,10.0,0.0,20.0,15.0,10.0,0.0,15.0,10.0,74.0,59.0,39.0,13.0,30.0,10.0
5877,MODEL_Y,D,395.0,675.0,c1,d1,10.0,25.0,11.0,30.0,0.0,9.0,22.0,0.0,30.0,3.0,10.0,20.0,4.0,15.0,7.0,0.0,15.0,10.0,61.0,45.0,8.0,20.0,30.0,10.0
5878,MODEL_Y,D,148.0,675.0,c1,d1,10.0,0.0,0.0,0.0,0.0,2.0,0.0,0.0,0.0,0.0,0.0,0.0,0.0,0.0,10.0,0.0,15.0,10.0,4.0,58.0,29.0,20.0,30.0,10.0
5879,MODEL_Y,D,215.0,675.0,c1,d1,10.0,0.0,0.0,0.0,0.0,6.0,0.0,0.0,0.0,0.0,0.0,0.0,0.0,0.0,7.0,0.0,15.0,10.0,75.0,61.0,28.0,13.0,30.0,10.0
5880,MODEL_Y,D,194.0,675.0,c1,d1,10.0,0.0,0.0,0.0,0.0,22.0,0.0,0.0,0.0,0.0,0.0,0.0,0.0,0.0,10.0,0.0,15.0,10.0,60.0,52.0,25.0,0.0,30.0,10.0
5881,MODEL_Y,E,377.0,675.0,c1,d1,0.0,25.0,15.0,10.0,0.0,2.0,40.0,0.0,0.0,0.0,0.0,0.0,20.0,15.0,10.0,15.0,15.0,0.0,80.0,0.0,70.0,20.0,30.0,10.0
5882,MODEL_Y,E,250.0,675.0,c1,d1,0.0,0.0,15.0,0.0,0.0,2.0,40.0,0.0,0.0,0.0,0.0,0.0,20.0,15.0,10.0,0.0,15.0,10.0,43.0,0.0,70.0,20.0,30.0,10.0
5883,MODEL_Y,E,250.0,675.0,c1,d1,0.0,0.0,15.0,0.0,0.0,2.0,40.0,0.0,0.0,0.0,0.0,0.0,20.0,15.0,10.0,0.0,15.0,10.0,43.0,0.0,70.0,20.0,30.0,10.0
5884,MODEL_Y,D,406.0,675.0,c1,d1,10.0,25.0,15.0,30.0,0.0,2.0,40.0,0.0,30.0,3.0,10.0,20.0,20.0,15.0,10.0,0.0,15.0,10.0,4.0,58.0,29.0,20.0,30.0,10.0
5885,MODEL_Y,C,458.0,675.0,c1,d1,10.0,25.0,0.0,30.0,0.0,6.0,40.0,0.0,30.0,3.0,10.0,20.0,20.0,15.0,7.0,0.0,15.0,10.0,75.0,61.0,28.0,13.0,30.0,10.0
5886,MODEL_Y,D,306.0,675.0,c1,d1,10.0,3.0,11.0,0.0,0.0,22.0,40.0,0.0,30.0,3.0,10.0,20.0,20.0,15.0,10.0,0.0,15.0,10.0,60.0,52.0,25.0,0.0,30.0,10.0
5887,MODEL_Y,C,435.0,675.0,c1,d1,10.0,25.0,15.0,30.0,0.0,11.0,40.0,0.0,30.0,3.0,10.0,20.0,20.0,15.0,7.0,0.0,15.0,10.0,24.0,44.0,46.0,20.0,30.0,10.0
5888,MODEL_Y,E,200.0,675.0,c1,d1,0.0,3.0,15.0,0.0,0.0,3.0,40.0,0.0,0.0,0.0,0.0,0.0,20.0,15.0,10.0,0.0,15.0,10.0,69.0,0.0,30.0,20.0,30.0,10.0
5889,MODEL_Y,C,434.0,675.0,c1,d1,10.0,25.0,7.0,30.0,0.0,23.0,22.0,0.0,30.0,3.0,10.0,20.0,8.0,15.0,10.0,0.0,15.0,10.0,76.0,31.0,45.0,4.0,30.0,10.0
5890,MODEL_Y,D,186.0,675.0,c1,d1,10.0,0.0,0.0,0.0,0.0,6.0,0.0,0.0,0.0,0.0,0.0,0.0,0.0,0.0,10.0,0.0,15.0,10.0,66.0,48.0,18.0,13.0,30.0,10.0
5891,MODEL_Y,D,142.0,675.0,c1,d1,10.0,0.0,0.0,0.0,0.0,20.0,0.0,0.0,0.0,0.0,0.0,0.0,0.0,0.0,10.0,0.0,15.0,10.0,31.0,11.0,45.0,0.0,30.0,10.0
5892,MODEL_Y,E,290.0,675.0,c1,d1,0.0,25.0,15.0,0.0,0.0,2.0,40.0,0.0,0.0,0.0,0.0,0.0,20.0,15.0,10.0,0.0,15.0,10.0,58.0,0.0,70.0,20.0,30.0,10.0
5893,MODEL_Y,D,406.0,675.0,c1,d1,10.0,25.0,7.0,30.0,0.0,6.0,22.0,0.0,30.0,3.0,10.0,20.0,8.0,15.0,10.0,0.0,15.0,10.0,66.0,48.0,18.0,13.0,30.0,10.0
5894,MODEL_Y,E,160.0,675.0,c1,d1,0.0,0.0,0.0,0.0,0.0,6.0,0.0,0.0,0.0,0.0,0.0,0.0,0.0,0.0,10.0,0.0,15.0,10.0,48.0,60.0,39.0,12.0,30.0,10.0
5895,MODEL_Y,E,159.0,675.0,c1,d1,0.0,0.0,0.0,0.0,0.0,6.0,0.0,0.0,0.0,0.0,0.0,0.0,0.0,0.0,10.0,0.0,15.0,10.0,73.0,57.0,16.0,12.0,30.0,10.0
5896,MODEL_Y,D,361.0,675.0,c1,d1,10.0,24.0,11.0,30.0,0.0,20.0,22.0,0.0,30.0,3.0,10.0,20.0,4.0,15.0,10.0,0.0,15.0,10.0,31.0,11.0,45.0,0.0,30.0,10.0
5897,MODEL_Y,E,246.0,675.0,c1,d1,0.0,0.0,15.0,0.0,0.0,2.0,40.0,0.0,0.0,0.0,0.0,0.0,20.0,15.0,10.0,0.0,15.0,10.0,39.0,0.0,70.0,20.0,30.0,10.0
5898,MODEL_Y,D,351.0,675.0,c1,d1,10.0,25.0,15.0,30.0,0.0,3.0,40.0,0.0,30.0,3.0,10.0,20.0,20.0,15.0,10.0,0.0,15.0,10.0,0.0,22.0,13.0,20.0,30.0,10.0
5899,MODEL_Y,E,238.0,675.0,c1,d1,0.0,3.0,11.0,0.0,0.0,6.0,22.0,0.0,30.0,3.0,10.0,20.0,4.0,15.0,10.0,0.0,15.0,10.0,48.0,60.0,39.0,12.0,30.0,10.0
5900,MODEL_Y,E,271.0,675.0,c1,d1,0.0,3.0,11.0,0.0,0.0,6.0,40.0,0.0,30.0,3.0,10.0,20.0,20.0,15.0,10.0,0.0,15.0,10.0,73.0,57.0,16.0,12.0,30.0,10.0
5901,MODEL_Y,D,224.0,675.0,c1,d1,10.0,0.0,0.0,0.0,0.0,6.0,0.0,0.0,0.0,0.0,0.0,0.0,0.0,0.0,10.0,0.0,15.0,10.0,63.0,42.0,65.0,13.0,30.0,10.0
5902,MODEL_Y,D,176.0,675.0,c1,d1,10.0,0.0,0.0,0.0,0.0,3.0,0.0,0.0,0.0,0.0,0.0,0.0,0.0,0.0,10.0,0.0,15.0,10.0,68.0,70.0,0.0,0.0,30.0,10.0
5903,MODEL_Y,D,277.0,675.0,c1,d1,10.0,3.0,11.0,0.0,0.0,20.0,22.0,0.0,30.0,3.0,10.0,0.0,0.0,15.0,10.0,0.0,15.0,10.0,77.0,86.0,5.0,0.0,30.0,10.0
5904,MODEL_Y,E,305.0,675.0,c1,d1,0.0,25.0,15.0,10.0,0.0,3.0,40.0,0.0,0.0,0.0,0.0,0.0,20.0,15.0,10.0,0.0,15.0,0.0,22.0,0.0,70.0,20.0,30.0,10.0
5905,MODEL_Y,C,444.0,675.0,c1,d1,10.0,25.0,7.0,30.0,0.0,6.0,22.0,0.0,30.0,3.0,10.0,20.0,8.0,15.0,10.0,0.0,15.0,10.0,63.0,42.0,65.0,13.0,30.0,10.0
5906,MODEL_Y,D,205.0,675.0,c1,d1,10.0,0.0,0.0,0.0,0.0,5.0,0.0,0.0,0.0,0.0,0.0,0.0,0.0,0.0,10.0,0.0,15.0,10.0,57.0,50.0,41.0,17.0,30.0,10.0
5907,MODEL_Y,D,156.0,675.0,c1,d1,10.0,0.0,0.0,0.0,0.0,5.0,0.0,0.0,0.0,0.0,0.0,0.0,0.0,0.0,10.0,0.0,15.0,10.0,49.0,39.0,12.0,16.0,30.0,10.0
5908,MODEL_Y,C,461.0,675.0,c1,d1,10.0,23.0,15.0,30.0,0.0,5.0,40.0,0.0,30.0,3.0,10.0,20.0,20.0,15.0,10.0,0.0,15.0,10.0,57.0,50.0,41.0,17.0,30.0,10.0
5909,MODEL_Y,C,423.0,675.0,c1,d1,10.0,25.0,11.0,30.0,0.0,6.0,22.0,0.0,30.0,3.0,10.0,12.0,8.0,15.0,3.0,0.0,15.0,0.0,69.0,53.0,46.0,15.0,30.0,10.0
5910,MODEL_Y,E,372.0,675.0,c1,d1,0.0,25.0,15.0,10.0,0.0,2.0,40.0,0.0,0.0,0.0,0.0,0.0,20.0,15.0,10.0,0.0,15.0,10.0,80.0,0.0,70.0,20.0,30.0,10.0
5911,MODEL_Y,D,200.0,675.0,c1,d1,10.0,0.0,0.0,0.0,0.0,3.0,0.0,0.0,0.0,0.0,0.0,0.0,0.0,0.0,10.0,0.0,15.0,10.0,43.0,64.0,35.0,20.0,30.0,10.0
5912,MODEL_Y,D,116.0,675.0,c1,d1,10.0,0.0,0.0,0.0,0.0,3.0,0.0,0.0,0.0,0.0,0.0,0.0,0.0,0.0,10.0,0.0,15.0,10.0,6.0,31.0,21.0,20.0,30.0,10.0
5913,MODEL_Y,D,380.0,675.0,c1,d1,10.0,25.0,11.0,30.0,0.0,5.0,22.0,0.0,30.0,3.0,10.0,20.0,8.0,15.0,10.0,0.0,15.0,10.0,49.0,39.0,12.0,16.0,30.0,10.0
5914,MODEL_Y,E,388.0,675.0,c1,d1,10.0,25.0,15.0,30.0,0.0,3.0,10.0,0.0,30.0,3.0,10.0,0.0,0.0,15.0,10.0,0.0,15.0,10.0,43.0,64.0,35.0,20.0,30.0,10.0
5915,MODEL_Y,D,374.0,675.0,c1,d1,10.0,25.0,15.0,30.0,0.0,3.0,40.0,0.0,30.0,3.0,10.0,20.0,20.0,15.0,10.0,0.0,15.0,10.0,6.0,31.0,21.0,20.0,30.0,10.0
5916,MODEL_Y,D,152.0,675.0,c1,d1,10.0,0.0,0.0,0.0,0.0,3.0,0.0,0.0,0.0,0.0,0.0,0.0,0.0,0.0,10.0,0.0,15.0,10.0,15.0,40.0,39.0,20.0,30.0,10.0
5917,MODEL_Y,E,393.0,675.0,c1,d1,10.0,25.0,11.0,30.0,0.0,3.0,22.0,0.0,30.0,3.0,10.0,0.0,0.0,15.0,7.0,0.0,15.0,10.0,53.0,71.0,18.0,20.0,30.0,10.0
5918,MODEL_Y,D,213.0,675.0,c1,d1,10.0,0.0,0.0,0.0,0.0,6.0,0.0,0.0,0.0,0.0,0.0,0.0,0.0,0.0,10.0,0.0,15.0,10.0,57.0,31.0,70.0,14.0,30.0,10.0
5919,MODEL_Y,E,279.0,675.0,c1,d1,0.0,25.0,15.0,0.0,0.0,2.0,40.0,0.0,0.0,0.0,0.0,0.0,20.0,15.0,10.0,0.0,15.0,10.0,47.0,0.0,70.0,20.0,30.0,10.0
5920,MODEL_Y,C,410.0,675.0,c1,d1,10.0,25.0,15.0,30.0,0.0,3.0,40.0,0.0,30.0,3.0,10.0,20.0,20.0,15.0,10.0,0.0,15.0,10.0,15.0,40.0,39.0,20.0,30.0,10.0
5921,MODEL_Y,D,344.0,675.0,c1,d1,10.0,25.0,11.0,30.0,0.0,14.0,0.0,0.0,30.0,3.0,10.0,20.0,4.0,15.0,10.0,0.0,15.0,10.0,34.0,28.0,16.0,19.0,30.0,10.0
5922,MODEL_Y,C,471.0,675.0,c1,d1,10.0,25.0,15.0,30.0,0.0,6.0,40.0,0.0,30.0,3.0,10.0,20.0,20.0,15.0,10.0,0.0,15.0,10.0,57.0,31.0,70.0,14.0,30.0,10.0
5923,MODEL_Y,E,369.0,675.0,c1,d1,0.0,25.0,15.0,10.0,0.0,2.0,40.0,0.0,0.0,0.0,0.0,0.0,20.0,15.0,10.0,0.0,15.0,10.0,77.0,0.0,70.0,20.0,30.0,10.0
5924,MODEL_Y,E,292.0,675.0,c1,d1,0.0,25.0,15.0,0.0,0.0,2.0,40.0,0.0,0.0,0.0,0.0,0.0,20.0,15.0,10.0,0.0,15.0,10.0,60.0,0.0,70.0,20.0,30.0,10.0
5925,MODEL_Y,D,140.0,675.0,c1,d1,10.0,0.0,0.0,0.0,0.0,3.0,0.0,0.0,0.0,0.0,0.0,0.0,0.0,0.0,10.0,0.0,15.0,10.0,4.0,29.0,49.0,20.0,30.0,10.0
5926,MODEL_Y,D,280.0,675.0,c1,d1,10.0,3.0,15.0,0.0,0.0,22.0,22.0,0.0,30.0,3.0,10.0,20.0,4.0,15.0,10.0,0.0,15.0,10.0,50.0,32.0,59.0,0.0,30.0,10.0
5927,MODEL_Y,E,379.0,675.0,c1,d1,0.0,25.0,15.0,10.0,0.0,11.0,40.0,0.0,0.0,0.0,0.0,0.0,20.0,15.0,10.0,0.0,15.0,10.0,78.0,0.0,70.0,20.0,30.0,10.0
5928,MODEL_Y,E,372.0,675.0,c1,d1,0.0,25.0,15.0,10.0,0.0,2.0,40.0,0.0,0.0,0.0,0.0,0.0,20.0,15.0,10.0,0.0,15.0,10.0,80.0,0.0,70.0,20.0,30.0,10.0
5929,MODEL_Y,E,212.0,675.0,c1,d1,10.0,0.0,0.0,0.0,0.0,6.0,0.0,0.0,0.0,0.0,0.0,0.0,0.0,0.0,10.0,0.0,15.0,10.0,67.0,50.0,41.0,13.0,30.0,10.0
5930,MODEL_Y,D,398.0,675.0,c1,d1,10.0,25.0,15.0,30.0,0.0,3.0,40.0,0.0,30.0,3.0,10.0,20.0,20.0,15.0,10.0,0.0,15.0,10.0,4.0,29.0,49.0,20.0,30.0,10.0
5931,MODEL_Y,E,383.0,675.0,c1,d1,10.0,19.0,15.0,0.0,0.0,11.0,40.0,0.0,30.0,3.0,10.0,20.0,20.0,15.0,10.0,0.0,15.0,10.0,80.0,0.0,65.0,20.0,30.0,10.0
5932,MODEL_Y,E,461.0,675.0,c1,d1,10.0,24.0,7.0,30.0,0.0,6.0,40.0,0.0,30.0,3.0,10.0,20.0,20.0,15.0,10.0,0.0,15.0,10.0,67.0,50.0,41.0,13.0,30.0,10.0
5933,MODEL_Y,E,372.0,675.0,c1,d1,0.0,25.0,15.0,10.0,0.0,2.0,40.0,0.0,0.0,0.0,0.0,0.0,20.0,15.0,10.0,0.0,15.0,10.0,80.0,0.0,70.0,20.0,30.0,10.0
5934,MODEL_Y,D,214.0,675.0,c1,d1,10.0,0.0,0.0,0.0,0.0,6.0,0.0,0.0,0.0,0.0,0.0,0.0,0.0,0.0,10.0,0.0,15.0,10.0,63.0,42.0,54.0,14.0,30.0,10.0
5935,MODEL_Y,E,287.0,675.0,c1,d1,0.0,25.0,15.0,0.0,0.0,2.0,40.0,0.0,0.0,0.0,0.0,0.0,20.0,15.0,10.0,0.0,15.0,10.0,55.0,0.0,70.0,20.0,30.0,10.0
5936,MODEL_Y,D,322.0,675.0,c1,d1,10.0,3.0,7.0,0.0,0.0,6.0,40.0,0.0,30.0,3.0,10.0,20.0,20.0,15.0,10.0,0.0,15.0,10.0,63.0,42.0,54.0,14.0,30.0,10.0
5937,MODEL_Y,D,235.0,675.0,c1,d1,10.0,0.0,0.0,0.0,0.0,14.0,0.0,0.0,0.0,0.0,0.0,0.0,0.0,0.0,10.0,0.0,15.0,10.0,50.0,50.0,66.0,20.0,30.0,10.0
5938,MODEL_Y,D,276.0,675.0,c1,d1,10.0,3.0,15.0,0.0,0.0,20.0,40.0,0.0,30.0,3.0,10.0,0.0,20.0,15.0,10.0,0.0,15.0,10.0,45.0,31.0,49.0,0.0,30.0,10.0
5939,MODEL_Y,D,215.0,675.0,c1,d1,10.0,0.0,0.0,0.0,0.0,20.0,0.0,0.0,0.0,0.0,0.0,0.0,0.0,0.0,10.0,0.0,15.0,10.0,76.0,84.0,0.0,0.0,30.0,10.0
5940,MODEL_Y,B,493.0,675.0,c1,d1,10.0,25.0,15.0,30.0,0.0,14.0,40.0,0.0,30.0,3.0,10.0,20.0,20.0,15.0,10.0,0.0,15.0,10.0,50.0,50.0,66.0,20.0,30.0,10.0
5941,MODEL_Y,E,368.0,675.0,c1,d1,0.0,25.0,15.0,10.0,0.0,2.0,40.0,0.0,0.0,0.0,0.0,0.0,20.0,15.0,10.0,0.0,15.0,10.0,76.0,0.0,70.0,20.0,30.0,10.0
5942,MODEL_Y,D,227.0,675.0,c1,d1,10.0,0.0,0.0,0.0,0.0,23.0,0.0,0.0,0.0,0.0,0.0,0.0,0.0,0.0,10.0,0.0,15.0,10.0,80.0,72.0,17.0,0.0,30.0,10.0
5943,MODEL_Y,C,470.0,675.0,c1,d1,10.0,25.0,11.0,30.0,0.0,20.0,22.0,0.0,30.0,3.0,10.0,20.0,20.0,15.0,10.0,0.0,15.0,10.0,76.0,84.0,19.0,0.0,30.0,10.0
5944,MODEL_Y,E,373.0,675.0,c1,d1,0.0,25.0,15.0,10.0,0.0,3.0,40.0,0.0,0.0,0.0,0.0,0.0,20.0,15.0,10.0,0.0,15.0,10.0,80.0,0.0,70.0,20.0,30.0,10.0
5945,MODEL_Y,D,297.0,675.0,c1,d1,10.0,3.0,3.0,0.0,0.0,23.0,22.0,0.0,30.0,3.0,10.0,20.0,4.0,15.0,10.0,0.0,15.0,10.0,80.0,72.0,17.0,0.0,30.0,10.0
5946,MODEL_Y,D,181.0,675.0,c1,d1,10.0,0.0,0.0,0.0,0.0,20.0,0.0,0.0,0.0,0.0,0.0,0.0,0.0,0.0,10.0,0.0,15.0,10.0,54.0,50.0,22.0,0.0,30.0,10.0
5947,MODEL_Y,D,223.0,675.0,c1,d1,10.0,3.0,11.0,0.0,0.0,20.0,0.0,0.0,30.0,3.0,10.0,0.0,0.0,15.0,10.0,0.0,15.0,10.0,54.0,50.0,32.0,0.0,30.0,10.0
5948,MODEL_Y,D,211.0,675.0,c1,d1,10.0,0.0,0.0,0.0,0.0,3.0,0.0,0.0,0.0,0.0,0.0,0.0,0.0,0.0,10.0,0.0,15.0,10.0,32.0,55.0,66.0,20.0,30.0,10.0
5949,MODEL_Y,E,176.0,675.0,c1,d1,10.0,0.0,0.0,0.0,0.0,3.0,0.0,0.0,0.0,0.0,0.0,0.0,0.0,0.0,10.0,0.0,15.0,10.0,15.0,40.0,63.0,20.0,30.0,10.0
5950,MODEL_Y,D,194.0,675.0,c1,d1,0.0,0.0,0.0,0.0,0.0,6.0,0.0,0.0,0.0,0.0,0.0,0.0,0.0,0.0,10.0,0.0,15.0,10.0,54.0,26.0,70.0,13.0,30.0,10.0
5951,MODEL_Y,C,439.0,675.0,c1,d1,10.0,25.0,15.0,30.0,0.0,3.0,22.0,0.0,30.0,3.0,10.0,20.0,8.0,15.0,10.0,0.0,15.0,10.0,32.0,55.0,66.0,20.0,30.0,10.0
5952,MODEL_Y,E,434.0,675.0,c1,d1,10.0,25.0,15.0,30.0,0.0,3.0,40.0,0.0,30.0,3.0,10.0,20.0,20.0,15.0,10.0,0.0,15.0,10.0,15.0,40.0,63.0,20.0,30.0,10.0
5953,MODEL_Y,D,371.0,675.0,c1,d1,0.0,25.0,15.0,30.0,0.0,6.0,22.0,0.0,0.0,0.0,0.0,0.0,20.0,15.0,10.0,0.0,15.0,10.0,54.0,26.0,70.0,13.0,30.0,10.0
5954,MODEL_Y,D,166.0,675.0,c1,d1,10.0,0.0,0.0,0.0,0.0,2.0,0.0,0.0,0.0,0.0,0.0,0.0,0.0,0.0,10.0,0.0,15.0,10.0,0.0,39.0,70.0,20.0,30.0,10.0
5955,MODEL_Y,C,424.0,675.0,c1,d1,10.0,25.0,15.0,30.0,0.0,2.0,40.0,0.0,30.0,3.0,10.0,20.0,20.0,15.0,10.0,0.0,15.0,10.0,0.0,39.0,70.0,20.0,30.0,10.0
5956,MODEL_Y,D,184.0,675.0,c1,d1,10.0,0.0,0.0,0.0,0.0,3.0,0.0,0.0,0.0,0.0,0.0,0.0,0.0,0.0,10.0,0.0,15.0,10.0,26.0,52.0,48.0,20.0,30.0,10.0
5957,MODEL_Y,D,139.0,675.0,c1,d1,10.0,0.0,0.0,0.0,0.0,3.0,0.0,0.0,0.0,0.0,0.0,0.0,0.0,0.0,10.0,0.0,15.0,10.0,8.0,33.0,40.0,20.0,30.0,10.0
5958,MODEL_Y,D,197.0,675.0,c1,d1,10.0,0.0,0.0,0.0,0.0,6.0,0.0,0.0,0.0,0.0,0.0,0.0,0.0,0.0,10.0,0.0,15.0,10.0,36.0,46.0,62.0,12.0,30.0,10.0
5959,MODEL_Y,D,171.0,675.0,c1,d1,10.0,0.0,0.0,0.0,0.0,9.0,0.0,0.0,0.0,0.0,0.0,0.0,0.0,0.0,10.0,0.0,15.0,10.0,40.0,53.0,14.0,20.0,30.0,10.0
5960,MODEL_Y,D,197.0,675.0,c1,d1,10.0,0.0,0.0,0.0,0.0,12.0,0.0,0.0,0.0,0.0,0.0,0.0,0.0,0.0,10.0,0.0,15.0,10.0,41.0,40.0,50.0,19.0,30.0,10.0
5961,MODEL_Y,D,212.0,675.0,c1,d1,10.0,0.0,0.0,0.0,0.0,6.0,0.0,0.0,0.0,0.0,0.0,0.0,0.0,0.0,10.0,0.0,15.0,10.0,75.0,61.0,21.0,14.0,30.0,10.0
5962,MODEL_Y,C,434.0,675.0,c1,d1,10.0,25.0,7.0,30.0,0.0,3.0,40.0,0.0,30.0,3.0,10.0,20.0,20.0,15.0,10.0,0.0,15.0,10.0,26.0,52.0,48.0,20.0,30.0,10.0
5963,MODEL_Y,D,393.0,675.0,c1,d1,10.0,25.0,11.0,30.0,0.0,3.0,40.0,0.0,30.0,3.0,10.0,20.0,20.0,15.0,10.0,0.0,15.0,10.0,8.0,33.0,40.0,20.0,30.0,10.0
5964,MODEL_Y,C,444.0,675.0,c1,d1,10.0,22.0,7.0,30.0,0.0,6.0,40.0,0.0,30.0,3.0,10.0,20.0,20.0,15.0,10.0,0.0,15.0,10.0,36.0,46.0,62.0,12.0,30.0,10.0
5965,MODEL_Y,D,249.0,675.0,c1,d1,10.0,3.0,11.0,0.0,0.0,9.0,22.0,0.0,30.0,3.0,10.0,20.0,4.0,15.0,10.0,0.0,15.0,10.0,40.0,53.0,14.0,20.0,30.0,10.0
5966,MODEL_Y,C,421.0,675.0,c1,d1,10.0,25.0,11.0,30.0,0.0,12.0,10.0,0.0,30.0,3.0,10.0,20.0,20.0,15.0,10.0,0.0,15.0,10.0,41.0,40.0,50.0,19.0,30.0,10.0
5967,MODEL_Y,D,290.0,675.0,c1,d1,10.0,3.0,11.0,0.0,0.0,6.0,22.0,0.0,30.0,3.0,10.0,20.0,4.0,15.0,10.0,0.0,15.0,10.0,75.0,61.0,21.0,14.0,30.0,10.0
5968,MODEL_Y,D,208.0,675.0,c1,d1,10.0,0.0,0.0,0.0,0.0,23.0,0.0,0.0,0.0,0.0,0.0,0.0,0.0,0.0,10.0,0.0,15.0,10.0,69.0,50.0,31.0,0.0,30.0,10.0
5969,MODEL_Y,D,139.0,675.0,c1,d1,10.0,0.0,0.0,0.0,0.0,11.0,0.0,0.0,0.0,0.0,0.0,0.0,0.0,0.0,10.0,0.0,15.0,10.0,26.0,47.0,0.0,20.0,30.0,10.0
5970,MODEL_Y,C,424.0,675.0,c1,d1,10.0,25.0,11.0,30.0,0.0,23.0,22.0,0.0,30.0,3.0,10.0,12.0,8.0,15.0,10.0,0.0,15.0,10.0,69.0,50.0,31.0,0.0,30.0,10.0
5971,MODEL_Y,E,226.0,675.0,c1,d1,10.0,0.0,0.0,0.0,0.0,6.0,0.0,0.0,0.0,0.0,0.0,0.0,0.0,0.0,7.0,0.0,15.0,10.0,73.0,57.0,45.0,13.0,30.0,10.0
5972,MODEL_Y,D,389.0,675.0,c1,d1,10.0,25.0,7.0,30.0,0.0,11.0,40.0,0.0,30.0,3.0,10.0,20.0,20.0,15.0,10.0,0.0,15.0,10.0,26.0,47.0,0.0,20.0,30.0,10.0
5973,MODEL_Y,D,188.0,675.0,c1,d1,10.0,0.0,0.0,0.0,0.0,22.0,0.0,0.0,0.0,0.0,0.0,0.0,0.0,0.0,10.0,0.0,15.0,10.0,46.0,23.0,62.0,0.0,30.0,10.0
5974,MODEL_Y,E,480.0,675.0,c1,d1,10.0,25.0,11.0,30.0,0.0,6.0,40.0,0.0,30.0,3.0,10.0,20.0,20.0,15.0,7.0,0.0,15.0,10.0,73.0,57.0,45.0,13.0,30.0,10.0
5975,MODEL_Y,D,296.0,675.0,c1,d1,10.0,3.0,7.0,0.0,0.0,22.0,40.0,0.0,30.0,3.0,10.0,20.0,20.0,15.0,10.0,0.0,15.0,10.0,46.0,23.0,62.0,0.0,30.0,10.0
5976,MODEL_Y,D,172.0,675.0,c1,d1,10.0,0.0,0.0,0.0,0.0,3.0,0.0,0.0,0.0,0.0,0.0,0.0,0.0,0.0,10.0,0.0,15.0,10.0,21.0,46.0,47.0,20.0,30.0,10.0
5977,MODEL_Y,D,158.0,675.0,c1,d1,10.0,0.0,0.0,0.0,0.0,3.0,0.0,0.0,0.0,0.0,0.0,0.0,0.0,0.0,10.0,0.0,15.0,10.0,21.0,46.0,33.0,20.0,30.0,10.0
5978,MODEL_Y,D,207.0,675.0,c1,d1,10.0,0.0,0.0,0.0,0.0,23.0,0.0,0.0,0.0,0.0,0.0,0.0,0.0,0.0,10.0,0.0,15.0,10.0,70.0,15.0,63.0,1.0,30.0,10.0
5979,MODEL_Y,D,150.0,675.0,c1,d1,10.0,0.0,0.0,0.0,0.0,11.0,0.0,0.0,0.0,0.0,0.0,0.0,0.0,0.0,3.0,0.0,15.0,10.0,24.0,45.0,22.0,20.0,30.0,10.0
5980,MODEL_Y,D,194.0,675.0,c1,d1,10.0,0.0,0.0,0.0,0.0,20.0,0.0,0.0,0.0,0.0,0.0,0.0,0.0,0.0,10.0,0.0,15.0,10.0,54.0,50.0,35.0,0.0,30.0,10.0
5981,MODEL_Y,D,199.0,675.0,c1,d1,10.0,0.0,0.0,0.0,0.0,3.0,0.0,0.0,0.0,0.0,0.0,0.0,0.0,0.0,10.0,0.0,15.0,10.0,75.0,53.0,13.0,20.0,30.0,10.0
5982,MODEL_Y,D,172.0,675.0,c1,d1,10.0,0.0,0.0,0.0,0.0,3.0,0.0,0.0,0.0,0.0,0.0,0.0,0.0,0.0,10.0,0.0,15.0,10.0,36.0,32.0,47.0,19.0,30.0,10.0
5983,MODEL_Y,D,175.0,675.0,c1,d1,10.0,0.0,0.0,0.0,0.0,3.0,0.0,0.0,0.0,0.0,0.0,0.0,0.0,0.0,10.0,0.0,15.0,10.0,36.0,32.0,50.0,19.0,30.0,10.0
5984,MODEL_Y,C,430.0,675.0,c1,d1,10.0,25.0,15.0,30.0,0.0,3.0,40.0,0.0,30.0,3.0,10.0,20.0,20.0,15.0,10.0,0.0,15.0,10.0,21.0,46.0,47.0,20.0,30.0,10.0
5985,MODEL_Y,C,404.0,675.0,c1,d1,10.0,25.0,11.0,30.0,0.0,11.0,40.0,0.0,30.0,3.0,10.0,20.0,20.0,15.0,3.0,0.0,15.0,10.0,24.0,45.0,22.0,20.0,30.0,10.0
5986,MODEL_Y,C,412.0,675.0,c1,d1,10.0,25.0,11.0,30.0,0.0,3.0,40.0,0.0,30.0,3.0,10.0,20.0,20.0,15.0,10.0,0.0,15.0,10.0,21.0,46.0,33.0,20.0,30.0,10.0
5987,MODEL_Y,E,386.0,675.0,c1,d1,10.0,25.0,15.0,30.0,0.0,23.0,10.0,0.0,18.0,3.0,10.0,12.0,4.0,15.0,10.0,0.0,15.0,10.0,80.0,58.0,34.0,4.0,30.0,10.0
5988,MODEL_Y,D,302.0,675.0,c1,d1,10.0,3.0,7.0,0.0,0.0,20.0,40.0,0.0,30.0,3.0,10.0,20.0,20.0,15.0,10.0,0.0,15.0,10.0,54.0,50.0,35.0,0.0,30.0,10.0
5989,MODEL_Y,C,453.0,675.0,c1,d1,10.0,25.0,11.0,30.0,0.0,3.0,40.0,0.0,30.0,3.0,10.0,20.0,20.0,15.0,10.0,0.0,15.0,10.0,75.0,53.0,13.0,20.0,30.0,10.0
5990,MODEL_Y,C,426.0,675.0,c1,d1,10.0,25.0,11.0,30.0,0.0,3.0,40.0,0.0,30.0,3.0,10.0,20.0,20.0,15.0,10.0,0.0,15.0,10.0,36.0,32.0,47.0,19.0,30.0,10.0
5991,MODEL_Y,C,429.0,675.0,c1,d1,10.0,25.0,11.0,30.0,0.0,3.0,40.0,0.0,30.0,3.0,10.0,20.0,20.0,15.0,10.0,0.0,15.0,10.0,36.0,32.0,50.0,19.0,30.0,10.0
5992,MODEL_Y,B,475.0,675.0,c1,d1,10.0,25.0,15.0,30.0,0.0,6.0,40.0,0.0,30.0,3.0,10.0,20.0,20.0,15.0,7.0,0.0,15.0,10.0,74.0,60.0,31.0,14.0,30.0,10.0
5993,MODEL_Y,D,203.0,675.0,c1,d1,10.0,0.0,0.0,0.0,0.0,23.0,0.0,0.0,0.0,0.0,0.0,0.0,0.0,0.0,10.0,0.0,15.0,10.0,78.0,36.0,30.0,1.0,30.0,10.0
5994,MODEL_Y,D,181.0,675.0,c1,d1,10.0,0.0,0.0,0.0,0.0,3.0,0.0,0.0,0.0,0.0,0.0,0.0,0.0,0.0,10.0,0.0,15.0,10.0,24.0,50.0,49.0,20.0,30.0,10.0
5995,MODEL_Y,C,465.0,675.0,c1,d1,10.0,25.0,11.0,30.0,0.0,23.0,40.0,0.0,30.0,3.0,10.0,20.0,20.0,15.0,10.0,0.0,15.0,10.0,78.0,36.0,38.0,1.0,30.0,10.0
5996,MODEL_Y,C,439.0,675.0,c1,d1,10.0,25.0,15.0,30.0,0.0,3.0,40.0,0.0,30.0,3.0,10.0,20.0,20.0,15.0,10.0,0.0,15.0,10.0,24.0,50.0,49.0,20.0,30.0,10.0
5997,MODEL_Y,D,247.0,675.0,c1,d1,0.0,0.0,0.0,0.0,0.0,23.0,0.0,0.0,0.0,0.0,0.0,0.0,0.0,0.0,10.0,0.0,15.0,10.0,80.0,87.0,32.0,0.0,30.0,10.0
5998,MODEL_Y,E,301.0,675.0,c1,d1,0.0,25.0,7.0,0.0,0.0,23.0,22.0,0.0,0.0,0.0,0.0,0.0,0.0,0.0,10.0,0.0,15.0,10.0,80.0,87.0,32.0,0.0,30.0,10.0
5999,MODEL_Y,D,388.0,675.0,c1,d1,10.0,25.0,15.0,30.0,0.0,3.0,40.0,0.0,30.0,3.0,10.0,20.0,20.0,15.0,10.0,0.0,15.0,10.0,21.0,46.0,5.0,20.0,30.0,10.0
6000,MODEL_Y,D,213.0,675.0,c1,d1,10.0,0.0,0.0,0.0,0.0,20.0,0.0,0.0,0.0,0.0,0.0,0.0,0.0,0.0,10.0,0.0,15.0,10.0,69.0,71.0,18.0,0.0,30.0,10.0
6001,MODEL_Y,D,399.0,675.0,c1,d1,10.0,25.0,11.0,30.0,0.0,20.0,0.0,0.0,30.0,3.0,10.0,0.0,0.0,15.0,10.0,0.0,15.0,10.0,69.0,71.0,30.0,0.0,30.0,10.0
6002,MODEL_Y,D,152.0,675.0,c1,d1,10.0,0.0,0.0,0.0,0.0,25.0,0.0,0.0,0.0,0.0,0.0,0.0,0.0,0.0,10.0,0.0,15.0,10.0,80.0,0.0,12.0,0.0,30.0,10.0
6003,MODEL_Y,D,127.0,675.0,c1,d1,10.0,0.0,0.0,0.0,0.0,19.0,0.0,0.0,0.0,0.0,0.0,0.0,0.0,0.0,10.0,0.0,15.0,10.0,25.0,0.0,39.0,9.0,30.0,10.0
6004,MODEL_Y,D,203.0,675.0,c1,d1,10.0,0.0,0.0,0.0,0.0,23.0,0.0,0.0,0.0,0.0,0.0,0.0,0.0,0.0,10.0,0.0,15.0,10.0,62.0,33.0,50.0,0.0,30.0,10.0
6005,MODEL_Y,E,172.0,675.0,c1,d1,0.0,0.0,0.0,0.0,0.0,23.0,0.0,0.0,0.0,0.0,0.0,0.0,0.0,0.0,10.0,0.0,15.0,10.0,71.0,55.0,28.0,0.0,30.0,10.0
6006,MODEL_Y,D,205.0,675.0,c1,d1,10.0,0.0,0.0,0.0,0.0,23.0,0.0,0.0,0.0,0.0,0.0,0.0,0.0,0.0,10.0,0.0,15.0,10.0,80.0,67.0,0.0,0.0,30.0,10.0
6007,MODEL_Y,E,230.0,675.0,c1,d1,10.0,0.0,0.0,0.0,0.0,23.0,0.0,0.0,0.0,0.0,0.0,0.0,0.0,0.0,10.0,0.0,15.0,10.0,75.0,27.0,67.0,3.0,30.0,10.0
6008,MODEL_Y,D,198.0,675.0,c1,d1,10.0,0.0,0.0,0.0,0.0,22.0,0.0,0.0,0.0,0.0,0.0,0.0,0.0,0.0,10.0,0.0,15.0,10.0,62.0,55.0,24.0,0.0,30.0,10.0
6009,MODEL_Y,D,380.0,675.0,c1,d1,10.0,25.0,15.0,30.0,0.0,25.0,10.0,0.0,30.0,3.0,10.0,20.0,20.0,15.0,10.0,0.0,15.0,10.0,80.0,0.0,12.0,0.0,30.0,10.0
6010,MODEL_Y,E,418.0,675.0,c1,d1,10.0,25.0,15.0,30.0,0.0,23.0,10.0,0.0,30.0,3.0,10.0,0.0,0.0,15.0,10.0,0.0,15.0,10.0,75.0,27.0,67.0,3.0,30.0,10.0
6011,MODEL_Y,E,340.0,675.0,c1,d1,0.0,23.0,7.0,30.0,0.0,23.0,0.0,0.0,30.0,3.0,10.0,0.0,0.0,15.0,10.0,0.0,15.0,10.0,71.0,55.0,28.0,0.0,30.0,10.0
6012,MODEL_Y,D,235.0,675.0,c1,d1,10.0,3.0,7.0,0.0,0.0,23.0,0.0,0.0,30.0,3.0,10.0,0.0,4.0,15.0,10.0,0.0,15.0,10.0,62.0,33.0,50.0,0.0,30.0,10.0
6013,MODEL_Y,C,426.0,675.0,c1,d1,10.0,22.0,11.0,30.0,0.0,23.0,22.0,0.0,30.0,3.0,10.0,20.0,8.0,15.0,10.0,0.0,15.0,10.0,80.0,67.0,0.0,0.0,30.0,10.0
6014,MODEL_Y,D,281.0,675.0,c1,d1,10.0,3.0,0.0,0.0,0.0,22.0,40.0,0.0,30.0,3.0,10.0,20.0,20.0,15.0,10.0,0.0,15.0,10.0,57.0,45.0,21.0,0.0,30.0,10.0
6015,MODEL_Y,D,347.0,675.0,c1,d1,10.0,25.0,11.0,30.0,0.0,19.0,22.0,0.0,30.0,3.0,10.0,20.0,4.0,15.0,10.0,0.0,15.0,10.0,25.0,0.0,39.0,9.0,30.0,10.0
6016,MODEL_Y,D,240.0,675.0,c1,d1,10.0,3.0,3.0,0.0,0.0,22.0,10.0,0.0,30.0,3.0,10.0,0.0,8.0,15.0,10.0,0.0,15.0,10.0,62.0,55.0,24.0,0.0,30.0,10.0
6017,MODEL_Y,D,184.0,675.0,c1,d1,10.0,0.0,0.0,0.0,0.0,6.0,0.0,0.0,0.0,0.0,0.0,0.0,0.0,0.0,10.0,0.0,15.0,10.0,74.0,60.0,7.0,2.0,30.0,10.0
6018,MODEL_Y,D,196.0,675.0,c1,d1,10.0,0.0,0.0,0.0,0.0,5.0,0.0,0.0,0.0,0.0,0.0,0.0,0.0,0.0,10.0,0.0,15.0,10.0,62.0,56.0,21.0,17.0,30.0,10.0
6019,MODEL_Y,C,420.0,675.0,c1,d1,10.0,25.0,11.0,30.0,0.0,6.0,22.0,0.0,30.0,3.0,10.0,20.0,20.0,15.0,10.0,0.0,15.0,10.0,74.0,60.0,7.0,2.0,30.0,10.0
6020,MODEL_Y,C,454.0,675.0,c1,d1,10.0,25.0,15.0,30.0,0.0,5.0,40.0,0.0,30.0,3.0,10.0,20.0,20.0,15.0,10.0,0.0,15.0,10.0,62.0,56.0,21.0,17.0,30.0,10.0
6021,MODEL_Y,D,194.0,675.0,c1,d1,10.0,0.0,0.0,0.0,0.0,3.0,0.0,0.0,0.0,0.0,0.0,0.0,0.0,0.0,10.0,0.0,15.0,10.0,23.0,49.0,64.0,20.0,30.0,10.0
6022,MODEL_Y,C,452.0,675.0,c1,d1,10.0,25.0,15.0,30.0,0.0,3.0,40.0,0.0,30.0,3.0,10.0,20.0,20.0,15.0,10.0,0.0,15.0,10.0,23.0,49.0,64.0,20.0,30.0,10.0
6023,MODEL_Y,D,214.0,675.0,c1,d1,10.0,0.0,0.0,0.0,0.0,20.0,0.0,0.0,0.0,0.0,0.0,0.0,0.0,0.0,10.0,0.0,15.0,10.0,68.0,70.0,21.0,0.0,30.0,10.0
6024,MODEL_Y,D,323.0,675.0,c1,d1,10.0,3.0,11.0,0.0,0.0,20.0,40.0,0.0,30.0,3.0,10.0,6.0,20.0,15.0,10.0,0.0,15.0,10.0,68.0,70.0,32.0,0.0,30.0,10.0
6025,MODEL_Y,D,132.0,675.0,c1,d1,10.0,0.0,0.0,0.0,0.0,2.0,0.0,0.0,0.0,0.0,0.0,0.0,0.0,0.0,10.0,0.0,15.0,10.0,0.0,34.0,41.0,20.0,30.0,10.0
6026,MODEL_Y,D,390.0,675.0,c1,d1,10.0,25.0,15.0,30.0,0.0,2.0,40.0,0.0,30.0,3.0,10.0,20.0,20.0,15.0,10.0,0.0,15.0,10.0,0.0,34.0,41.0,20.0,30.0,10.0
6027,MODEL_Y,D,190.0,675.0,c1,d1,10.0,0.0,0.0,0.0,0.0,22.0,0.0,0.0,0.0,0.0,0.0,0.0,0.0,0.0,10.0,0.0,15.0,10.0,49.0,29.0,55.0,0.0,30.0,10.0
6028,MODEL_Y,C,422.0,675.0,c1,d1,10.0,25.0,15.0,30.0,0.0,22.0,22.0,0.0,30.0,3.0,10.0,20.0,12.0,15.0,10.0,0.0,15.0,10.0,49.0,29.0,55.0,0.0,30.0,10.0
6029,MODEL_Y,E,445.0,675.0,c1,d1,10.0,22.0,0.0,30.0,0.0,23.0,22.0,0.0,30.0,3.0,10.0,0.0,0.0,0.0,10.0,0.0,15.0,10.0,80.0,99.0,37.0,4.0,30.0,10.0
6030,MODEL_Y,C,444.0,675.0,c1,d1,10.0,25.0,15.0,30.0,0.0,23.0,22.0,0.0,30.0,3.0,10.0,20.0,8.0,15.0,10.0,0.0,15.0,10.0,79.0,38.0,37.0,4.0,30.0,10.0
6031,MODEL_Y,D,224.0,675.0,c1,d1,10.0,0.0,0.0,0.0,0.0,3.0,0.0,0.0,0.0,0.0,0.0,0.0,0.0,0.0,10.0,0.0,15.0,10.0,73.0,50.0,43.0,20.0,30.0,10.0
6032,MODEL_Y,D,214.0,675.0,c1,d1,10.0,0.0,0.0,0.0,0.0,23.0,0.0,0.0,0.0,0.0,0.0,0.0,0.0,0.0,10.0,0.0,15.0,10.0,80.0,52.0,23.0,1.0,30.0,10.0
6033,MODEL_Y,C,468.0,675.0,c1,d1,10.0,23.0,3.0,30.0,0.0,3.0,40.0,0.0,30.0,3.0,10.0,20.0,20.0,15.0,10.0,0.0,15.0,10.0,73.0,50.0,43.0,20.0,30.0,10.0
6034,MODEL_Y,D,293.0,675.0,c1,d1,10.0,3.0,11.0,0.0,0.0,23.0,22.0,0.0,30.0,3.0,10.0,0.0,4.0,15.0,10.0,0.0,15.0,10.0,80.0,88.0,18.0,0.0,21.0,10.0
6035,MODEL_Y,D,408.0,675.0,c1,d1,10.0,25.0,11.0,30.0,0.0,23.0,0.0,0.0,30.0,3.0,10.0,20.0,0.0,15.0,10.0,0.0,15.0,10.0,80.0,52.0,23.0,1.0,30.0,10.0
6036,MODEL_Y,D,184.0,675.0,c1,d1,10.0,0.0,0.0,0.0,0.0,20.0,0.0,0.0,0.0,0.0,0.0,0.0,0.0,0.0,10.0,0.0,15.0,10.0,49.0,40.0,40.0,0.0,30.0,10.0
6037,MODEL_Y,D,296.0,675.0,c1,d1,10.0,3.0,11.0,0.0,0.0,20.0,40.0,0.0,30.0,3.0,10.0,20.0,20.0,15.0,10.0,0.0,15.0,10.0,49.0,40.0,40.0,0.0,30.0,10.0
6038,MODEL_Y,E,255.0,675.0,c1,d1,10.0,0.0,0.0,0.0,0.0,23.0,0.0,0.0,0.0,0.0,0.0,0.0,0.0,0.0,10.0,0.0,15.0,10.0,80.0,75.0,62.0,0.0,30.0,10.0
6039,MODEL_Y,D,190.0,675.0,c1,d1,10.0,0.0,0.0,0.0,0.0,3.0,0.0,0.0,0.0,0.0,0.0,0.0,0.0,0.0,10.0,0.0,15.0,10.0,37.0,33.0,62.0,20.0,30.0,10.0
6040,MODEL_Y,E,356.0,675.0,c1,d1,10.0,3.0,3.0,0.0,0.0,23.0,40.0,0.0,30.0,0.0,10.0,20.0,20.0,15.0,10.0,0.0,15.0,10.0,80.0,75.0,62.0,0.0,30.0,10.0
6041,MODEL_Y,C,448.0,675.0,c1,d1,10.0,25.0,15.0,30.0,0.0,3.0,40.0,0.0,30.0,3.0,10.0,20.0,20.0,15.0,10.0,0.0,15.0,10.0,37.0,33.0,62.0,20.0,30.0,10.0
6042,MODEL_Y,D,206.0,675.0,c1,d1,10.0,0.0,0.0,0.0,0.0,3.0,0.0,0.0,0.0,0.0,0.0,0.0,0.0,0.0,10.0,0.0,15.0,10.0,48.0,67.0,33.0,20.0,30.0,10.0
6043,MODEL_Y,D,184.0,675.0,c1,d1,10.0,0.0,0.0,0.0,0.0,5.0,0.0,0.0,0.0,0.0,0.0,0.0,0.0,0.0,10.0,0.0,15.0,10.0,56.0,50.0,21.0,17.0,30.0,10.0
6044,MODEL_Y,E,384.0,675.0,c1,d1,10.0,25.0,15.0,30.0,0.0,3.0,0.0,0.0,30.0,3.0,10.0,0.0,0.0,15.0,10.0,0.0,15.0,10.0,48.0,67.0,33.0,20.0,30.0,10.0
6045,MODEL_Y,C,425.0,675.0,c1,d1,10.0,16.0,7.0,30.0,0.0,5.0,40.0,0.0,30.0,3.0,10.0,20.0,20.0,15.0,10.0,0.0,15.0,10.0,56.0,50.0,21.0,17.0,30.0,10.0
6046,MODEL_Y,E,158.0,675.0,c1,d1,0.0,0.0,0.0,0.0,0.0,3.0,0.0,0.0,0.0,0.0,0.0,0.0,0.0,0.0,10.0,0.0,15.0,10.0,29.0,53.0,58.0,20.0,30.0,10.0
6047,MODEL_Y,C,432.0,675.0,c1,d1,10.0,25.0,15.0,30.0,0.0,6.0,40.0,0.0,30.0,3.0,10.0,20.0,20.0,15.0,10.0,0.0,15.0,10.0,56.0,30.0,34.0,13.0,30.0,10.0
6048,MODEL_Y,E,416.0,675.0,c1,d1,0.0,25.0,15.0,30.0,0.0,3.0,40.0,0.0,30.0,3.0,10.0,20.0,20.0,15.0,10.0,0.0,15.0,10.0,29.0,53.0,58.0,20.0,30.0,10.0
6049,MODEL_Y,D,168.0,675.0,c1,d1,10.0,0.0,0.0,0.0,0.0,3.0,0.0,0.0,0.0,0.0,0.0,0.0,0.0,0.0,10.0,0.0,15.0,10.0,17.0,43.0,50.0,20.0,30.0,10.0
6050,MODEL_Y,C,426.0,675.0,c1,d1,10.0,25.0,15.0,30.0,0.0,3.0,40.0,0.0,30.0,3.0,10.0,20.0,20.0,15.0,10.0,0.0,15.0,10.0,17.0,43.0,50.0,20.0,30.0,10.0
6051,MODEL_Y,D,207.0,675.0,c1,d1,10.0,0.0,0.0,0.0,0.0,20.0,0.0,0.0,0.0,0.0,0.0,0.0,0.0,0.0,10.0,0.0,15.0,10.0,72.0,76.0,4.0,0.0,30.0,10.0
6052,MODEL_Y,D,203.0,675.0,c1,d1,10.0,0.0,0.0,0.0,0.0,22.0,0.0,0.0,0.0,0.0,0.0,0.0,0.0,0.0,10.0,0.0,15.0,10.0,60.0,52.0,34.0,0.0,30.0,10.0
6053,MODEL_Y,D,205.0,675.0,c1,d1,10.0,0.0,0.0,0.0,0.0,23.0,0.0,0.0,0.0,0.0,0.0,0.0,0.0,0.0,10.0,0.0,15.0,10.0,80.0,44.0,22.0,1.0,30.0,10.0
6054,MODEL_Y,D,273.0,675.0,c1,d1,10.0,3.0,11.0,0.0,0.0,20.0,10.0,0.0,30.0,3.0,10.0,20.0,4.0,15.0,10.0,0.0,15.0,10.0,72.0,76.0,4.0,0.0,30.0,10.0
6055,MODEL_Y,D,315.0,675.0,c1,d1,10.0,3.0,11.0,0.0,0.0,22.0,40.0,0.0,30.0,3.0,10.0,20.0,20.0,15.0,10.0,0.0,15.0,10.0,60.0,52.0,34.0,0.0,30.0,10.0
6056,MODEL_Y,C,440.0,675.0,c1,d1,10.0,25.0,11.0,30.0,0.0,23.0,22.0,0.0,30.0,3.0,10.0,20.0,8.0,15.0,10.0,0.0,15.0,10.0,80.0,44.0,33.0,1.0,30.0,10.0
6057,MODEL_Y,D,142.0,675.0,c1,d1,10.0,0.0,0.0,0.0,0.0,3.0,0.0,0.0,0.0,0.0,0.0,0.0,0.0,0.0,10.0,0.0,15.0,10.0,44.0,43.0,2.0,15.0,30.0,10.0
6058,MODEL_Y,E,446.0,675.0,c1,d1,10.0,25.0,11.0,30.0,0.0,3.0,10.0,0.0,30.0,3.0,10.0,0.0,20.0,0.0,10.0,0.0,15.0,10.0,80.0,94.0,25.0,20.0,30.0,10.0
6059,MODEL_Y,D,208.0,675.0,c1,d1,10.0,0.0,0.0,0.0,0.0,23.0,0.0,0.0,0.0,0.0,0.0,0.0,0.0,0.0,10.0,0.0,15.0,10.0,64.0,38.0,48.0,0.0,30.0,10.0
6060,MODEL_Y,D,338.0,675.0,c1,d1,10.0,3.0,15.0,30.0,0.0,3.0,40.0,0.0,30.0,3.0,10.0,20.0,20.0,15.0,10.0,0.0,15.0,10.0,44.0,43.0,2.0,15.0,30.0,10.0
6061,MODEL_Y,D,320.0,675.0,c1,d1,10.0,3.0,11.0,0.0,0.0,23.0,40.0,0.0,30.0,3.0,10.0,20.0,20.0,15.0,10.0,0.0,15.0,10.0,64.0,38.0,48.0,0.0,30.0,10.0
6062,MODEL_Y,D,122.0,675.0,c1,d1,10.0,0.0,0.0,0.0,0.0,3.0,0.0,0.0,0.0,0.0,0.0,0.0,0.0,0.0,10.0,0.0,15.0,10.0,15.0,40.0,9.0,20.0,30.0,10.0
6063,MODEL_Y,D,346.0,675.0,c1,d1,10.0,25.0,15.0,30.0,0.0,3.0,22.0,0.0,30.0,3.0,10.0,20.0,4.0,15.0,10.0,0.0,15.0,10.0,15.0,40.0,9.0,20.0,30.0,10.0
6064,MODEL_Y,D,176.0,675.0,c1,d1,10.0,0.0,0.0,0.0,0.0,3.0,0.0,0.0,0.0,0.0,0.0,0.0,0.0,0.0,10.0,0.0,15.0,10.0,36.0,31.0,52.0,19.0,30.0,10.0
6065,MODEL_Y,D,396.0,675.0,c1,d1,10.0,25.0,11.0,30.0,0.0,3.0,22.0,0.0,30.0,3.0,10.0,20.0,4.0,15.0,10.0,0.0,15.0,10.0,36.0,31.0,52.0,19.0,30.0,10.0
6066,MODEL_Y,D,174.0,675.0,c1,d1,10.0,0.0,0.0,0.0,0.0,2.0,0.0,0.0,0.0,0.0,0.0,0.0,0.0,0.0,10.0,0.0,15.0,10.0,0.0,47.0,70.0,20.0,30.0,10.0
6067,MODEL_Y,C,432.0,675.0,c1,d1,10.0,25.0,15.0,30.0,0.0,2.0,40.0,0.0,30.0,3.0,10.0,20.0,20.0,15.0,10.0,0.0,15.0,10.0,0.0,47.0,70.0,20.0,30.0,10.0
6068,MODEL_Y,E,296.0,675.0,c1,d1,0.0,25.0,15.0,0.0,0.0,2.0,40.0,0.0,0.0,0.0,0.0,0.0,20.0,15.0,10.0,15.0,15.0,10.0,49.0,0.0,70.0,20.0,30.0,10.0
6069,MODEL_Y,D,208.0,675.0,c1,d1,10.0,0.0,0.0,0.0,0.0,6.0,0.0,0.0,0.0,0.0,0.0,0.0,0.0,0.0,10.0,0.0,15.0,10.0,65.0,46.0,43.0,13.0,30.0,10.0
6070,MODEL_Y,C,466.0,675.0,c1,d1,10.0,25.0,15.0,30.0,0.0,6.0,40.0,0.0,30.0,3.0,10.0,20.0,20.0,15.0,10.0,0.0,15.0,10.0,65.0,46.0,43.0,13.0,30.0,10.0
6071,MODEL_Y,D,208.0,675.0,c1,d1,10.0,0.0,0.0,0.0,0.0,23.0,0.0,0.0,0.0,0.0,0.0,0.0,0.0,0.0,10.0,0.0,15.0,10.0,80.0,58.0,12.0,0.0,30.0,10.0
6072,MODEL_Y,D,382.0,675.0,c1,d1,10.0,25.0,11.0,30.0,0.0,23.0,0.0,0.0,30.0,3.0,10.0,0.0,0.0,15.0,10.0,0.0,15.0,10.0,80.0,58.0,12.0,0.0,30.0,10.0
6073,MODEL_Y,D,177.0,675.0,c1,d1,10.0,0.0,0.0,0.0,0.0,6.0,0.0,0.0,0.0,0.0,0.0,0.0,0.0,0.0,10.0,0.0,15.0,10.0,52.0,23.0,47.0,14.0,30.0,10.0
6074,MODEL_Y,C,440.0,675.0,c1,d1,10.0,25.0,15.0,30.0,0.0,6.0,40.0,0.0,30.0,3.0,10.0,20.0,20.0,15.0,10.0,0.0,15.0,10.0,52.0,23.0,52.0,14.0,30.0,10.0
6075,MODEL_Y,E,369.0,675.0,c1,d1,10.0,23.0,7.0,30.0,0.0,23.0,22.0,0.0,18.0,3.0,10.0,6.0,4.0,15.0,10.0,0.0,15.0,10.0,80.0,56.0,24.0,3.0,30.0,10.0
6076,MODEL_Y,D,273.0,675.0,c1,d1,10.0,3.0,7.0,0.0,0.0,22.0,22.0,0.0,30.0,3.0,10.0,12.0,8.0,15.0,10.0,0.0,15.0,10.0,70.0,66.0,10.0,0.0,30.0,10.0
6077,MODEL_Y,D,215.0,675.0,c1,d1,10.0,0.0,0.0,0.0,0.0,3.0,0.0,0.0,0.0,0.0,0.0,0.0,0.0,0.0,10.0,0.0,15.0,10.0,70.0,44.0,43.0,20.0,30.0,10.0
6078,MODEL_Y,E,339.0,675.0,c1,d1,0.0,25.0,0.0,30.0,0.0,6.0,0.0,0.0,18.0,3.0,10.0,0.0,0.0,15.0,10.0,0.0,15.0,10.0,80.0,72.0,31.0,14.0,30.0,10.0
6079,MODEL_Y,D,193.0,675.0,c1,d1,10.0,0.0,0.0,0.0,0.0,20.0,0.0,0.0,0.0,0.0,0.0,0.0,0.0,0.0,10.0,0.0,15.0,10.0,64.0,64.0,10.0,0.0,30.0,10.0
6080,MODEL_Y,B,473.0,675.0,c1,d1,10.0,25.0,15.0,30.0,0.0,3.0,40.0,0.0,30.0,3.0,10.0,20.0,20.0,15.0,10.0,0.0,15.0,10.0,70.0,44.0,43.0,20.0,30.0,10.0
6081,MODEL_Y,D,262.0,675.0,c1,d1,10.0,3.0,11.0,0.0,0.0,20.0,22.0,0.0,30.0,3.0,10.0,0.0,0.0,15.0,10.0,0.0,15.0,10.0,64.0,64.0,25.0,0.0,30.0,10.0
6082,MODEL_Y,D,193.0,675.0,c1,d1,10.0,0.0,0.0,0.0,0.0,12.0,0.0,0.0,0.0,0.0,0.0,0.0,0.0,0.0,10.0,0.0,15.0,10.0,45.0,46.0,36.0,19.0,30.0,10.0
6083,MODEL_Y,E,307.0,675.0,c1,d1,0.0,25.0,15.0,0.0,0.0,2.0,40.0,0.0,0.0,0.0,0.0,0.0,20.0,15.0,10.0,0.0,15.0,10.0,75.0,0.0,70.0,20.0,30.0,10.0
6084,MODEL_Y,E,309.0,675.0,c1,d1,0.0,25.0,15.0,0.0,0.0,2.0,40.0,0.0,0.0,0.0,0.0,0.0,20.0,15.0,10.0,0.0,15.0,10.0,77.0,0.0,70.0,20.0,30.0,10.0
6085,MODEL_Y,C,451.0,675.0,c1,d1,10.0,25.0,15.0,30.0,0.0,12.0,40.0,0.0,30.0,3.0,10.0,20.0,20.0,15.0,10.0,0.0,15.0,10.0,45.0,46.0,36.0,19.0,30.0,10.0
6086,MODEL_Y,E,326.0,675.0,c1,d1,10.0,3.0,15.0,0.0,0.0,11.0,40.0,0.0,30.0,3.0,10.0,20.0,20.0,15.0,10.0,0.0,15.0,10.0,80.0,0.0,64.0,20.0,30.0,10.0
6087,MODEL_Y,D,202.0,675.0,c1,d1,10.0,0.0,0.0,0.0,0.0,23.0,0.0,0.0,0.0,0.0,0.0,0.0,0.0,0.0,10.0,0.0,15.0,10.0,75.0,28.0,40.0,1.0,30.0,10.0
6088,MODEL_Y,D,306.0,675.0,c1,d1,10.0,3.0,3.0,0.0,0.0,23.0,40.0,0.0,30.0,3.0,10.0,20.0,20.0,15.0,10.0,0.0,15.0,10.0,75.0,28.0,40.0,1.0,30.0,10.0
6089,MODEL_Y,D,194.0,675.0,c1,d1,10.0,0.0,0.0,0.0,0.0,3.0,0.0,0.0,0.0,0.0,0.0,0.0,0.0,0.0,10.0,0.0,15.0,10.0,69.0,43.0,24.0,20.0,30.0,10.0
6090,MODEL_Y,D,306.0,675.0,c1,d1,10.0,3.0,11.0,0.0,0.0,3.0,40.0,0.0,30.0,3.0,10.0,20.0,20.0,15.0,10.0,0.0,15.0,10.0,69.0,43.0,24.0,20.0,30.0,10.0
6091,MODEL_Y,C,461.0,675.0,c1,d1,10.0,25.0,15.0,30.0,0.0,5.0,40.0,0.0,30.0,3.0,10.0,20.0,20.0,15.0,10.0,0.0,15.0,10.0,68.0,63.0,15.0,17.0,30.0,10.0
6092,MODEL_Y,E,421.0,675.0,c1,d1,10.0,25.0,7.0,30.0,0.0,3.0,22.0,0.0,30.0,3.0,10.0,0.0,4.0,15.0,10.0,0.0,15.0,10.0,38.0,60.0,69.0,20.0,30.0,10.0
6093,MODEL_Y,E,335.0,675.0,c1,d1,0.0,25.0,15.0,10.0,0.0,6.0,40.0,0.0,0.0,0.0,0.0,0.0,20.0,15.0,10.0,0.0,15.0,10.0,73.0,0.0,43.0,13.0,30.0,10.0
6094,MODEL_Y,E,290.0,675.0,c1,d1,10.0,25.0,15.0,10.0,0.0,6.0,22.0,0.0,30.0,3.0,10.0,0.0,8.0,15.0,10.0,0.0,15.0,10.0,22.0,0.0,27.0,12.0,30.0,10.0
6095,MODEL_Y,D,213.0,675.0,c1,d1,10.0,0.0,0.0,0.0,0.0,6.0,0.0,0.0,0.0,0.0,0.0,0.0,0.0,0.0,10.0,0.0,15.0,10.0,71.0,55.0,33.0,13.0,30.0,10.0
6096,MODEL_Y,D,203.0,675.0,c1,d1,10.0,0.0,0.0,0.0,0.0,6.0,0.0,0.0,0.0,0.0,0.0,0.0,0.0,0.0,10.0,0.0,15.0,10.0,54.0,35.0,57.0,16.0,30.0,10.0
6097,MODEL_Y,C,463.0,675.0,c1,d1,10.0,25.0,15.0,30.0,0.0,6.0,40.0,0.0,30.0,3.0,10.0,20.0,20.0,15.0,10.0,0.0,15.0,10.0,54.0,35.0,59.0,16.0,30.0,10.0
6098,MODEL_Y,C,471.0,675.0,c1,d1,10.0,25.0,15.0,30.0,0.0,6.0,40.0,0.0,30.0,3.0,10.0,20.0,20.0,15.0,10.0,0.0,15.0,10.0,71.0,55.0,33.0,13.0,30.0,10.0
6099,MODEL_Y,D,201.0,675.0,c1,d1,10.0,0.0,0.0,0.0,0.0,6.0,0.0,0.0,0.0,0.0,0.0,0.0,0.0,0.0,10.0,0.0,15.0,10.0,57.0,32.0,58.0,13.0,30.0,10.0
6100,MODEL_Y,C,459.0,675.0,c1,d1,10.0,25.0,15.0,30.0,0.0,6.0,40.0,0.0,30.0,3.0,10.0,20.0,20.0,15.0,10.0,0.0,15.0,10.0,57.0,32.0,58.0,13.0,30.0,10.0
6101,MODEL_Y,D,148.0,675.0,c1,d1,10.0,0.0,0.0,0.0,0.0,2.0,0.0,0.0,0.0,0.0,0.0,0.0,0.0,0.0,10.0,0.0,15.0,10.0,1.0,56.0,34.0,20.0,30.0,10.0
6102,MODEL_Y,D,392.0,675.0,c1,d1,10.0,11.0,15.0,30.0,0.0,2.0,40.0,0.0,30.0,3.0,10.0,20.0,20.0,15.0,10.0,0.0,15.0,10.0,1.0,56.0,34.0,20.0,30.0,10.0
6103,MODEL_Y,D,297.0,675.0,c1,d1,10.0,3.0,0.0,0.0,0.0,22.0,40.0,0.0,30.0,3.0,10.0,20.0,20.0,15.0,10.0,0.0,15.0,10.0,59.0,50.0,30.0,0.0,30.0,10.0
6104,MODEL_Y,E,265.0,675.0,c1,d1,0.0,25.0,15.0,0.0,0.0,2.0,40.0,0.0,0.0,0.0,0.0,0.0,20.0,15.0,10.0,0.0,15.0,0.0,43.0,0.0,70.0,20.0,30.0,10.0
6105,MODEL_Y,E,242.0,675.0,c1,d1,10.0,3.0,15.0,0.0,0.0,3.0,40.0,0.0,0.0,0.0,0.0,0.0,20.0,15.0,10.0,0.0,15.0,10.0,80.0,0.0,51.0,20.0,30.0,10.0
6106,MODEL_Y,D,393.0,675.0,c1,d1,0.0,24.0,0.0,30.0,0.0,23.0,40.0,0.0,0.0,0.0,0.0,0.0,20.0,15.0,10.0,0.0,15.0,10.0,70.0,52.0,44.0,0.0,30.0,10.0
6107,MODEL_Y,D,294.0,675.0,c1,d1,0.0,25.0,11.0,0.0,0.0,20.0,40.0,0.0,0.0,0.0,0.0,0.0,20.0,15.0,10.0,0.0,15.0,10.0,48.0,37.0,53.0,0.0,30.0,10.0
6108,MODEL_Y,D,265.0,675.0,c1,d1,10.0,3.0,0.0,0.0,0.0,22.0,10.0,0.0,30.0,3.0,10.0,20.0,8.0,15.0,10.0,0.0,15.0,10.0,59.0,50.0,40.0,0.0,30.0,10.0
6109,MODEL_Y,B,469.0,675.0,c1,d1,10.0,25.0,15.0,30.0,0.0,6.0,22.0,0.0,30.0,3.0,10.0,20.0,20.0,15.0,3.0,0.0,15.0,10.0,68.0,51.0,63.0,13.0,30.0,10.0
6110,MODEL_Y,E,352.0,675.0,c1,d1,10.0,23.0,7.0,10.0,0.0,12.0,40.0,0.0,30.0,3.0,10.0,20.0,20.0,15.0,10.0,0.0,15.0,10.0,45.0,0.0,54.0,18.0,30.0,0.0
6111,MODEL_Y,D,220.0,675.0,c1,d1,10.0,0.0,0.0,0.0,0.0,22.0,0.0,0.0,0.0,0.0,0.0,0.0,0.0,0.0,10.0,0.0,15.0,10.0,80.0,85.0,0.0,0.0,28.0,10.0
6112,MODEL_Y,D,320.0,675.0,c1,d1,10.0,3.0,7.0,0.0,0.0,22.0,40.0,0.0,30.0,3.0,10.0,12.0,20.0,15.0,10.0,0.0,15.0,10.0,80.0,85.0,0.0,0.0,28.0,10.0
6113,MODEL_Y,D,233.0,675.0,c1,d1,10.0,0.0,0.0,0.0,0.0,14.0,0.0,0.0,0.0,0.0,0.0,0.0,0.0,0.0,10.0,0.0,15.0,10.0,63.0,63.0,39.0,19.0,30.0,10.0
6114,MODEL_Y,C,471.0,675.0,c1,d1,10.0,25.0,15.0,30.0,0.0,14.0,40.0,0.0,30.0,3.0,10.0,0.0,20.0,15.0,10.0,0.0,15.0,10.0,63.0,63.0,39.0,19.0,30.0,10.0
6115,MODEL_Y,E,105.0,675.0,c1,d1,0.0,0.0,0.0,0.0,0.0,0.0,0.0,0.0,0.0,0.0,0.0,0.0,0.0,0.0,10.0,0.0,15.0,0.0,0.0,0.0,70.0,20.0,30.0,10.0
6116,MODEL_Y,D,173.0,675.0,c1,d1,10.0,0.0,0.0,0.0,0.0,5.0,0.0,0.0,0.0,0.0,0.0,0.0,0.0,0.0,7.0,0.0,15.0,10.0,68.0,63.0,0.0,5.0,30.0,10.0
6117,MODEL_Y,C,427.0,675.0,c1,d1,10.0,25.0,11.0,30.0,0.0,5.0,40.0,0.0,30.0,3.0,10.0,20.0,20.0,15.0,7.0,0.0,15.0,10.0,68.0,63.0,0.0,5.0,30.0,10.0
6118,MODEL_Y,D,200.0,675.0,c1,d1,10.0,0.0,0.0,0.0,0.0,22.0,0.0,0.0,0.0,0.0,0.0,0.0,0.0,0.0,10.0,0.0,15.0,10.0,57.0,46.0,40.0,0.0,30.0,10.0
6119,MODEL_Y,C,458.0,675.0,c1,d1,10.0,25.0,15.0,30.0,0.0,22.0,40.0,0.0,30.0,3.0,10.0,20.0,20.0,15.0,10.0,0.0,15.0,10.0,57.0,46.0,40.0,0.0,30.0,10.0
6120,MODEL_Y,D,175.0,675.0,c1,d1,10.0,0.0,0.0,0.0,0.0,3.0,0.0,0.0,0.0,0.0,0.0,0.0,0.0,0.0,10.0,0.0,15.0,10.0,27.0,52.0,38.0,20.0,30.0,10.0
6121,MODEL_Y,C,433.0,675.0,c1,d1,10.0,25.0,15.0,30.0,0.0,3.0,40.0,0.0,30.0,3.0,10.0,20.0,20.0,15.0,10.0,0.0,15.0,10.0,27.0,52.0,38.0,20.0,30.0,10.0
6122,MODEL_Y,D,151.0,675.0,c1,d1,10.0,0.0,0.0,0.0,0.0,19.0,0.0,0.0,0.0,0.0,0.0,0.0,0.0,0.0,10.0,0.0,15.0,10.0,40.0,0.0,48.0,9.0,30.0,10.0
6123,MODEL_Y,D,329.0,675.0,c1,d1,10.0,25.0,11.0,30.0,0.0,19.0,0.0,0.0,30.0,3.0,10.0,0.0,4.0,15.0,10.0,0.0,15.0,10.0,40.0,0.0,48.0,9.0,30.0,10.0
6124,MODEL_Y,D,180.0,675.0,c1,d1,10.0,0.0,0.0,0.0,0.0,3.0,0.0,0.0,0.0,0.0,0.0,0.0,0.0,0.0,10.0,0.0,15.0,10.0,54.0,55.0,13.0,20.0,30.0,10.0
6125,MODEL_Y,D,408.0,675.0,c1,d1,10.0,25.0,11.0,30.0,0.0,3.0,22.0,0.0,30.0,3.0,10.0,20.0,12.0,15.0,10.0,0.0,15.0,10.0,54.0,55.0,13.0,20.0,30.0,10.0
6126,MODEL_Y,E,184.0,675.0,c1,d1,10.0,0.0,0.0,0.0,0.0,6.0,0.0,0.0,0.0,0.0,0.0,0.0,0.0,0.0,10.0,0.0,15.0,10.0,78.0,64.0,1.0,0.0,30.0,10.0
6127,MODEL_Y,E,362.0,675.0,c1,d1,10.0,25.0,15.0,30.0,0.0,6.0,0.0,0.0,30.0,3.0,10.0,0.0,0.0,15.0,10.0,0.0,15.0,10.0,78.0,64.0,1.0,0.0,30.0,10.0
6128,MODEL_Y,D,159.0,675.0,c1,d1,10.0,0.0,0.0,0.0,0.0,22.0,0.0,0.0,0.0,0.0,0.0,0.0,0.0,0.0,10.0,0.0,15.0,10.0,40.0,14.0,48.0,0.0,30.0,10.0
6129,MODEL_Y,D,260.0,675.0,c1,d1,10.0,3.0,0.0,0.0,0.0,22.0,40.0,0.0,30.0,3.0,10.0,20.0,20.0,15.0,10.0,0.0,15.0,10.0,40.0,14.0,48.0,0.0,30.0,10.0
6130,MODEL_Y,D,165.0,675.0,c1,d1,10.0,0.0,0.0,0.0,0.0,3.0,0.0,0.0,0.0,0.0,0.0,0.0,0.0,0.0,10.0,0.0,15.0,0.0,19.0,45.0,53.0,20.0,30.0,10.0
6131,MODEL_Y,D,393.0,675.0,c1,d1,10.0,25.0,11.0,30.0,0.0,3.0,22.0,0.0,30.0,3.0,10.0,20.0,12.0,15.0,10.0,0.0,15.0,0.0,19.0,45.0,53.0,20.0,30.0,10.0
6132,MODEL_Y,D,233.0,675.0,c1,d1,10.0,0.0,0.0,0.0,0.0,3.0,0.0,0.0,0.0,0.0,0.0,0.0,0.0,0.0,10.0,0.0,15.0,10.0,74.0,90.0,11.0,20.0,30.0,10.0
6133,MODEL_Y,C,461.0,675.0,c1,d1,10.0,25.0,15.0,30.0,0.0,3.0,22.0,0.0,30.0,3.0,10.0,20.0,8.0,15.0,10.0,0.0,15.0,10.0,74.0,90.0,11.0,20.0,30.0,10.0
6134,MODEL_Y,D,206.0,675.0,c1,d1,10.0,0.0,0.0,0.0,0.0,3.0,0.0,0.0,0.0,0.0,0.0,0.0,0.0,0.0,10.0,0.0,15.0,10.0,61.0,29.0,58.0,20.0,30.0,10.0
6135,MODEL_Y,C,460.0,675.0,c1,d1,10.0,25.0,11.0,30.0,0.0,3.0,40.0,0.0,30.0,3.0,10.0,20.0,20.0,15.0,10.0,0.0,15.0,10.0,61.0,29.0,58.0,20.0,30.0,10.0
6136,MODEL_Y,E,120.0,675.0,c1,d1,0.0,0.0,0.0,0.0,0.0,3.0,0.0,0.0,0.0,0.0,0.0,0.0,0.0,0.0,10.0,0.0,15.0,10.0,57.0,0.0,15.0,20.0,30.0,10.0
6137,MODEL_Y,D,319.0,675.0,c1,d1,0.0,14.0,15.0,30.0,0.0,2.0,40.0,0.0,0.0,0.0,0.0,0.0,20.0,15.0,10.0,0.0,15.0,10.0,0.0,39.0,49.0,20.0,30.0,10.0
6138,MODEL_Y,E,275.0,675.0,c1,d1,0.0,25.0,15.0,0.0,0.0,2.0,40.0,0.0,0.0,0.0,0.0,0.0,20.0,15.0,10.0,0.0,15.0,10.0,43.0,0.0,70.0,20.0,30.0,10.0
6139,MODEL_Y,E,261.0,675.0,c1,d1,0.0,11.0,15.0,0.0,0.0,2.0,40.0,0.0,0.0,0.0,0.0,0.0,20.0,15.0,10.0,0.0,15.0,10.0,43.0,0.0,70.0,20.0,30.0,10.0
6140,MODEL_Y,E,267.0,675.0,c1,d1,0.0,25.0,15.0,0.0,0.0,2.0,40.0,0.0,0.0,0.0,0.0,0.0,20.0,15.0,10.0,0.0,15.0,10.0,35.0,0.0,70.0,20.0,30.0,10.0
6141,MODEL_Y,E,268.0,675.0,c1,d1,0.0,25.0,15.0,0.0,0.0,2.0,40.0,0.0,0.0,0.0,0.0,0.0,20.0,15.0,10.0,0.0,15.0,0.0,46.0,0.0,70.0,20.0,30.0,10.0
6142,MODEL_Y,E,257.0,675.0,c1,d1,0.0,0.0,0.0,10.0,0.0,2.0,0.0,0.0,0.0,0.0,0.0,0.0,0.0,0.0,10.0,0.0,15.0,10.0,80.0,0.0,70.0,20.0,30.0,10.0
6143,MODEL_Y,E,290.0,675.0,c1,d1,0.0,11.0,15.0,0.0,0.0,2.0,40.0,0.0,0.0,0.0,0.0,0.0,20.0,15.0,7.0,0.0,15.0,10.0,75.0,0.0,70.0,20.0,30.0,10.0
6144,MODEL_Y,E,198.0,675.0,c1,d1,0.0,0.0,0.0,0.0,0.0,3.0,0.0,0.0,0.0,0.0,0.0,0.0,0.0,0.0,10.0,0.0,15.0,10.0,80.0,0.0,70.0,20.0,30.0,10.0
6145,MODEL_Y,E,368.0,675.0,c1,d1,0.0,25.0,15.0,10.0,0.0,2.0,40.0,0.0,0.0,0.0,0.0,0.0,20.0,15.0,10.0,0.0,15.0,10.0,76.0,0.0,70.0,20.0,30.0,10.0
6146,MODEL_Y,E,247.0,675.0,c1,d1,0.0,0.0,0.0,10.0,0.0,3.0,0.0,0.0,0.0,0.0,0.0,0.0,0.0,0.0,10.0,0.0,15.0,10.0,69.0,0.0,70.0,20.0,30.0,10.0
6147,MODEL_Y,E,372.0,675.0,c1,d1,0.0,25.0,15.0,10.0,0.0,2.0,40.0,0.0,0.0,0.0,0.0,0.0,20.0,15.0,10.0,0.0,15.0,10.0,80.0,0.0,70.0,20.0,30.0,10.0
6148,MODEL_Y,E,264.0,675.0,c1,d1,0.0,25.0,15.0,0.0,0.0,2.0,40.0,0.0,0.0,0.0,0.0,0.0,20.0,15.0,10.0,0.0,15.0,10.0,32.0,0.0,70.0,20.0,30.0,10.0
6149,MODEL_Y,E,217.0,675.0,c1,d1,0.0,0.0,15.0,0.0,0.0,2.0,40.0,0.0,0.0,0.0,0.0,0.0,20.0,15.0,10.0,0.0,15.0,10.0,10.0,0.0,70.0,20.0,30.0,10.0
6150,MODEL_Y,E,215.0,675.0,c1,d1,0.0,0.0,0.0,0.0,0.0,8.0,0.0,0.0,0.0,0.0,0.0,0.0,0.0,0.0,10.0,15.0,15.0,10.0,77.0,0.0,70.0,20.0,30.0,10.0
6151,MODEL_Y,E,372.0,675.0,c1,d1,0.0,25.0,15.0,10.0,0.0,2.0,40.0,0.0,0.0,0.0,0.0,0.0,20.0,15.0,10.0,0.0,15.0,10.0,80.0,0.0,70.0,20.0,30.0,10.0
6152,MODEL_Y,E,256.0,675.0,c1,d1,0.0,0.0,0.0,10.0,0.0,2.0,0.0,0.0,0.0,0.0,0.0,0.0,0.0,0.0,10.0,0.0,15.0,10.0,79.0,0.0,70.0,20.0,30.0,10.0
6153,MODEL_Y,E,275.0,675.0,c1,d1,0.0,25.0,15.0,0.0,0.0,2.0,40.0,0.0,0.0,0.0,0.0,0.0,20.0,15.0,10.0,0.0,15.0,10.0,43.0,0.0,70.0,20.0,30.0,10.0
6154,MODEL_Y,D,403.0,675.0,c1,d1,10.0,25.0,11.0,30.0,0.0,5.0,22.0,0.0,30.0,3.0,10.0,20.0,8.0,15.0,10.0,0.0,15.0,10.0,47.0,35.0,40.0,17.0,30.0,10.0
6155,MODEL_Y,E,222.0,675.0,c1,d1,0.0,3.0,15.0,0.0,0.0,2.0,40.0,0.0,0.0,0.0,0.0,0.0,20.0,15.0,10.0,0.0,15.0,10.0,52.0,0.0,70.0,20.0,30.0,10.0
6156,MODEL_Y,E,275.0,675.0,c1,d1,0.0,25.0,15.0,0.0,0.0,2.0,40.0,0.0,0.0,0.0,0.0,0.0,20.0,15.0,10.0,0.0,15.0,10.0,43.0,0.0,70.0,20.0,30.0,10.0
6157,MODEL_Y,E,368.0,675.0,c1,d1,0.0,16.0,15.0,10.0,0.0,11.0,40.0,0.0,0.0,0.0,0.0,0.0,20.0,15.0,10.0,0.0,15.0,10.0,76.0,0.0,70.0,20.0,30.0,10.0
6158,MODEL_Y,E,373.0,675.0,c1,d1,0.0,25.0,15.0,10.0,0.0,3.0,40.0,0.0,0.0,0.0,0.0,0.0,20.0,15.0,10.0,0.0,15.0,10.0,80.0,0.0,70.0,20.0,30.0,10.0
6159,MODEL_Y,E,278.0,675.0,c1,d1,0.0,25.0,15.0,0.0,0.0,2.0,40.0,0.0,0.0,0.0,0.0,0.0,20.0,15.0,10.0,0.0,15.0,10.0,46.0,0.0,70.0,20.0,30.0,10.0
6160,MODEL_Y,E,319.0,675.0,c1,d1,0.0,24.0,0.0,10.0,0.0,23.0,40.0,0.0,0.0,0.0,0.0,0.0,20.0,15.0,10.0,0.0,15.0,10.0,80.0,0.0,28.0,4.0,30.0,10.0
6161,MODEL_Y,E,284.0,675.0,c1,d1,0.0,25.0,15.0,0.0,0.0,2.0,40.0,0.0,0.0,0.0,0.0,0.0,20.0,15.0,10.0,0.0,15.0,10.0,52.0,0.0,70.0,20.0,30.0,10.0
6162,MODEL_Y,E,219.0,675.0,c1,d1,0.0,0.0,0.0,10.0,0.0,11.0,0.0,0.0,0.0,0.0,0.0,0.0,0.0,0.0,3.0,0.0,15.0,10.0,80.0,0.0,70.0,20.0,30.0,0.0
6163,MODEL_Y,E,234.0,675.0,c1,d1,0.0,3.0,15.0,0.0,0.0,11.0,40.0,0.0,0.0,0.0,0.0,0.0,20.0,15.0,10.0,0.0,15.0,10.0,80.0,0.0,45.0,20.0,30.0,10.0
6164,MODEL_Y,E,373.0,675.0,c1,d1,0.0,25.0,15.0,10.0,0.0,3.0,40.0,0.0,0.0,0.0,0.0,0.0,20.0,15.0,10.0,0.0,15.0,10.0,80.0,0.0,70.0,20.0,30.0,10.0
6165,MODEL_Y,E,470.0,675.0,c1,d1,10.0,25.0,11.0,30.0,0.0,11.0,10.0,0.0,30.0,3.0,10.0,0.0,12.0,0.0,10.0,0.0,15.0,10.0,70.0,83.0,70.0,20.0,30.0,10.0
6166,MODEL_Y,E,290.0,675.0,c1,d1,0.0,25.0,15.0,0.0,0.0,2.0,40.0,0.0,0.0,0.0,0.0,0.0,20.0,15.0,10.0,15.0,15.0,10.0,43.0,0.0,70.0,20.0,30.0,10.0
6167,MODEL_Y,E,286.0,675.0,c1,d1,0.0,25.0,15.0,0.0,0.0,2.0,40.0,0.0,0.0,0.0,0.0,0.0,20.0,15.0,10.0,0.0,15.0,0.0,64.0,0.0,70.0,20.0,30.0,10.0
6168,MODEL_Y,E,275.0,675.0,c1,d1,0.0,25.0,15.0,0.0,0.0,2.0,40.0,0.0,0.0,0.0,0.0,0.0,20.0,15.0,10.0,0.0,15.0,10.0,43.0,0.0,70.0,20.0,30.0,10.0
6169,MODEL_Y,E,267.0,675.0,c1,d1,0.0,25.0,15.0,0.0,0.0,2.0,40.0,0.0,0.0,0.0,0.0,0.0,20.0,15.0,10.0,0.0,15.0,10.0,35.0,0.0,70.0,20.0,30.0,10.0
6170,MODEL_Y,E,156.0,675.0,c1,d1,0.0,0.0,0.0,0.0,0.0,2.0,0.0,0.0,0.0,0.0,0.0,0.0,0.0,0.0,10.0,0.0,15.0,10.0,39.0,0.0,70.0,20.0,30.0,10.0
6171,MODEL_Y,E,264.0,675.0,c1,d1,0.0,25.0,15.0,0.0,0.0,2.0,40.0,0.0,0.0,0.0,0.0,0.0,20.0,15.0,10.0,0.0,15.0,10.0,32.0,0.0,70.0,20.0,30.0,10.0
6172,MODEL_Y,E,269.0,675.0,c1,d1,0.0,0.0,0.0,10.0,0.0,2.0,0.0,0.0,0.0,0.0,0.0,0.0,0.0,0.0,7.0,15.0,15.0,10.0,80.0,0.0,70.0,20.0,30.0,10.0
6173,MODEL_Y,E,278.0,675.0,c1,d1,0.0,0.0,0.0,10.0,0.0,8.0,0.0,0.0,0.0,0.0,0.0,0.0,0.0,0.0,10.0,15.0,15.0,10.0,80.0,0.0,70.0,20.0,30.0,10.0
6174,MODEL_Y,E,190.0,675.0,c1,d1,0.0,0.0,0.0,0.0,0.0,2.0,0.0,0.0,0.0,0.0,0.0,0.0,0.0,0.0,10.0,0.0,15.0,10.0,73.0,0.0,70.0,20.0,30.0,10.0
6175,MODEL_Y,E,372.0,675.0,c1,d1,0.0,25.0,15.0,10.0,0.0,2.0,40.0,0.0,0.0,0.0,0.0,0.0,20.0,15.0,10.0,0.0,15.0,10.0,80.0,0.0,70.0,20.0,30.0,10.0
6176,MODEL_Y,E,324.0,675.0,c1,d1,0.0,25.0,15.0,10.0,0.0,2.0,40.0,0.0,0.0,0.0,0.0,0.0,20.0,15.0,10.0,0.0,15.0,10.0,65.0,0.0,37.0,20.0,30.0,10.0
6177,MODEL_Y,E,371.0,675.0,c1,d1,0.0,25.0,15.0,10.0,0.0,2.0,40.0,0.0,0.0,0.0,0.0,0.0,20.0,15.0,10.0,0.0,15.0,10.0,79.0,0.0,70.0,20.0,30.0,10.0
6178,MODEL_Y,E,354.0,675.0,c1,d1,0.0,11.0,15.0,10.0,0.0,2.0,40.0,0.0,0.0,0.0,0.0,0.0,20.0,15.0,10.0,0.0,15.0,10.0,76.0,0.0,70.0,20.0,30.0,10.0
6179,MODEL_Y,E,264.0,675.0,c1,d1,0.0,11.0,15.0,0.0,0.0,2.0,40.0,0.0,0.0,0.0,0.0,0.0,20.0,15.0,10.0,0.0,15.0,10.0,46.0,0.0,70.0,20.0,30.0,10.0
6180,MODEL_Y,E,296.0,675.0,c1,d1,0.0,25.0,15.0,0.0,0.0,2.0,40.0,0.0,0.0,0.0,0.0,0.0,20.0,15.0,10.0,0.0,15.0,10.0,64.0,0.0,70.0,20.0,30.0,10.0
6181,MODEL_Y,E,290.0,675.0,c1,d1,0.0,11.0,15.0,0.0,0.0,2.0,40.0,0.0,0.0,0.0,0.0,0.0,20.0,15.0,7.0,0.0,15.0,10.0,75.0,0.0,70.0,20.0,30.0,10.0
6182,MODEL_Y,E,216.0,675.0,c1,d1,0.0,3.0,15.0,0.0,0.0,2.0,40.0,0.0,0.0,0.0,0.0,0.0,20.0,15.0,10.0,0.0,15.0,10.0,46.0,0.0,70.0,20.0,30.0,10.0
6183,MODEL_Y,E,145.0,675.0,c1,d1,0.0,0.0,0.0,0.0,0.0,2.0,0.0,0.0,0.0,0.0,0.0,0.0,0.0,0.0,10.0,0.0,15.0,10.0,28.0,0.0,70.0,20.0,30.0,10.0
6184,MODEL_Y,E,306.0,675.0,c1,d1,0.0,25.0,15.0,0.0,0.0,3.0,40.0,0.0,0.0,0.0,0.0,0.0,20.0,15.0,10.0,0.0,15.0,10.0,73.0,0.0,70.0,20.0,30.0,10.0
6185,MODEL_Y,E,368.0,675.0,c1,d1,0.0,25.0,15.0,10.0,0.0,2.0,40.0,0.0,0.0,0.0,0.0,0.0,20.0,15.0,10.0,0.0,15.0,10.0,76.0,0.0,70.0,20.0,30.0,10.0
6186,MODEL_Y,E,178.0,675.0,c1,d1,0.0,0.0,0.0,0.0,0.0,8.0,0.0,0.0,0.0,0.0,0.0,0.0,0.0,0.0,10.0,15.0,15.0,10.0,40.0,0.0,70.0,20.0,30.0,10.0
6187,MODEL_Y,E,242.0,675.0,c1,d1,0.0,25.0,15.0,0.0,0.0,2.0,40.0,0.0,0.0,0.0,0.0,0.0,20.0,15.0,10.0,0.0,15.0,10.0,10.0,0.0,70.0,20.0,30.0,10.0
6188,MODEL_Y,E,216.0,675.0,c1,d1,0.0,0.0,15.0,0.0,0.0,2.0,40.0,0.0,0.0,0.0,0.0,0.0,20.0,15.0,10.0,0.0,15.0,10.0,9.0,0.0,70.0,20.0,30.0,10.0
6189,MODEL_Y,E,259.0,675.0,c1,d1,0.0,20.0,15.0,0.0,0.0,3.0,40.0,0.0,0.0,0.0,0.0,0.0,20.0,15.0,10.0,0.0,15.0,10.0,77.0,0.0,24.0,20.0,30.0,10.0
6190,MODEL_Y,E,372.0,675.0,c1,d1,0.0,25.0,15.0,10.0,0.0,2.0,40.0,0.0,0.0,0.0,0.0,0.0,20.0,15.0,10.0,0.0,15.0,10.0,80.0,0.0,70.0,20.0,30.0,10.0
6191,MODEL_Y,E,366.0,675.0,c1,d1,0.0,25.0,15.0,10.0,0.0,2.0,40.0,0.0,0.0,0.0,0.0,0.0,20.0,15.0,10.0,0.0,15.0,10.0,74.0,0.0,70.0,20.0,30.0,10.0
6192,MODEL_Y,E,302.0,675.0,c1,d1,0.0,25.0,15.0,0.0,0.0,2.0,40.0,0.0,0.0,0.0,0.0,0.0,20.0,15.0,10.0,0.0,15.0,10.0,70.0,0.0,70.0,20.0,30.0,10.0
6193,MODEL_Y,E,288.0,675.0,c1,d1,0.0,25.0,15.0,10.0,0.0,3.0,40.0,0.0,0.0,0.0,0.0,0.0,20.0,15.0,10.0,0.0,15.0,10.0,29.0,0.0,36.0,20.0,30.0,10.0
6194,MODEL_Y,E,179.0,675.0,c1,d1,0.0,0.0,0.0,0.0,0.0,3.0,0.0,0.0,0.0,0.0,0.0,0.0,0.0,0.0,10.0,0.0,15.0,10.0,80.0,0.0,51.0,20.0,30.0,10.0
6195,MODEL_Y,E,372.0,675.0,c1,d1,0.0,25.0,15.0,10.0,0.0,2.0,40.0,0.0,0.0,0.0,0.0,0.0,20.0,15.0,10.0,0.0,15.0,10.0,80.0,0.0,70.0,20.0,30.0,10.0
6196,MODEL_Y,E,372.0,675.0,c1,d1,0.0,25.0,15.0,10.0,0.0,2.0,40.0,0.0,0.0,0.0,0.0,0.0,20.0,15.0,10.0,0.0,15.0,10.0,80.0,0.0,70.0,20.0,30.0,10.0
6197,MODEL_Y,E,361.0,675.0,c1,d1,0.0,13.0,15.0,10.0,0.0,3.0,40.0,0.0,0.0,0.0,0.0,0.0,20.0,15.0,10.0,0.0,15.0,10.0,80.0,0.0,70.0,20.0,30.0,10.0
6198,MODEL_Y,E,350.0,675.0,c1,d1,0.0,25.0,15.0,10.0,0.0,2.0,40.0,0.0,0.0,0.0,0.0,0.0,20.0,15.0,10.0,0.0,15.0,10.0,61.0,0.0,67.0,20.0,30.0,10.0
6199,MODEL_Y,E,258.0,675.0,c1,d1,0.0,0.0,0.0,10.0,0.0,3.0,0.0,0.0,0.0,0.0,0.0,0.0,0.0,0.0,10.0,0.0,15.0,10.0,80.0,0.0,70.0,20.0,30.0,10.0
6200,MODEL_Y,E,160.0,675.0,c1,d1,0.0,3.0,15.0,0.0,0.0,23.0,22.0,0.0,0.0,0.0,0.0,0.0,0.0,15.0,10.0,0.0,15.0,10.0,80.0,0.0,17.0,0.0,30.0,10.0
6201,MODEL_Y,E,253.0,675.0,c1,d1,0.0,25.0,15.0,0.0,0.0,2.0,40.0,0.0,0.0,0.0,0.0,0.0,20.0,15.0,10.0,0.0,15.0,10.0,25.0,0.0,66.0,20.0,30.0,10.0
6202,MODEL_Y,E,373.0,675.0,c1,d1,0.0,25.0,15.0,10.0,0.0,3.0,40.0,0.0,0.0,0.0,0.0,0.0,20.0,15.0,10.0,0.0,15.0,10.0,80.0,0.0,70.0,20.0,30.0,10.0
6203,MODEL_Y,E,355.0,675.0,c1,d1,0.0,25.0,15.0,10.0,0.0,3.0,22.0,0.0,0.0,0.0,0.0,0.0,20.0,15.0,10.0,0.0,15.0,10.0,80.0,0.0,70.0,20.0,30.0,10.0
6204,MODEL_Y,E,264.0,675.0,c1,d1,0.0,25.0,15.0,0.0,0.0,2.0,40.0,0.0,0.0,0.0,0.0,0.0,20.0,15.0,10.0,0.0,15.0,10.0,32.0,0.0,70.0,20.0,30.0,10.0
6205,MODEL_Y,E,181.0,675.0,c1,d1,0.0,25.0,15.0,0.0,0.0,3.0,40.0,0.0,0.0,0.0,0.0,0.0,20.0,15.0,10.0,0.0,15.0,0.0,20.0,0.0,8.0,20.0,30.0,10.0
6206,MODEL_Y,E,255.0,675.0,c1,d1,0.0,0.0,0.0,10.0,0.0,16.0,0.0,0.0,0.0,0.0,0.0,0.0,0.0,0.0,10.0,0.0,15.0,0.0,74.0,0.0,70.0,20.0,30.0,10.0
6207,MODEL_Y,E,361.0,675.0,c1,d1,0.0,25.0,15.0,10.0,0.0,3.0,40.0,0.0,0.0,0.0,0.0,0.0,20.0,15.0,10.0,0.0,15.0,10.0,68.0,0.0,70.0,20.0,30.0,10.0
6208,MODEL_Y,E,430.0,675.0,c1,d1,10.0,25.0,11.0,30.0,0.0,6.0,22.0,0.0,30.0,3.0,10.0,20.0,0.0,15.0,10.0,0.0,15.0,10.0,63.0,43.0,54.0,13.0,30.0,10.0
6209,MODEL_Y,E,276.0,675.0,c1,d1,0.0,21.0,15.0,10.0,0.0,0.0,40.0,0.0,0.0,0.0,0.0,0.0,20.0,15.0,10.0,0.0,15.0,0.0,0.0,0.0,70.0,20.0,30.0,10.0
6210,MODEL_Y,E,148.0,675.0,c1,d1,0.0,0.0,0.0,0.0,0.0,2.0,0.0,0.0,0.0,0.0,0.0,0.0,0.0,0.0,10.0,0.0,15.0,10.0,43.0,0.0,58.0,20.0,30.0,10.0
6211,MODEL_Y,E,245.0,675.0,c1,d1,0.0,0.0,0.0,10.0,0.0,3.0,0.0,0.0,0.0,0.0,0.0,0.0,0.0,0.0,10.0,0.0,15.0,0.0,77.0,0.0,70.0,20.0,30.0,10.0
6212,MODEL_Y,E,264.0,675.0,c1,d1,0.0,25.0,15.0,0.0,0.0,2.0,40.0,0.0,0.0,0.0,0.0,0.0,20.0,15.0,10.0,0.0,15.0,10.0,32.0,0.0,70.0,20.0,30.0,10.0
6213,MODEL_Y,E,261.0,675.0,c1,d1,0.0,11.0,15.0,0.0,0.0,2.0,40.0,0.0,0.0,0.0,0.0,0.0,20.0,15.0,10.0,0.0,15.0,10.0,43.0,0.0,70.0,20.0,30.0,10.0
6214,MODEL_Y,E,197.0,675.0,c1,d1,0.0,0.0,0.0,0.0,0.0,3.0,0.0,0.0,0.0,0.0,0.0,0.0,0.0,0.0,10.0,0.0,15.0,10.0,79.0,0.0,70.0,20.0,30.0,10.0
6215,MODEL_Y,E,201.0,675.0,c1,d1,0.0,3.0,15.0,0.0,0.0,6.0,40.0,0.0,0.0,0.0,0.0,0.0,20.0,15.0,10.0,0.0,15.0,10.0,80.0,0.0,23.0,14.0,30.0,10.0
6216,MODEL_Y,E,230.0,675.0,c1,d1,10.0,3.0,15.0,0.0,0.0,3.0,40.0,0.0,0.0,0.0,0.0,0.0,20.0,15.0,10.0,15.0,15.0,0.0,80.0,0.0,34.0,20.0,30.0,10.0
6217,MODEL_Y,E,174.0,675.0,c1,d1,0.0,0.0,0.0,0.0,0.0,3.0,0.0,0.0,0.0,0.0,0.0,0.0,0.0,0.0,10.0,0.0,15.0,10.0,56.0,0.0,70.0,20.0,30.0,10.0
6218,MODEL_Y,E,349.0,675.0,c1,d1,0.0,25.0,15.0,10.0,0.0,3.0,40.0,0.0,0.0,0.0,0.0,0.0,20.0,15.0,10.0,0.0,15.0,0.0,66.0,0.0,70.0,20.0,30.0,10.0
6219,MODEL_Y,C,452.0,675.0,c1,d1,10.0,25.0,11.0,30.0,0.0,3.0,22.0,0.0,30.0,0.0,10.0,20.0,20.0,15.0,10.0,0.0,15.0,10.0,80.0,100.0,1.0,20.0,30.0,10.0
6220,MODEL_Y,C,415.0,675.0,c1,d1,10.0,25.0,11.0,30.0,0.0,3.0,10.0,0.0,30.0,0.0,10.0,20.0,20.0,15.0,10.0,0.0,15.0,10.0,80.0,90.0,0.0,6.0,30.0,10.0
6221,MODEL_Y,E,144.0,675.0,c1,d1,0.0,0.0,0.0,0.0,0.0,2.0,0.0,0.0,0.0,0.0,0.0,0.0,0.0,0.0,10.0,0.0,15.0,10.0,27.0,0.0,70.0,20.0,30.0,10.0
6222,MODEL_Y,E,215.0,675.0,c1,d1,0.0,3.0,15.0,0.0,0.0,3.0,40.0,0.0,0.0,0.0,0.0,0.0,20.0,15.0,10.0,0.0,15.0,10.0,70.0,0.0,44.0,20.0,30.0,10.0
6223,MODEL_Y,E,158.0,675.0,c1,d1,0.0,3.0,15.0,0.0,0.0,0.0,40.0,0.0,0.0,0.0,0.0,0.0,20.0,15.0,10.0,0.0,15.0,0.0,0.0,0.0,70.0,20.0,30.0,10.0
6224,MODEL_Y,E,186.0,675.0,c1,d1,0.0,3.0,15.0,0.0,0.0,23.0,22.0,0.0,0.0,0.0,0.0,0.0,4.0,15.0,10.0,0.0,15.0,10.0,80.0,0.0,38.0,1.0,30.0,10.0
6225,MODEL_Y,E,275.0,675.0,c1,d1,0.0,14.0,15.0,0.0,0.0,3.0,40.0,0.0,0.0,0.0,0.0,0.0,20.0,15.0,10.0,0.0,15.0,10.0,55.0,0.0,68.0,20.0,30.0,10.0
6226,MODEL_Y,E,180.0,675.0,c1,d1,0.0,0.0,0.0,0.0,0.0,11.0,0.0,0.0,0.0,0.0,0.0,0.0,0.0,0.0,10.0,0.0,15.0,10.0,54.0,0.0,70.0,20.0,30.0,10.0
6227,MODEL_Y,E,257.0,675.0,c1,d1,0.0,0.0,0.0,10.0,0.0,2.0,0.0,0.0,0.0,0.0,0.0,0.0,0.0,0.0,10.0,0.0,15.0,10.0,80.0,0.0,70.0,20.0,30.0,10.0
6228,MODEL_Y,E,363.0,675.0,c1,d1,0.0,25.0,15.0,10.0,0.0,3.0,40.0,0.0,0.0,0.0,0.0,0.0,20.0,15.0,10.0,0.0,15.0,0.0,80.0,0.0,70.0,20.0,30.0,10.0
6229,MODEL_Y,E,404.0,675.0,c1,d1,10.0,25.0,15.0,30.0,0.0,3.0,22.0,0.0,30.0,3.0,10.0,20.0,4.0,15.0,10.0,0.0,15.0,10.0,17.0,43.0,62.0,20.0,30.0,10.0
6230,MODEL_Y,E,265.0,675.0,c1,d1,0.0,25.0,15.0,0.0,0.0,2.0,40.0,0.0,0.0,0.0,0.0,0.0,20.0,15.0,10.0,0.0,15.0,0.0,43.0,0.0,70.0,20.0,30.0,10.0
6231,MODEL_Y,E,268.0,675.0,c1,d1,0.0,25.0,15.0,0.0,0.0,2.0,40.0,0.0,0.0,0.0,0.0,0.0,20.0,15.0,7.0,0.0,15.0,0.0,49.0,0.0,70.0,20.0,30.0,10.0
6232,MODEL_Y,D,372.0,675.0,c1,d1,10.0,25.0,7.0,30.0,0.0,17.0,10.0,0.0,30.0,3.0,10.0,0.0,0.0,15.0,10.0,0.0,15.0,10.0,60.0,0.0,60.0,20.0,30.0,10.0
6233,MODEL_Y,E,483.0,675.0,c1,d1,10.0,25.0,3.0,30.0,0.0,3.0,22.0,0.0,30.0,3.0,10.0,0.0,20.0,0.0,10.0,0.0,15.0,10.0,80.0,100.0,52.0,20.0,30.0,10.0
6234,MODEL_Y,E,406.0,675.0,c1,d1,10.0,25.0,7.0,30.0,0.0,17.0,10.0,0.0,30.0,3.0,10.0,12.0,20.0,0.0,10.0,0.0,15.0,10.0,73.0,0.0,64.0,20.0,30.0,10.0
6235,MODEL_Y,E,156.0,675.0,c1,d1,0.0,0.0,0.0,10.0,0.0,20.0,0.0,0.0,0.0,0.0,0.0,0.0,0.0,0.0,10.0,15.0,15.0,10.0,17.0,0.0,19.0,0.0,30.0,10.0
6236,MODEL_Y,E,191.0,675.0,c1,d1,10.0,3.0,15.0,0.0,0.0,3.0,40.0,0.0,0.0,0.0,0.0,0.0,20.0,15.0,10.0,0.0,15.0,10.0,80.0,0.0,0.0,20.0,30.0,10.0
6237,MODEL_Y,E,271.0,675.0,c1,d1,0.0,0.0,0.0,10.0,0.0,2.0,0.0,0.0,0.0,0.0,0.0,0.0,0.0,0.0,10.0,15.0,15.0,10.0,79.0,0.0,70.0,20.0,30.0,10.0
6238,MODEL_Y,E,283.0,675.0,c1,d1,0.0,25.0,15.0,0.0,0.0,2.0,40.0,0.0,0.0,0.0,0.0,0.0,20.0,15.0,10.0,0.0,15.0,10.0,51.0,0.0,70.0,20.0,30.0,10.0
6239,MODEL_Y,D,350.0,675.0,c1,d1,0.0,25.0,15.0,30.0,0.0,3.0,40.0,0.0,0.0,0.0,0.0,0.0,20.0,15.0,10.0,0.0,15.0,10.0,6.0,31.0,70.0,20.0,30.0,10.0
6240,MODEL_Y,E,185.0,675.0,c1,d1,0.0,3.0,15.0,0.0,0.0,3.0,40.0,0.0,0.0,0.0,0.0,0.0,20.0,15.0,7.0,0.0,15.0,0.0,80.0,0.0,17.0,20.0,30.0,10.0
6241,MODEL_Y,E,361.0,675.0,c1,d1,0.0,25.0,15.0,10.0,0.0,3.0,40.0,0.0,0.0,0.0,0.0,0.0,20.0,15.0,10.0,0.0,15.0,10.0,77.0,0.0,61.0,20.0,30.0,10.0
6242,MODEL_Y,E,311.0,675.0,c1,d1,0.0,24.0,15.0,10.0,0.0,20.0,40.0,0.0,0.0,0.0,0.0,0.0,20.0,15.0,10.0,0.0,15.0,10.0,35.0,0.0,57.0,0.0,30.0,10.0
6243,MODEL_Y,E,250.0,675.0,c1,d1,0.0,6.0,15.0,0.0,0.0,11.0,40.0,0.0,0.0,0.0,0.0,0.0,20.0,15.0,10.0,0.0,15.0,10.0,71.0,0.0,67.0,20.0,30.0,10.0
6244,MODEL_Y,E,262.0,675.0,c1,d1,0.0,15.0,15.0,0.0,0.0,3.0,10.0,0.0,0.0,0.0,0.0,0.0,0.0,15.0,10.0,15.0,15.0,10.0,80.0,0.0,64.0,20.0,30.0,10.0
6245,MODEL_Y,E,211.0,675.0,c1,d1,0.0,3.0,15.0,0.0,0.0,9.0,40.0,0.0,0.0,0.0,0.0,0.0,20.0,15.0,10.0,0.0,15.0,10.0,74.0,0.0,30.0,20.0,30.0,10.0
6246,MODEL_Y,E,229.0,675.0,c1,d1,0.0,3.0,15.0,0.0,0.0,8.0,22.0,0.0,0.0,0.0,0.0,0.0,20.0,15.0,10.0,0.0,15.0,10.0,80.0,0.0,61.0,20.0,30.0,10.0
6247,MODEL_Y,E,172.0,675.0,c1,d1,0.0,3.0,15.0,0.0,0.0,6.0,22.0,0.0,0.0,0.0,0.0,0.0,12.0,15.0,3.0,0.0,15.0,10.0,80.0,0.0,27.0,14.0,30.0,10.0
6248,MODEL_Y,E,243.0,675.0,c1,d1,10.0,25.0,15.0,0.0,0.0,2.0,40.0,0.0,0.0,0.0,0.0,0.0,20.0,15.0,10.0,0.0,15.0,10.0,1.0,0.0,70.0,20.0,30.0,10.0
6249,MODEL_Y,D,236.0,675.0,c1,d1,10.0,3.0,3.0,0.0,0.0,23.0,10.0,0.0,0.0,0.0,0.0,0.0,12.0,15.0,10.0,0.0,15.0,10.0,80.0,80.0,15.0,0.0,30.0,10.0
6250,MODEL_Y,E,187.0,675.0,c1,d1,10.0,3.0,15.0,0.0,0.0,3.0,40.0,0.0,0.0,0.0,0.0,0.0,20.0,15.0,10.0,0.0,15.0,10.0,80.0,0.0,0.0,16.0,30.0,10.0
6251,MODEL_Y,E,263.0,675.0,c1,d1,10.0,25.0,15.0,10.0,0.0,3.0,40.0,0.0,0.0,0.0,0.0,0.0,20.0,15.0,3.0,0.0,15.0,10.0,36.0,0.0,1.0,20.0,30.0,10.0
6252,MODEL_Y,E,354.0,675.0,c1,d1,10.0,25.0,15.0,10.0,0.0,14.0,40.0,0.0,0.0,0.0,0.0,0.0,20.0,15.0,10.0,0.0,15.0,10.0,67.0,0.0,44.0,19.0,30.0,10.0
6253,MODEL_Y,C,452.0,675.0,c1,d1,10.0,25.0,15.0,30.0,0.0,6.0,40.0,0.0,30.0,3.0,10.0,20.0,20.0,15.0,10.0,0.0,15.0,10.0,80.0,73.0,0.0,0.0,30.0,10.0
6254,MODEL_Y,C,455.0,675.0,c1,d1,10.0,25.0,11.0,30.0,0.0,9.0,22.0,0.0,30.0,0.0,10.0,20.0,20.0,15.0,10.0,0.0,15.0,10.0,80.0,81.0,17.0,20.0,30.0,10.0
6255,MODEL_Y,C,419.0,675.0,c1,d1,10.0,25.0,11.0,30.0,0.0,5.0,10.0,0.0,30.0,3.0,10.0,0.0,0.0,15.0,10.0,0.0,15.0,10.0,68.0,63.0,47.0,17.0,30.0,10.0
6256,MODEL_Y,C,416.0,675.0,c1,d1,10.0,25.0,15.0,30.0,0.0,3.0,40.0,0.0,30.0,3.0,10.0,20.0,20.0,15.0,10.0,0.0,15.0,10.0,34.0,57.0,9.0,20.0,30.0,10.0
6257,MODEL_Y,D,280.0,675.0,c1,d1,10.0,3.0,11.0,0.0,0.0,20.0,22.0,0.0,30.0,3.0,10.0,0.0,0.0,15.0,10.0,0.0,15.0,10.0,63.0,62.0,46.0,0.0,30.0,10.0
6258,MODEL_Y,D,307.0,675.0,c1,d1,0.0,24.0,7.0,30.0,0.0,23.0,0.0,0.0,0.0,0.0,0.0,0.0,4.0,15.0,10.0,0.0,15.0,10.0,69.0,51.0,9.0,0.0,30.0,10.0
6259,MODEL_Y,E,338.0,675.0,c1,d1,10.0,25.0,15.0,10.0,0.0,2.0,40.0,0.0,30.0,3.0,10.0,20.0,20.0,15.0,10.0,0.0,15.0,10.0,13.0,0.0,30.0,20.0,30.0,10.0
6260,MODEL_Y,D,259.0,675.0,c1,d1,0.0,3.0,15.0,0.0,0.0,6.0,40.0,0.0,0.0,0.0,0.0,0.0,20.0,15.0,10.0,0.0,15.0,10.0,73.0,58.0,31.0,13.0,30.0,10.0
6261,MODEL_Y,D,321.0,675.0,c1,d1,0.0,25.0,11.0,30.0,0.0,22.0,22.0,0.0,0.0,0.0,0.0,0.0,20.0,15.0,10.0,0.0,15.0,10.0,51.0,34.0,16.0,0.0,30.0,10.0
6262,MODEL_Y,D,338.0,675.0,c1,d1,10.0,22.0,7.0,30.0,0.0,22.0,22.0,0.0,0.0,0.0,0.0,0.0,4.0,15.0,10.0,0.0,15.0,10.0,60.0,52.0,19.0,0.0,30.0,10.0
6263,MODEL_Y,E,338.0,675.0,c1,d1,10.0,25.0,15.0,10.0,0.0,6.0,40.0,0.0,0.0,0.0,0.0,0.0,20.0,15.0,10.0,0.0,15.0,10.0,77.0,0.0,31.0,14.0,30.0,10.0
6264,MODEL_Y,E,409.0,675.0,c1,d1,10.0,25.0,15.0,30.0,0.0,3.0,0.0,0.0,18.0,3.0,10.0,0.0,12.0,15.0,10.0,0.0,15.0,10.0,80.0,94.0,40.0,19.0,30.0,10.0
6265,MODEL_Y,E,288.0,675.0,c1,d1,0.0,11.0,15.0,10.0,0.0,2.0,40.0,0.0,0.0,0.0,0.0,0.0,20.0,15.0,10.0,0.0,15.0,10.0,10.0,0.0,70.0,20.0,30.0,10.0
6266,MODEL_Y,D,387.0,675.0,c1,d1,10.0,25.0,11.0,30.0,0.0,25.0,40.0,0.0,30.0,0.0,10.0,20.0,20.0,15.0,10.0,0.0,15.0,0.0,80.0,0.0,22.0,4.0,30.0,10.0
6267,MODEL_Y,D,384.0,675.0,c1,d1,0.0,24.0,11.0,30.0,0.0,20.0,40.0,0.0,0.0,0.0,0.0,0.0,20.0,15.0,10.0,0.0,15.0,10.0,54.0,49.0,46.0,0.0,30.0,10.0
6268,MODEL_Y,E,350.0,675.0,c1,d1,10.0,20.0,15.0,10.0,0.0,3.0,40.0,0.0,0.0,0.0,0.0,0.0,20.0,15.0,10.0,0.0,15.0,10.0,59.0,0.0,63.0,20.0,30.0,10.0
6269,MODEL_Y,D,222.0,675.0,c1,d1,0.0,0.0,0.0,0.0,0.0,6.0,0.0,0.0,0.0,0.0,0.0,0.0,0.0,0.0,10.0,0.0,15.0,10.0,69.0,52.0,57.0,13.0,30.0,10.0
6270,MODEL_Y,D,379.0,675.0,c1,d1,0.0,25.0,15.0,30.0,0.0,3.0,22.0,0.0,0.0,0.0,0.0,0.0,20.0,15.0,10.0,0.0,15.0,10.0,53.0,54.0,48.0,19.0,30.0,10.0
6271,MODEL_Y,E,357.0,675.0,c1,d1,0.0,25.0,15.0,10.0,0.0,3.0,40.0,0.0,0.0,0.0,0.0,0.0,20.0,15.0,10.0,0.0,15.0,0.0,80.0,0.0,64.0,20.0,30.0,10.0
6272,MODEL_Y,E,211.0,675.0,c1,d1,0.0,0.0,0.0,10.0,0.0,2.0,0.0,0.0,0.0,0.0,0.0,0.0,0.0,0.0,3.0,0.0,15.0,10.0,48.0,0.0,63.0,20.0,30.0,10.0
6273,MODEL_Y,D,122.0,675.0,c1,d1,0.0,0.0,0.0,0.0,0.0,25.0,0.0,0.0,0.0,0.0,0.0,0.0,0.0,0.0,10.0,0.0,15.0,10.0,71.0,0.0,1.0,0.0,30.0,10.0
6274,MODEL_Y,E,125.0,675.0,c1,d1,0.0,0.0,0.0,0.0,0.0,11.0,0.0,0.0,0.0,0.0,0.0,0.0,0.0,0.0,10.0,0.0,15.0,10.0,37.0,0.0,32.0,20.0,30.0,10.0
6275,MODEL_Y,C,409.0,675.0,c1,d1,0.0,25.0,15.0,30.0,0.0,6.0,40.0,0.0,0.0,0.0,0.0,0.0,20.0,15.0,7.0,0.0,15.0,10.0,67.0,49.0,57.0,13.0,30.0,10.0
6276,MODEL_Y,E,213.0,675.0,c1,d1,0.0,0.0,0.0,10.0,0.0,11.0,0.0,0.0,0.0,0.0,0.0,0.0,0.0,0.0,10.0,0.0,15.0,10.0,80.0,0.0,17.0,20.0,30.0,10.0
6277,MODEL_Y,E,411.0,675.0,c1,d1,10.0,25.0,7.0,30.0,0.0,23.0,0.0,0.0,30.0,0.0,10.0,20.0,0.0,0.0,3.0,15.0,15.0,10.0,80.0,90.0,22.0,1.0,30.0,10.0
6278,MODEL_Y,D,346.0,675.0,c1,d1,0.0,21.0,7.0,30.0,0.0,22.0,22.0,0.0,0.0,0.0,0.0,0.0,16.0,15.0,10.0,0.0,15.0,10.0,56.0,43.0,39.0,0.0,30.0,10.0
6279,MODEL_Y,E,308.0,675.0,c1,d1,0.0,25.0,15.0,10.0,0.0,3.0,40.0,0.0,0.0,0.0,0.0,0.0,20.0,15.0,10.0,0.0,15.0,10.0,65.0,0.0,20.0,20.0,30.0,10.0
6280,MODEL_Y,D,369.0,675.0,c1,d1,0.0,25.0,15.0,30.0,0.0,22.0,22.0,0.0,0.0,0.0,0.0,0.0,20.0,15.0,10.0,0.0,15.0,10.0,73.0,72.0,0.0,0.0,30.0,10.0
6281,MODEL_Y,D,381.0,675.0,c1,d1,0.0,25.0,15.0,30.0,0.0,23.0,40.0,0.0,0.0,0.0,0.0,0.0,20.0,15.0,7.0,0.0,15.0,10.0,80.0,43.0,18.0,0.0,30.0,10.0
6282,MODEL_Y,E,222.0,675.0,c1,d1,10.0,3.0,15.0,0.0,0.0,3.0,40.0,0.0,0.0,0.0,0.0,0.0,20.0,15.0,10.0,0.0,15.0,10.0,72.0,0.0,39.0,20.0,30.0,10.0
6283,MODEL_Y,E,233.0,675.0,c1,d1,0.0,25.0,15.0,0.0,0.0,2.0,40.0,0.0,0.0,0.0,0.0,0.0,20.0,15.0,10.0,0.0,15.0,10.0,1.0,0.0,70.0,20.0,30.0,10.0
6284,MODEL_Y,D,391.0,675.0,c1,d1,0.0,25.0,15.0,30.0,0.0,22.0,40.0,0.0,0.0,0.0,0.0,0.0,20.0,15.0,10.0,0.0,15.0,10.0,80.0,99.0,0.0,0.0,0.0,10.0
6285,MODEL_Y,D,353.0,675.0,c1,d1,0.0,25.0,15.0,30.0,0.0,23.0,22.0,0.0,0.0,0.0,0.0,0.0,8.0,15.0,10.0,0.0,15.0,10.0,70.0,15.0,52.0,3.0,30.0,10.0
6286,MODEL_Y,D,273.0,675.0,c1,d1,0.0,25.0,3.0,0.0,0.0,3.0,40.0,0.0,0.0,0.0,0.0,0.0,20.0,15.0,10.0,0.0,15.0,10.0,20.0,46.0,56.0,20.0,30.0,10.0
6287,MODEL_Y,D,363.0,675.0,c1,d1,0.0,25.0,11.0,30.0,0.0,6.0,22.0,0.0,0.0,0.0,0.0,0.0,12.0,15.0,10.0,0.0,15.0,10.0,74.0,60.0,20.0,13.0,30.0,10.0
6288,MODEL_Y,E,190.0,675.0,c1,d1,0.0,3.0,15.0,0.0,0.0,3.0,40.0,0.0,0.0,0.0,0.0,0.0,20.0,15.0,10.0,0.0,15.0,10.0,71.0,0.0,18.0,20.0,30.0,10.0
6289,MODEL_Y,E,284.0,675.0,c1,d1,10.0,19.0,15.0,10.0,0.0,3.0,40.0,0.0,0.0,0.0,0.0,0.0,20.0,15.0,10.0,0.0,15.0,0.0,23.0,0.0,44.0,20.0,30.0,10.0
6290,SPORTAGE_LPI,D,167.0,675.0,c1,d1,10.0,0.0,0.0,0.0,11.0,8.0,0.0,0.0,0.0,0.0,0.0,0.0,0.0,0.0,7.0,0.0,15.0,0.0,7.0,70.0,35.0,7.0,27.0,20.0
6295,SPORTAGE_LPI,C,425.0,675.0,c1,d1,10.0,25.0,15.0,30.0,11.0,8.0,40.0,0.0,30.0,3.0,10.0,20.0,20.0,15.0,7.0,0.0,15.0,0.0,7.0,70.0,35.0,7.0,27.0,20.0
6299,SPORTAGE_LPI,C,412.0,675.0,c1,d1,10.0,25.0,11.0,30.0,17.0,8.0,40.0,0.0,30.0,0.0,10.0,20.0,20.0,15.0,10.0,0.0,15.0,0.0,0.0,52.0,70.0,10.0,29.0,10.0
6328,SPORTAGE_LPI,D,156.0,675.0,c1,d1,10.0,0.0,0.0,0.0,20.0,16.0,0.0,0.0,0.0,0.0,0.0,0.0,0.0,0.0,10.0,0.0,15.0,0.0,2.0,31.0,47.0,8.0,27.0,20.0
6338,SPORTAGE_LPI,D,140.0,675.0,c1,d1,10.0,0.0,0.0,0.0,12.0,14.0,0.0,0.0,0.0,0.0,0.0,0.0,0.0,0.0,10.0,0.0,15.0,0.0,0.0,36.0,53.0,0.0,20.0,20.0
6339,SPORTAGE_LPI,E,147.0,675.0,c1,d1,10.0,0.0,0.0,0.0,16.0,18.0,0.0,0.0,0.0,0.0,0.0,0.0,0.0,0.0,10.0,0.0,15.0,10.0,0.0,19.0,50.0,4.0,25.0,20.0
6340,SPORTAGE_LPI,D,138.0,675.0,c1,d1,10.0,0.0,0.0,0.0,12.0,14.0,0.0,0.0,0.0,0.0,0.0,0.0,0.0,0.0,10.0,0.0,15.0,0.0,0.0,61.0,26.0,0.0,20.0,20.0
6350,SPORTAGE_LPI,C,414.0,675.0,c1,d1,10.0,25.0,15.0,30.0,20.0,16.0,40.0,0.0,30.0,3.0,10.0,20.0,20.0,15.0,10.0,0.0,15.0,0.0,2.0,31.0,47.0,8.0,27.0,20.0
6354,SPORTAGE_LPI,D,398.0,675.0,c1,d1,10.0,25.0,15.0,30.0,12.0,14.0,40.0,0.0,30.0,3.0,10.0,20.0,20.0,15.0,10.0,0.0,15.0,0.0,0.0,36.0,53.0,0.0,20.0,20.0
6357,SPORTAGE_LPI,E,405.0,675.0,c1,d1,10.0,25.0,15.0,30.0,16.0,18.0,40.0,0.0,30.0,3.0,10.0,20.0,20.0,15.0,10.0,0.0,15.0,10.0,0.0,19.0,50.0,4.0,25.0,20.0
6358,SPORTAGE_LPI,D,388.0,675.0,c1,d1,10.0,25.0,7.0,30.0,12.0,14.0,40.0,0.0,30.0,3.0,10.0,20.0,20.0,15.0,10.0,0.0,15.0,0.0,0.0,61.0,26.0,0.0,20.0,20.0
6362,SPORTAGE_LPI,D,146.0,675.0,c1,d1,10.0,0.0,0.0,0.0,11.0,14.0,0.0,0.0,0.0,0.0,0.0,0.0,0.0,0.0,10.0,0.0,15.0,0.0,0.0,54.0,42.0,0.0,20.0,20.0
6364,SPORTAGE_LPI,D,143.0,675.0,c1,d1,10.0,0.0,0.0,0.0,18.0,14.0,0.0,0.0,0.0,0.0,0.0,0.0,0.0,0.0,10.0,0.0,15.0,10.0,0.0,50.0,32.0,0.0,14.0,20.0
6365,SPORTAGE_LPI,D,383.0,675.0,c1,d1,10.0,24.0,3.0,30.0,11.0,14.0,40.0,0.0,30.0,3.0,10.0,12.0,20.0,15.0,10.0,0.0,15.0,0.0,0.0,54.0,42.0,0.0,20.0,20.0
6366,SPORTAGE_LPI,D,171.0,675.0,c1,d1,10.0,0.0,0.0,0.0,20.0,2.0,0.0,0.0,0.0,0.0,0.0,0.0,0.0,0.0,10.0,0.0,15.0,10.0,0.0,24.0,70.0,11.0,29.0,20.0
6369,SPORTAGE_LPI,D,136.0,675.0,c1,d1,10.0,0.0,0.0,0.0,11.0,14.0,0.0,0.0,0.0,0.0,0.0,0.0,0.0,0.0,7.0,0.0,15.0,0.0,0.0,44.0,47.0,0.0,18.0,20.0
6371,SPORTAGE_LPI,D,165.0,675.0,c1,d1,10.0,0.0,0.0,0.0,12.0,16.0,0.0,0.0,0.0,0.0,0.0,0.0,0.0,0.0,10.0,0.0,15.0,0.0,0.0,61.0,42.0,4.0,25.0,20.0
6374,SPORTAGE_LPI,C,429.0,675.0,c1,d1,10.0,25.0,15.0,30.0,20.0,2.0,40.0,0.0,30.0,3.0,10.0,20.0,20.0,15.0,10.0,0.0,15.0,10.0,0.0,24.0,70.0,11.0,29.0,20.0
6378,SPORTAGE_LPI,D,372.0,675.0,c1,d1,10.0,25.0,15.0,30.0,19.0,7.0,40.0,0.0,30.0,3.0,10.0,20.0,20.0,15.0,10.0,0.0,15.0,10.0,0.0,16.0,53.0,0.0,14.0,10.0
6380,SPORTAGE_LPI,D,182.0,675.0,c1,d1,10.0,0.0,0.0,0.0,14.0,19.0,0.0,0.0,0.0,0.0,0.0,0.0,0.0,0.0,7.0,15.0,15.0,0.0,0.0,15.0,70.0,17.0,30.0,20.0
6381,SPORTAGE_LPI,D,394.0,675.0,c1,d1,10.0,25.0,15.0,30.0,11.0,14.0,40.0,0.0,30.0,3.0,10.0,20.0,20.0,15.0,7.0,0.0,15.0,0.0,0.0,44.0,47.0,0.0,18.0,20.0
6385,SPORTAGE_LPI,C,419.0,675.0,c1,d1,10.0,25.0,11.0,30.0,12.0,16.0,40.0,0.0,30.0,3.0,10.0,20.0,20.0,15.0,10.0,0.0,15.0,0.0,0.0,61.0,42.0,4.0,25.0,20.0
6389,SPORTAGE_LPI,C,440.0,675.0,c1,d1,10.0,25.0,15.0,30.0,14.0,19.0,40.0,0.0,30.0,3.0,10.0,20.0,20.0,15.0,7.0,15.0,15.0,0.0,0.0,15.0,70.0,17.0,30.0,20.0
6392,SPORTAGE_LPI,D,99.0,675.0,c1,d1,10.0,0.0,0.0,0.0,3.0,17.0,0.0,0.0,0.0,0.0,0.0,0.0,0.0,0.0,7.0,0.0,15.0,0.0,0.0,10.0,53.0,0.0,14.0,20.0
6395,SPORTAGE_LPI,D,117.0,675.0,c1,d1,10.0,0.0,0.0,0.0,13.0,7.0,0.0,0.0,0.0,0.0,0.0,0.0,0.0,0.0,7.0,0.0,15.0,0.0,0.0,10.0,70.0,0.0,15.0,20.0
6399,SPORTAGE_LPI,D,356.0,675.0,c1,d1,10.0,25.0,15.0,30.0,12.0,7.0,22.0,0.0,30.0,3.0,10.0,20.0,20.0,15.0,10.0,0.0,15.0,0.0,0.0,30.0,58.0,0.0,14.0,10.0
6400,SPORTAGE_LPI,D,357.0,675.0,c1,d1,10.0,25.0,15.0,30.0,3.0,17.0,40.0,0.0,30.0,3.0,10.0,20.0,20.0,15.0,7.0,0.0,15.0,0.0,0.0,10.0,53.0,0.0,14.0,20.0
6407,SPORTAGE_LPI,D,375.0,675.0,c1,d1,10.0,25.0,15.0,30.0,13.0,7.0,40.0,0.0,30.0,3.0,10.0,20.0,20.0,15.0,7.0,0.0,15.0,0.0,0.0,10.0,70.0,0.0,15.0,20.0
6425,SPORTAGE_LPI,D,120.0,675.0,c1,d1,10.0,0.0,0.0,0.0,12.0,14.0,0.0,0.0,0.0,0.0,0.0,0.0,0.0,0.0,10.0,0.0,15.0,0.0,0.0,16.0,61.0,0.0,12.0,20.0
6427,SPORTAGE_LPI,D,202.0,675.0,c1,d1,10.0,0.0,0.0,0.0,20.0,12.0,0.0,0.0,0.0,0.0,0.0,0.0,0.0,0.0,10.0,0.0,15.0,0.0,48.0,74.0,0.0,13.0,30.0,20.0
6434,SPORTAGE_LPI,D,364.0,675.0,c1,d1,10.0,25.0,15.0,30.0,11.0,16.0,40.0,0.0,30.0,3.0,10.0,20.0,20.0,15.0,10.0,0.0,15.0,0.0,0.0,40.0,17.0,2.0,25.0,10.0
6435,SPORTAGE_LPI,D,378.0,675.0,c1,d1,10.0,25.0,15.0,30.0,12.0,14.0,40.0,0.0,30.0,3.0,10.0,20.0,20.0,15.0,10.0,0.0,15.0,0.0,0.0,16.0,61.0,0.0,12.0,20.0
6439,SPORTAGE_LPI,C,418.0,675.0,c1,d1,10.0,13.0,7.0,8.0,20.0,12.0,40.0,0.0,30.0,3.0,10.0,20.0,20.0,15.0,10.0,0.0,15.0,0.0,48.0,74.0,0.0,13.0,30.0,20.0
6440,SPORTAGE_LPI,D,309.0,675.0,c1,d1,10.0,0.0,0.0,30.0,8.0,6.0,0.0,0.0,30.0,3.0,10.0,20.0,0.0,0.0,10.0,0.0,15.0,0.0,38.0,100.0,0.0,0.0,9.0,20.0
6462,SPORTAGE_LPI,D,131.0,675.0,c1,d1,10.0,0.0,0.0,0.0,5.0,14.0,0.0,0.0,0.0,0.0,0.0,0.0,0.0,0.0,10.0,0.0,15.0,0.0,0.0,90.0,6.0,0.0,11.0,20.0
6468,SPORTAGE_LPI,D,389.0,675.0,c1,d1,10.0,25.0,15.0,30.0,5.0,14.0,40.0,0.0,30.0,3.0,10.0,20.0,20.0,15.0,10.0,0.0,15.0,0.0,0.0,90.0,6.0,0.0,11.0,20.0
6479,SPORTAGE_LPI,D,154.0,675.0,c1,d1,10.0,0.0,0.0,0.0,7.0,16.0,0.0,0.0,0.0,0.0,0.0,0.0,0.0,0.0,10.0,0.0,15.0,0.0,0.0,50.0,46.0,5.0,25.0,20.0
6482,SPORTAGE_LPI,D,146.0,675.0,c1,d1,10.0,0.0,0.0,0.0,9.0,14.0,0.0,0.0,0.0,0.0,0.0,0.0,0.0,0.0,10.0,0.0,15.0,10.0,0.0,64.0,40.0,0.0,14.0,10.0
6492,SPORTAGE_LPI,C,412.0,675.0,c1,d1,10.0,25.0,15.0,30.0,7.0,16.0,40.0,0.0,30.0,3.0,10.0,20.0,20.0,15.0,10.0,0.0,15.0,0.0,0.0,50.0,46.0,5.0,25.0,20.0
6493,SPORTAGE_LPI,D,146.0,675.0,c1,d1,10.0,0.0,0.0,0.0,9.0,14.0,0.0,0.0,0.0,0.0,0.0,0.0,0.0,0.0,10.0,0.0,15.0,10.0,0.0,64.0,40.0,0.0,14.0,10.0
6547,SPORTAGE_LPI,D,307.0,675.0,c1,d1,0.0,3.0,3.0,8.0,17.0,2.0,40.0,0.0,30.0,3.0,10.0,20.0,20.0,15.0,10.0,0.0,15.0,0.0,0.0,73.0,47.0,0.0,21.0,10.0
6560,SPORTAGE_LPI,D,323.0,675.0,c1,d1,10.0,25.0,11.0,30.0,3.0,17.0,10.0,0.0,30.0,3.0,10.0,20.0,16.0,15.0,10.0,0.0,15.0,0.0,0.0,25.0,43.0,0.0,20.0,10.0
6634,SPORTAGE_LPI,D,204.0,675.0,c1,d1,10.0,3.0,7.0,0.0,2.0,2.0,40.0,0.0,30.0,0.0,10.0,20.0,20.0,15.0,10.0,0.0,15.0,0.0,12.0,100.0,0.0,0.0,8.0,10.0
6668,SPORTAGE_LPI,C,421.0,675.0,c1,d1,10.0,25.0,15.0,30.0,17.0,25.0,40.0,0.0,30.0,3.0,10.0,20.0,20.0,15.0,10.0,15.0,15.0,0.0,0.0,11.0,50.0,20.0,30.0,10.0
6687,SPORTAGE_LPI,D,172.0,675.0,c1,d1,10.0,0.0,0.0,0.0,10.0,16.0,0.0,0.0,0.0,0.0,0.0,0.0,0.0,0.0,10.0,0.0,15.0,10.0,0.0,37.0,54.0,11.0,29.0,20.0
6698,SPORTAGE_LPI,D,380.0,675.0,c1,d1,10.0,25.0,11.0,30.0,10.0,16.0,22.0,0.0,30.0,3.0,10.0,0.0,12.0,15.0,10.0,0.0,15.0,10.0,0.0,37.0,54.0,11.0,29.0,20.0
6703,SPORTAGE_LPI,D,163.0,675.0,c1,d1,10.0,0.0,0.0,0.0,20.0,18.0,0.0,0.0,0.0,0.0,0.0,0.0,0.0,0.0,10.0,0.0,15.0,10.0,0.0,44.0,39.0,3.0,24.0,20.0
6708,SPORTAGE_LPI,C,441.0,675.0,c1,d1,10.0,25.0,11.0,30.0,12.0,5.0,40.0,0.0,30.0,3.0,10.0,20.0,20.0,15.0,10.0,0.0,15.0,0.0,0.0,64.0,64.0,17.0,30.0,10.0
6709,SPORTAGE_LPI,D,171.0,675.0,c1,d1,10.0,0.0,0.0,0.0,17.0,2.0,0.0,0.0,0.0,0.0,0.0,0.0,0.0,0.0,10.0,0.0,15.0,0.0,0.0,65.0,52.0,11.0,29.0,10.0
6710,SPORTAGE_LPI,D,193.0,675.0,c1,d1,10.0,0.0,0.0,0.0,18.0,12.0,0.0,0.0,0.0,0.0,0.0,0.0,0.0,0.0,10.0,0.0,15.0,0.0,0.0,53.0,55.0,20.0,30.0,20.0
6716,SPORTAGE_LPI,D,241.0,675.0,c1,d1,10.0,3.0,11.0,0.0,20.0,18.0,22.0,0.0,30.0,3.0,10.0,20.0,4.0,15.0,10.0,0.0,15.0,10.0,0.0,44.0,39.0,3.0,24.0,20.0
6723,SPORTAGE_LPI,C,429.0,675.0,c1,d1,10.0,25.0,15.0,30.0,17.0,2.0,40.0,0.0,30.0,3.0,10.0,20.0,20.0,15.0,10.0,0.0,15.0,0.0,0.0,65.0,52.0,11.0,29.0,10.0
6724,SPORTAGE_LPI,C,451.0,675.0,c1,d1,10.0,25.0,15.0,30.0,18.0,12.0,40.0,0.0,30.0,3.0,10.0,20.0,20.0,15.0,10.0,0.0,15.0,0.0,0.0,53.0,55.0,20.0,30.0,20.0
6730,SPORTAGE_LPI,D,146.0,675.0,c1,d1,10.0,0.0,0.0,0.0,4.0,16.0,0.0,0.0,0.0,0.0,0.0,0.0,0.0,0.0,10.0,0.0,15.0,0.0,7.0,60.0,20.0,7.0,27.0,20.0
6731,SPORTAGE_LPI,D,105.0,675.0,c1,d1,0.0,0.0,0.0,0.0,11.0,14.0,0.0,0.0,0.0,0.0,0.0,0.0,0.0,0.0,10.0,0.0,15.0,0.0,0.0,56.0,16.0,0.0,13.0,20.0
6736,SPORTAGE_LPI,D,396.0,675.0,c1,d1,10.0,25.0,15.0,30.0,4.0,16.0,40.0,0.0,30.0,3.0,10.0,12.0,20.0,15.0,10.0,0.0,15.0,0.0,7.0,60.0,20.0,7.0,27.0,20.0
6739,SPORTAGE_LPI,D,217.0,675.0,c1,d1,0.0,3.0,11.0,0.0,11.0,14.0,40.0,0.0,30.0,3.0,10.0,20.0,20.0,15.0,10.0,0.0,15.0,0.0,0.0,56.0,16.0,0.0,13.0,20.0
6758,SPORTAGE_LPI,D,128.0,675.0,c1,d1,10.0,0.0,0.0,0.0,12.0,14.0,0.0,0.0,0.0,0.0,0.0,0.0,0.0,0.0,10.0,0.0,15.0,0.0,0.0,28.0,53.0,0.0,16.0,20.0
6765,SPORTAGE_LPI,D,373.0,675.0,c1,d1,10.0,25.0,11.0,30.0,12.0,16.0,40.0,0.0,30.0,3.0,10.0,20.0,20.0,15.0,10.0,0.0,15.0,0.0,0.0,23.0,38.0,8.0,27.0,10.0
6771,SPORTAGE_LPI,D,356.0,675.0,c1,d1,10.0,25.0,11.0,30.0,12.0,14.0,22.0,0.0,30.0,3.0,10.0,20.0,12.0,15.0,10.0,0.0,15.0,0.0,0.0,28.0,53.0,0.0,16.0,20.0
6772,SPORTAGE_LPI,D,346.0,675.0,c1,d1,10.0,25.0,15.0,30.0,6.0,14.0,40.0,0.0,30.0,0.0,10.0,20.0,20.0,15.0,3.0,0.0,15.0,0.0,0.0,70.0,21.0,0.0,12.0,10.0
6776,SPORTAGE_LPI,D,129.0,675.0,c1,d1,10.0,0.0,0.0,0.0,4.0,16.0,0.0,0.0,0.0,0.0,0.0,0.0,0.0,0.0,10.0,0.0,15.0,0.0,10.0,37.0,14.0,13.0,30.0,20.0
6787,SPORTAGE_LPI,D,387.0,675.0,c1,d1,10.0,25.0,15.0,30.0,4.0,16.0,40.0,0.0,30.0,3.0,10.0,20.0,20.0,15.0,10.0,0.0,15.0,0.0,10.0,37.0,14.0,13.0,30.0,20.0
6802,SPORTAGE_LPI,D,189.0,675.0,c1,d1,10.0,0.0,0.0,0.0,6.0,23.0,0.0,0.0,0.0,0.0,0.0,0.0,0.0,0.0,10.0,15.0,15.0,0.0,0.0,50.0,41.0,19.0,30.0,20.0
6812,SPORTAGE_LPI,C,447.0,675.0,c1,d1,10.0,25.0,15.0,30.0,6.0,23.0,40.0,0.0,30.0,3.0,10.0,20.0,20.0,15.0,10.0,15.0,15.0,0.0,0.0,50.0,41.0,19.0,30.0,20.0
6824,SPORTAGE_LPI,D,180.0,675.0,c1,d1,10.0,0.0,0.0,0.0,18.0,22.0,0.0,0.0,0.0,0.0,0.0,0.0,0.0,0.0,10.0,15.0,15.0,0.0,0.0,0.0,70.0,20.0,30.0,20.0
6834,SPORTAGE_LPI,C,438.0,675.0,c1,d1,10.0,25.0,15.0,30.0,18.0,22.0,40.0,0.0,30.0,3.0,10.0,20.0,20.0,15.0,10.0,15.0,15.0,0.0,0.0,0.0,70.0,20.0,30.0,20.0
6839,SPORTAGE_LPI,D,160.0,675.0,c1,d1,10.0,0.0,0.0,0.0,7.0,16.0,0.0,0.0,0.0,0.0,0.0,0.0,0.0,0.0,10.0,0.0,15.0,0.0,0.0,29.0,63.0,11.0,29.0,20.0
6846,SPORTAGE_LPI,D,363.0,675.0,c1,d1,0.0,18.0,0.0,30.0,12.0,17.0,40.0,0.0,30.0,3.0,10.0,20.0,20.0,15.0,10.0,0.0,15.0,10.0,0.0,54.0,35.0,0.0,14.0,10.0
6847,SPORTAGE_LPI,C,414.0,675.0,c1,d1,10.0,25.0,11.0,30.0,7.0,16.0,40.0,0.0,30.0,3.0,10.0,20.0,20.0,15.0,10.0,0.0,15.0,0.0,0.0,29.0,63.0,11.0,29.0,20.0
6859,SPORTAGE_LPI,E,205.0,675.0,c1,d1,10.0,3.0,11.0,0.0,19.0,9.0,10.0,0.0,30.0,3.0,10.0,0.0,0.0,15.0,10.0,0.0,15.0,10.0,0.0,69.0,37.0,0.0,14.0,20.0
6861,SPORTAGE_LPI,D,105.0,675.0,c1,d1,10.0,0.0,0.0,0.0,9.0,8.0,0.0,0.0,0.0,0.0,0.0,0.0,0.0,0.0,10.0,0.0,15.0,0.0,0.0,57.0,0.0,0.0,26.0,20.0
6863,SPORTAGE_LPI,D,116.0,675.0,c1,d1,10.0,0.0,0.0,0.0,15.0,14.0,0.0,0.0,0.0,0.0,0.0,0.0,0.0,0.0,10.0,0.0,15.0,0.0,0.0,18.0,51.0,0.0,13.0,20.0
6869,SPORTAGE_LPI,D,197.0,675.0,c1,d1,10.0,3.0,11.0,0.0,9.0,8.0,40.0,0.0,30.0,3.0,10.0,0.0,20.0,15.0,10.0,0.0,15.0,0.0,0.0,57.0,0.0,0.0,26.0,20.0
6872,SPORTAGE_LPI,D,374.0,675.0,c1,d1,10.0,25.0,15.0,30.0,15.0,14.0,40.0,0.0,30.0,3.0,10.0,20.0,20.0,15.0,10.0,0.0,15.0,0.0,0.0,18.0,51.0,0.0,13.0,20.0
6876,SPORTAGE_LPI,D,145.0,675.0,c1,d1,10.0,0.0,0.0,0.0,14.0,3.0,0.0,0.0,0.0,0.0,0.0,0.0,0.0,0.0,10.0,0.0,15.0,0.0,0.0,57.0,51.0,0.0,15.0,20.0
6878,SPORTAGE_LPI,D,143.0,675.0,c1,d1,10.0,0.0,0.0,0.0,0.0,8.0,0.0,0.0,0.0,0.0,0.0,0.0,0.0,0.0,7.0,0.0,15.0,0.0,0.0,58.0,45.0,5.0,25.0,20.0
6883,SPORTAGE_LPI,E,189.0,675.0,c1,d1,10.0,3.0,15.0,0.0,11.0,3.0,0.0,0.0,30.0,0.0,10.0,20.0,12.0,15.0,10.0,0.0,15.0,0.0,35.0,100.0,0.0,0.0,0.0,10.0
6887,SPORTAGE_LPI,C,403.0,675.0,c1,d1,10.0,25.0,15.0,30.0,14.0,3.0,40.0,0.0,30.0,3.0,10.0,20.0,20.0,15.0,10.0,0.0,15.0,0.0,0.0,57.0,51.0,0.0,15.0,20.0
6890,SPORTAGE_LPI,D,393.0,675.0,c1,d1,10.0,25.0,7.0,30.0,0.0,8.0,40.0,0.0,30.0,3.0,10.0,20.0,20.0,15.0,7.0,0.0,15.0,0.0,0.0,58.0,45.0,5.0,25.0,20.0
6919,SPORTAGE_LPI,D,126.0,675.0,c1,d1,10.0,0.0,0.0,0.0,19.0,14.0,0.0,0.0,0.0,0.0,0.0,0.0,0.0,0.0,10.0,0.0,15.0,10.0,0.0,21.0,39.0,0.0,18.0,20.0
6920,SPORTAGE_LPI,D,380.0,675.0,c1,d1,10.0,25.0,11.0,30.0,19.0,14.0,40.0,0.0,30.0,3.0,10.0,20.0,20.0,15.0,10.0,0.0,15.0,10.0,0.0,21.0,39.0,0.0,18.0,20.0
6921,SPORTAGE_LPI,D,147.0,675.0,c1,d1,10.0,0.0,0.0,0.0,7.0,6.0,0.0,0.0,0.0,0.0,0.0,0.0,0.0,0.0,10.0,0.0,15.0,0.0,0.0,32.0,52.0,15.0,30.0,20.0
6922,SPORTAGE_LPI,D,310.0,675.0,c1,d1,10.0,25.0,0.0,0.0,7.0,6.0,40.0,0.0,30.0,3.0,10.0,20.0,20.0,15.0,10.0,0.0,15.0,0.0,0.0,32.0,52.0,15.0,30.0,20.0
6932,SPORTAGE_LPI,D,115.0,675.0,c1,d1,10.0,0.0,0.0,0.0,8.0,17.0,0.0,0.0,0.0,0.0,0.0,0.0,0.0,0.0,10.0,0.0,15.0,0.0,0.0,75.0,8.0,0.0,2.0,20.0
6933,SPORTAGE_LPI,D,347.0,675.0,c1,d1,10.0,25.0,15.0,30.0,8.0,17.0,22.0,0.0,30.0,3.0,10.0,20.0,12.0,15.0,10.0,0.0,15.0,0.0,0.0,75.0,8.0,0.0,2.0,20.0
6956,SPORTAGE_LPI,D,137.0,675.0,c1,d1,10.0,0.0,0.0,0.0,16.0,18.0,0.0,0.0,0.0,0.0,0.0,0.0,0.0,0.0,10.0,0.0,15.0,10.0,0.0,6.0,43.0,10.0,29.0,20.0
6959,SPORTAGE_LPI,D,373.0,675.0,c1,d1,10.0,25.0,15.0,30.0,16.0,18.0,22.0,0.0,30.0,3.0,10.0,20.0,16.0,15.0,10.0,0.0,15.0,10.0,0.0,6.0,43.0,10.0,29.0,20.0
6968,SPORTAGE_LPI,D,155.0,675.0,c1,d1,10.0,0.0,0.0,0.0,17.0,2.0,0.0,0.0,0.0,0.0,0.0,0.0,0.0,0.0,10.0,0.0,15.0,0.0,0.0,75.0,15.0,11.0,30.0,20.0
6973,SPORTAGE_LPI,D,391.0,675.0,c1,d1,10.0,25.0,15.0,30.0,17.0,2.0,22.0,0.0,30.0,3.0,10.0,20.0,16.0,15.0,10.0,0.0,15.0,0.0,0.0,75.0,15.0,11.0,30.0,20.0
6980,SPORTAGE_LPI,D,137.0,675.0,c1,d1,10.0,0.0,0.0,0.0,5.0,14.0,0.0,0.0,0.0,0.0,0.0,0.0,0.0,0.0,10.0,0.0,15.0,0.0,0.0,41.0,56.0,0.0,16.0,20.0
6981,SPORTAGE_LPI,D,373.0,675.0,c1,d1,10.0,25.0,15.0,30.0,5.0,14.0,22.0,0.0,30.0,3.0,10.0,20.0,16.0,15.0,10.0,0.0,15.0,0.0,0.0,41.0,56.0,0.0,16.0,20.0
6993,SPORTAGE_LPI,C,429.0,675.0,c1,d1,10.0,25.0,15.0,30.0,17.0,8.0,22.0,0.0,30.0,3.0,10.0,0.0,12.0,15.0,10.0,0.0,15.0,0.0,24.0,100.0,48.0,2.0,23.0,10.0
6997,SPORTAGE_LPI,D,132.0,675.0,c1,d1,10.0,0.0,0.0,0.0,12.0,14.0,0.0,0.0,0.0,0.0,0.0,0.0,0.0,0.0,10.0,0.0,15.0,0.0,0.0,46.0,41.0,0.0,14.0,20.0
7000,SPORTAGE_LPI,D,220.0,675.0,c1,d1,10.0,3.0,7.0,0.0,12.0,14.0,40.0,0.0,30.0,3.0,10.0,0.0,20.0,15.0,10.0,0.0,15.0,0.0,0.0,46.0,41.0,0.0,14.0,20.0
7003,SPORTAGE_LPI,D,123.0,675.0,c1,d1,10.0,0.0,0.0,0.0,18.0,14.0,0.0,0.0,0.0,0.0,0.0,0.0,0.0,0.0,10.0,0.0,15.0,10.0,0.0,74.0,0.0,0.0,2.0,20.0
7005,SPORTAGE_LPI,D,111.0,675.0,c1,d1,10.0,0.0,0.0,0.0,20.0,14.0,0.0,0.0,0.0,0.0,0.0,0.0,0.0,0.0,10.0,0.0,15.0,10.0,0.0,0.0,48.0,0.0,14.0,20.0
7006,SPORTAGE_LPI,D,256.0,675.0,c1,d1,10.0,10.0,3.0,0.0,18.0,14.0,22.0,0.0,30.0,3.0,10.0,20.0,20.0,15.0,10.0,0.0,15.0,10.0,0.0,74.0,0.0,0.0,2.0,20.0
7007,SPORTAGE_LPI,D,369.0,675.0,c1,d1,10.0,25.0,15.0,30.0,20.0,14.0,40.0,0.0,30.0,3.0,10.0,20.0,20.0,15.0,10.0,0.0,15.0,10.0,0.0,0.0,48.0,0.0,14.0,20.0
7022,SPORTAGE_LPI,D,229.0,675.0,c1,d1,10.0,3.0,11.0,0.0,11.0,17.0,40.0,0.0,30.0,3.0,10.0,20.0,20.0,15.0,10.0,0.0,15.0,10.0,0.0,30.0,41.0,0.0,13.0,10.0
7031,SPORTAGE_LPI,D,153.0,675.0,c1,d1,10.0,0.0,0.0,0.0,12.0,16.0,0.0,0.0,0.0,0.0,0.0,0.0,0.0,0.0,10.0,0.0,15.0,0.0,0.0,22.0,56.0,12.0,30.0,20.0
7033,SPORTAGE_LPI,D,377.0,675.0,c1,d1,10.0,25.0,15.0,30.0,12.0,16.0,22.0,0.0,30.0,3.0,10.0,20.0,4.0,15.0,10.0,0.0,15.0,0.0,0.0,22.0,56.0,12.0,30.0,20.0
7063,SPORTAGE_LPI,D,113.0,675.0,c1,d1,10.0,0.0,0.0,0.0,12.0,14.0,0.0,0.0,0.0,0.0,0.0,0.0,0.0,0.0,10.0,0.0,15.0,0.0,0.0,77.0,5.0,0.0,0.0,20.0
7065,SPORTAGE_LPI,D,315.0,675.0,c1,d1,10.0,25.0,11.0,30.0,12.0,14.0,0.0,0.0,30.0,3.0,10.0,20.0,8.0,15.0,10.0,0.0,15.0,0.0,0.0,77.0,5.0,0.0,0.0,20.0
7066,SPORTAGE_LPI,D,143.0,675.0,c1,d1,10.0,0.0,0.0,0.0,12.0,14.0,0.0,0.0,0.0,0.0,0.0,0.0,0.0,0.0,10.0,0.0,15.0,0.0,0.0,36.0,59.0,0.0,17.0,20.0
7070,SPORTAGE_LPI,D,166.0,675.0,c1,d1,10.0,0.0,0.0,0.0,17.0,14.0,0.0,0.0,0.0,0.0,0.0,0.0,0.0,0.0,10.0,0.0,15.0,10.0,0.0,69.0,39.0,0.0,12.0,20.0
7071,SPORTAGE_LPI,D,371.0,675.0,c1,d1,10.0,25.0,15.0,30.0,12.0,14.0,22.0,0.0,30.0,3.0,10.0,20.0,8.0,15.0,10.0,0.0,15.0,0.0,0.0,36.0,59.0,0.0,17.0,20.0
7074,SPORTAGE_LPI,D,353.0,675.0,c1,d1,10.0,25.0,11.0,30.0,17.0,14.0,0.0,0.0,30.0,2.0,10.0,6.0,8.0,15.0,10.0,0.0,15.0,10.0,0.0,69.0,39.0,0.0,12.0,20.0
7083,SPORTAGE_LPI,D,159.0,675.0,c1,d1,10.0,0.0,0.0,0.0,19.0,19.0,0.0,0.0,0.0,0.0,0.0,0.0,0.0,0.0,10.0,15.0,15.0,0.0,0.0,32.0,20.0,19.0,30.0,20.0
7086,SPORTAGE_LPI,C,417.0,675.0,c1,d1,10.0,25.0,15.0,30.0,19.0,19.0,40.0,0.0,30.0,3.0,10.0,20.0,20.0,15.0,10.0,15.0,15.0,0.0,0.0,32.0,20.0,19.0,30.0,20.0
7094,SPORTAGE_LPI,D,380.0,675.0,c1,d1,10.0,25.0,15.0,30.0,13.0,3.0,22.0,0.0,30.0,3.0,10.0,20.0,16.0,15.0,10.0,0.0,15.0,0.0,0.0,70.0,44.0,0.0,19.0,10.0
7097,SPORTAGE_LPI,D,99.0,675.0,c1,d1,10.0,0.0,0.0,0.0,2.0,17.0,0.0,0.0,0.0,0.0,0.0,0.0,0.0,0.0,7.0,0.0,15.0,0.0,0.0,9.0,56.0,0.0,13.0,20.0
7101,SPORTAGE_LPI,D,357.0,675.0,c1,d1,10.0,25.0,15.0,30.0,2.0,17.0,40.0,0.0,30.0,3.0,10.0,20.0,20.0,15.0,7.0,0.0,15.0,0.0,0.0,9.0,56.0,0.0,13.0,20.0
7102,SPORTAGE_LPI,E,146.0,675.0,c1,d1,10.0,0.0,0.0,0.0,11.0,17.0,0.0,0.0,0.0,0.0,0.0,0.0,0.0,0.0,10.0,0.0,15.0,10.0,0.0,51.0,39.0,0.0,13.0,20.0
7103,SPORTAGE_LPI,E,366.0,675.0,c1,d1,10.0,25.0,15.0,30.0,11.0,17.0,10.0,0.0,30.0,3.0,10.0,20.0,12.0,15.0,10.0,0.0,15.0,10.0,0.0,51.0,39.0,0.0,13.0,20.0
7144,SPORTAGE_LPI,D,294.0,675.0,c1,d1,10.0,17.0,11.0,8.0,2.0,17.0,0.0,0.0,30.0,3.0,10.0,20.0,8.0,15.0,3.0,0.0,15.0,0.0,0.0,41.0,54.0,0.0,20.0,10.0
7149,SPORTAGE_LPI,D,103.0,675.0,c1,d1,10.0,0.0,0.0,0.0,1.0,14.0,0.0,0.0,0.0,0.0,0.0,0.0,0.0,0.0,10.0,0.0,15.0,0.0,0.0,22.0,46.0,0.0,15.0,20.0
7151,SPORTAGE_LPI,D,361.0,675.0,c1,d1,10.0,25.0,15.0,30.0,1.0,14.0,40.0,0.0,30.0,3.0,10.0,20.0,20.0,15.0,10.0,0.0,15.0,0.0,0.0,22.0,46.0,0.0,15.0,20.0
7158,SPORTAGE_LPI,D,121.0,675.0,c1,d1,10.0,0.0,0.0,0.0,16.0,16.0,0.0,0.0,0.0,0.0,0.0,0.0,0.0,0.0,10.0,0.0,15.0,10.0,0.0,0.0,70.0,7.0,27.0,10.0
7159,SPORTAGE_LPI,D,128.0,675.0,c1,d1,10.0,0.0,0.0,0.0,20.0,24.0,0.0,0.0,0.0,0.0,0.0,0.0,0.0,0.0,7.0,15.0,15.0,10.0,0.0,0.0,42.0,15.0,30.0,10.0
7161,SPORTAGE_LPI,D,189.0,675.0,c1,d1,10.0,0.0,0.0,0.0,19.0,11.0,0.0,0.0,0.0,0.0,0.0,0.0,0.0,0.0,7.0,0.0,15.0,0.0,54.0,89.0,0.0,0.0,14.0,20.0
7162,SPORTAGE_LPI,D,383.0,675.0,c1,d1,10.0,25.0,15.0,30.0,20.0,24.0,40.0,0.0,30.0,0.0,10.0,20.0,20.0,15.0,7.0,15.0,15.0,10.0,0.0,0.0,42.0,15.0,30.0,10.0
7163,SPORTAGE_LPI,D,376.0,675.0,c1,d1,10.0,25.0,15.0,30.0,16.0,16.0,40.0,0.0,30.0,0.0,10.0,20.0,20.0,15.0,10.0,0.0,15.0,10.0,0.0,0.0,70.0,7.0,27.0,10.0
7166,SPORTAGE_LPI,D,359.0,675.0,c1,d1,10.0,3.0,11.0,8.0,19.0,11.0,40.0,0.0,30.0,3.0,10.0,20.0,20.0,15.0,7.0,0.0,15.0,0.0,54.0,89.0,0.0,0.0,14.0,20.0
7207,SPORTAGE_LPI,D,366.0,675.0,c1,d1,10.0,25.0,11.0,30.0,11.0,14.0,22.0,0.0,30.0,3.0,10.0,20.0,20.0,15.0,7.0,0.0,15.0,0.0,0.0,56.0,38.0,0.0,19.0,10.0
7220,SPORTAGE_LPI,D,332.0,675.0,c1,d1,0.0,25.0,15.0,30.0,11.0,14.0,22.0,0.0,30.0,3.0,10.0,20.0,8.0,15.0,10.0,0.0,15.0,10.0,0.0,18.0,47.0,0.0,19.0,10.0
7223,SPORTAGE_LPI,D,165.0,675.0,c1,d1,10.0,0.0,0.0,0.0,9.0,3.0,0.0,0.0,0.0,0.0,0.0,0.0,0.0,0.0,10.0,0.0,15.0,0.0,4.0,100.0,30.0,0.0,14.0,20.0
7226,SPORTAGE_LPI,E,201.0,675.0,c1,d1,10.0,3.0,11.0,0.0,9.0,3.0,0.0,0.0,30.0,3.0,10.0,0.0,4.0,15.0,10.0,0.0,15.0,0.0,4.0,100.0,30.0,0.0,14.0,20.0
7231,SPORTAGE_LPI,D,351.0,675.0,c1,d1,10.0,25.0,15.0,30.0,15.0,14.0,22.0,0.0,30.0,3.0,10.0,20.0,20.0,15.0,10.0,0.0,15.0,10.0,0.0,2.0,63.0,0.0,12.0,10.0
7232,SPORTAGE_LPI,D,408.0,675.0,c1,d1,10.0,25.0,15.0,30.0,12.0,16.0,40.0,0.0,30.0,3.0,10.0,20.0,20.0,15.0,10.0,0.0,15.0,10.0,0.0,31.0,47.0,10.0,29.0,10.0
7237,SPORTAGE_LPI,D,177.0,675.0,c1,d1,10.0,0.0,0.0,0.0,6.0,23.0,0.0,0.0,0.0,0.0,0.0,0.0,0.0,0.0,10.0,15.0,15.0,0.0,0.0,38.0,45.0,15.0,30.0,20.0
7240,SPORTAGE_LPI,C,435.0,675.0,c1,d1,10.0,25.0,15.0,30.0,6.0,23.0,40.0,0.0,30.0,3.0,10.0,20.0,20.0,15.0,10.0,15.0,15.0,0.0,0.0,38.0,45.0,15.0,30.0,20.0
7242,SPORTAGE_LPI,D,134.0,675.0,c1,d1,10.0,0.0,0.0,0.0,7.0,8.0,0.0,0.0,0.0,0.0,0.0,0.0,0.0,0.0,7.0,0.0,15.0,0.0,9.0,77.0,7.0,0.0,24.0,20.0
7244,SPORTAGE_LPI,D,304.0,675.0,c1,d1,10.0,3.0,11.0,8.0,7.0,8.0,40.0,0.0,30.0,3.0,10.0,20.0,20.0,15.0,7.0,0.0,15.0,0.0,9.0,77.0,7.0,0.0,24.0,20.0
7246,SPORTAGE_LPI,D,184.0,675.0,c1,d1,10.0,0.0,0.0,0.0,4.0,20.0,0.0,0.0,0.0,0.0,0.0,0.0,0.0,0.0,10.0,0.0,15.0,0.0,20.0,90.0,18.0,2.0,25.0,20.0
7248,SPORTAGE_LPI,D,390.0,675.0,c1,d1,10.0,25.0,11.0,30.0,4.0,20.0,0.0,0.0,30.0,3.0,10.0,20.0,12.0,15.0,10.0,0.0,15.0,0.0,20.0,90.0,18.0,2.0,25.0,20.0
7258,SPORTAGE_LPI,D,186.0,675.0,c1,d1,10.0,0.0,0.0,0.0,20.0,20.0,0.0,0.0,0.0,0.0,0.0,0.0,0.0,0.0,10.0,0.0,15.0,10.0,17.0,37.0,35.0,12.0,30.0,20.0
7259,SPORTAGE_LPI,D,312.0,675.0,c1,d1,10.0,25.0,15.0,0.0,13.0,3.0,40.0,0.0,30.0,3.0,10.0,20.0,20.0,15.0,10.0,0.0,15.0,0.0,0.0,70.0,39.0,0.0,14.0,10.0
7262,SPORTAGE_LPI,D,320.0,675.0,c1,d1,10.0,7.0,15.0,30.0,20.0,20.0,10.0,0.0,30.0,3.0,10.0,0.0,4.0,15.0,10.0,0.0,15.0,10.0,17.0,37.0,35.0,12.0,30.0,20.0
7263,SPORTAGE_LPI,D,363.0,675.0,c1,d1,10.0,15.0,11.0,30.0,20.0,14.0,40.0,0.0,30.0,3.0,10.0,20.0,20.0,15.0,10.0,0.0,15.0,10.0,0.0,27.0,42.0,0.0,11.0,10.0
7264,SPORTAGE_LPI,D,278.0,675.0,c1,d1,10.0,3.0,11.0,8.0,0.0,11.0,0.0,0.0,30.0,3.0,10.0,0.0,16.0,15.0,7.0,0.0,15.0,0.0,43.0,100.0,0.0,0.0,26.0,10.0
7282,SPORTAGE_LPI,D,309.0,675.0,c1,d1,10.0,25.0,15.0,30.0,19.0,17.0,0.0,0.0,30.0,3.0,10.0,0.0,8.0,15.0,10.0,0.0,15.0,10.0,0.0,38.0,31.0,0.0,13.0,10.0
7289,SPORTAGE_LPI,D,354.0,675.0,c1,d1,10.0,12.0,3.0,8.0,20.0,2.0,40.0,0.0,30.0,0.0,10.0,20.0,20.0,15.0,10.0,0.0,15.0,0.0,16.0,62.0,27.0,14.0,30.0,10.0
7301,SPORTAGE_LPI,D,158.0,675.0,c1,d1,10.0,0.0,0.0,0.0,19.0,23.0,0.0,0.0,0.0,0.0,0.0,0.0,0.0,0.0,10.0,15.0,15.0,0.0,0.0,31.0,19.0,16.0,30.0,20.0
7302,SPORTAGE_LPI,C,416.0,675.0,c1,d1,10.0,25.0,15.0,30.0,19.0,23.0,40.0,0.0,30.0,3.0,10.0,20.0,20.0,15.0,10.0,15.0,15.0,0.0,0.0,31.0,19.0,16.0,30.0,20.0
7316,SPORTAGE_LPI,D,174.0,675.0,c1,d1,10.0,3.0,7.0,0.0,0.0,14.0,10.0,0.0,30.0,3.0,10.0,20.0,20.0,15.0,10.0,0.0,15.0,10.0,0.0,77.0,0.0,0.0,0.0,10.0
7322,SPORTAGE_LPI,D,202.0,675.0,c1,d1,10.0,0.0,0.0,0.0,3.0,22.0,0.0,0.0,0.0,0.0,0.0,0.0,0.0,0.0,10.0,15.0,15.0,0.0,34.0,79.0,0.0,14.0,30.0,20.0
7324,SPORTAGE_LPI,D,310.0,675.0,c1,d1,10.0,3.0,3.0,8.0,3.0,22.0,22.0,0.0,30.0,3.0,10.0,0.0,4.0,15.0,10.0,15.0,15.0,0.0,34.0,79.0,0.0,14.0,30.0,20.0
7366,SPORTAGE_LPI,D,147.0,675.0,c1,d1,10.0,0.0,0.0,0.0,20.0,23.0,0.0,0.0,0.0,0.0,0.0,0.0,0.0,0.0,10.0,15.0,15.0,0.0,4.0,0.0,35.0,15.0,30.0,20.0
7367,SPORTAGE_LPI,D,405.0,675.0,c1,d1,10.0,25.0,15.0,30.0,20.0,23.0,40.0,0.0,30.0,3.0,10.0,20.0,20.0,15.0,10.0,15.0,15.0,0.0,4.0,0.0,35.0,15.0,30.0,20.0
7378,SPORTAGE_LPI,D,184.0,675.0,c1,d1,10.0,0.0,0.0,0.0,16.0,8.0,0.0,0.0,0.0,0.0,0.0,0.0,0.0,0.0,10.0,0.0,15.0,0.0,56.0,99.0,0.0,0.0,0.0,20.0
7379,SPORTAGE_LPI,D,334.0,675.0,c1,d1,10.0,3.0,11.0,8.0,16.0,8.0,40.0,0.0,30.0,3.0,10.0,0.0,20.0,15.0,10.0,0.0,15.0,0.0,56.0,99.0,0.0,0.0,0.0,20.0
7455,SPORTAGE_LPI,D,110.0,675.0,c1,d1,10.0,0.0,0.0,0.0,5.0,17.0,0.0,0.0,0.0,0.0,0.0,0.0,0.0,0.0,10.0,0.0,15.0,10.0,0.0,22.0,37.0,0.0,14.0,20.0
7456,SPORTAGE_LPI,D,364.0,675.0,c1,d1,10.0,25.0,11.0,30.0,5.0,17.0,40.0,0.0,30.0,3.0,10.0,20.0,20.0,15.0,10.0,0.0,15.0,10.0,0.0,22.0,37.0,0.0,14.0,20.0
7465,SPORTAGE_LPI,C,426.0,675.0,c1,d1,10.0,25.0,15.0,30.0,14.0,2.0,40.0,0.0,30.0,3.0,10.0,20.0,20.0,15.0,10.0,0.0,15.0,0.0,0.0,57.0,70.0,5.0,25.0,10.0
7475,SPORTAGE_LPI,C,428.0,675.0,c1,d1,10.0,25.0,11.0,30.0,20.0,11.0,40.0,0.0,30.0,3.0,10.0,20.0,20.0,15.0,10.0,0.0,15.0,0.0,2.0,56.0,43.0,17.0,30.0,10.0
7482,SPORTAGE_LPI,D,362.0,675.0,c1,d1,10.0,25.0,15.0,30.0,11.0,14.0,22.0,0.0,30.0,3.0,10.0,12.0,16.0,15.0,10.0,0.0,15.0,0.0,0.0,46.0,56.0,0.0,12.0,10.0
7483,SPORTAGE_LPI,D,361.0,675.0,c1,d1,10.0,25.0,15.0,30.0,16.0,7.0,10.0,0.0,30.0,3.0,10.0,12.0,4.0,15.0,10.0,0.0,15.0,10.0,0.0,49.0,68.0,0.0,12.0,10.0
7506,SPORTAGE_LPI,D,202.0,675.0,c1,d1,10.0,0.0,0.0,0.0,11.0,1.0,0.0,0.0,30.0,3.0,10.0,0.0,0.0,0.0,10.0,0.0,15.0,0.0,0.0,100.0,38.0,0.0,14.0,10.0
7513,SPORTAGE_LPI,D,351.0,675.0,c1,d1,10.0,25.0,15.0,30.0,20.0,18.0,22.0,0.0,0.0,0.0,0.0,0.0,20.0,15.0,10.0,0.0,15.0,0.0,13.0,69.0,32.0,3.0,24.0,10.0
7521,SPORTAGE_LPI,D,384.0,675.0,c1,d1,10.0,25.0,11.0,30.0,0.0,16.0,40.0,0.0,30.0,3.0,10.0,20.0,20.0,15.0,10.0,0.0,15.0,0.0,0.0,52.0,32.0,8.0,27.0,10.0
7530,SPORTAGE_LPI,E,283.0,675.0,c1,d1,10.0,25.0,15.0,30.0,7.0,8.0,0.0,0.0,0.0,3.0,10.0,0.0,0.0,15.0,10.0,0.0,15.0,0.0,29.0,90.0,46.0,11.0,29.0,10.0
7535,SPORTAGE_LPI,E,356.0,675.0,c1,d1,10.0,25.0,11.0,30.0,0.0,11.0,10.0,0.0,30.0,3.0,10.0,0.0,4.0,15.0,10.0,0.0,15.0,0.0,33.0,97.0,0.0,3.0,29.0,10.0
7546,SPORTAGE_LPI,D,232.0,675.0,c1,d1,10.0,3.0,11.0,0.0,4.0,7.0,22.0,0.0,30.0,3.0,10.0,12.0,12.0,15.0,10.0,0.0,15.0,0.0,0.0,100.0,34.0,0.0,14.0,10.0
7551,SPORTAGE_LPI,D,343.0,675.0,c1,d1,10.0,25.0,15.0,30.0,7.0,16.0,22.0,0.0,30.0,0.0,10.0,20.0,4.0,15.0,10.0,0.0,15.0,0.0,0.0,69.0,33.0,0.0,22.0,10.0
7552,SPORTAGE_LPI,D,222.0,675.0,c1,d1,10.0,3.0,0.0,8.0,0.0,8.0,22.0,0.0,30.0,0.0,10.0,20.0,12.0,15.0,7.0,0.0,15.0,0.0,20.0,92.0,0.0,0.0,0.0,10.0
7564,SPORTAGE_LPI,D,295.0,675.0,c1,d1,10.0,25.0,15.0,0.0,7.0,3.0,10.0,0.0,30.0,3.0,10.0,20.0,4.0,15.0,10.0,0.0,15.0,0.0,0.0,75.0,63.0,0.0,20.0,10.0
7565,SPORTAGE_LPI,D,298.0,675.0,c1,d1,10.0,25.0,15.0,30.0,13.0,7.0,0.0,0.0,30.0,3.0,10.0,0.0,4.0,15.0,10.0,0.0,15.0,10.0,0.0,76.0,11.0,0.0,4.0,10.0
7592,SPORTAGE_LPI,D,333.0,675.0,c1,d1,10.0,25.0,7.0,30.0,0.0,17.0,40.0,0.0,30.0,0.0,10.0,20.0,20.0,15.0,10.0,0.0,15.0,0.0,0.0,34.0,46.0,0.0,14.0,10.0
7603,SPORTAGE_LPI,D,162.0,675.0,c1,d1,10.0,0.0,0.0,0.0,0.0,8.0,0.0,0.0,0.0,0.0,0.0,0.0,0.0,0.0,7.0,0.0,15.0,0.0,62.0,100.0,0.0,0.0,0.0,10.0
7619,SPORTAGE_LPI,E,123.0,675.0,c1,d1,0.0,3.0,15.0,0.0,8.0,7.0,0.0,0.0,0.0,0.0,0.0,0.0,8.0,15.0,10.0,0.0,15.0,0.0,67.0,0.0,35.0,0.0,20.0,10.0
7621,SPORTAGE_LPI,C,421.0,675.0,c1,d1,10.0,25.0,15.0,30.0,11.0,22.0,40.0,0.0,30.0,3.0,10.0,20.0,20.0,15.0,10.0,15.0,15.0,0.0,0.0,0.0,70.0,20.0,30.0,10.0
7623,SPORTAGE_LPI,C,429.0,675.0,c1,d1,10.0,25.0,11.0,30.0,9.0,19.0,40.0,0.0,30.0,3.0,10.0,20.0,20.0,15.0,10.0,15.0,15.0,0.0,0.0,42.0,48.0,17.0,30.0,10.0
7624,SPORTAGE_LPI,D,352.0,675.0,c1,d1,10.0,23.0,7.0,30.0,1.0,10.0,22.0,0.0,30.0,3.0,10.0,12.0,12.0,15.0,10.0,0.0,15.0,0.0,0.0,53.0,47.0,6.0,26.0,10.0
7633,SPORTAGE_LPI,C,451.0,675.0,c1,d1,10.0,25.0,11.0,30.0,20.0,23.0,22.0,0.0,30.0,3.0,10.0,0.0,8.0,15.0,10.0,15.0,15.0,0.0,74.0,62.0,14.0,14.0,30.0,10.0
7645,SPORTAGE_LPI,D,187.0,675.0,c1,d1,0.0,11.0,0.0,0.0,0.0,7.0,10.0,0.0,0.0,0.0,0.0,0.0,12.0,15.0,10.0,0.0,15.0,0.0,0.0,80.0,52.0,0.0,15.0,10.0
7660,SPORTAGE_LPI,C,429.0,675.0,c1,d1,10.0,25.0,15.0,30.0,11.0,11.0,40.0,0.0,30.0,3.0,10.0,20.0,20.0,15.0,10.0,0.0,15.0,0.0,0.0,41.0,67.0,16.0,30.0,10.0
7662,G70_20T,D,234.0,675.0,c1,d1,10.0,0.0,0.0,0.0,9.0,5.0,0.0,0.0,0.0,0.0,0.0,0.0,0.0,0.0,7.0,15.0,15.0,10.0,54.0,77.0,44.0,9.0,9.0,20.0
7663,G70_20T,D,286.0,675.0,c1,d1,10.0,23.0,3.0,30.0,9.0,5.0,0.0,0.0,30.0,0.0,10.0,20.0,4.0,15.0,10.0,0.0,15.0,0.0,26.0,44.0,32.0,5.0,5.0,10.0
7666,G80_25T,D,209.0,675.0,c1,d1,10.0,0.0,0.0,0.0,2.0,11.0,0.0,0.0,0.0,0.0,0.0,0.0,0.0,0.0,10.0,0.0,15.0,0.0,60.0,81.0,36.0,7.0,7.0,20.0
7667,G80_25T,D,348.0,675.0,c1,d1,10.0,24.0,11.0,0.0,2.0,11.0,22.0,0.0,30.0,3.0,10.0,12.0,12.0,15.0,10.0,0.0,15.0,0.0,60.0,81.0,36.0,7.0,7.0,20.0
7668,G80_EV,E,153.0,675.0,c1,d1,10.0,3.0,11.0,0.0,3.0,17.0,22.0,0.0,0.0,3.0,10.0,0.0,0.0,15.0,10.0,15.0,15.0,0.0,67.0,67.0,15.0,0.0,30.0,10.0
7670,G80_25T,E,257.0,675.0,c1,d1,10.0,3.0,15.0,0.0,8.0,14.0,22.0,0.0,30.0,3.0,10.0,20.0,20.0,15.0,10.0,15.0,15.0,10.0,46.0,0.0,31.0,19.0,21.0,10.0
7671,G80_25T,D,233.0,675.0,c1,d1,10.0,3.0,11.0,0.0,8.0,3.0,22.0,0.0,30.0,3.0,10.0,20.0,4.0,15.0,3.0,0.0,15.0,0.0,52.0,56.0,38.0,0.0,0.0,20.0
7672,G80_25T,D,282.0,675.0,c1,d1,10.0,3.0,11.0,0.0,6.0,11.0,22.0,0.0,30.0,3.0,10.0,20.0,20.0,15.0,7.0,15.0,15.0,0.0,47.0,60.0,29.0,9.0,9.0,20.0
7673,G80_25T,D,266.0,675.0,c1,d1,10.0,0.0,0.0,0.0,11.0,20.0,0.0,0.0,0.0,0.0,0.0,0.0,0.0,0.0,10.0,15.0,15.0,0.0,58.0,65.0,45.0,20.0,27.0,20.0
7675,G80_25T,E,205.0,675.0,c1,d1,10.0,3.0,11.0,0.0,8.0,11.0,22.0,0.0,0.0,3.0,10.0,0.0,20.0,15.0,10.0,15.0,15.0,0.0,60.0,73.0,63.0,8.0,8.0,10.0
7676,G80_25T,D,253.0,675.0,c1,d1,10.0,3.0,11.0,0.0,6.0,3.0,40.0,0.0,30.0,3.0,10.0,20.0,20.0,15.0,7.0,15.0,15.0,0.0,39.0,6.0,64.0,3.0,3.0,20.0
7677,G80_25T,C,442.0,675.0,c1,d1,10.0,25.0,11.0,30.0,7.0,12.0,40.0,0.0,30.0,3.0,10.0,20.0,20.0,15.0,10.0,15.0,15.0,0.0,25.0,19.0,70.0,17.0,18.0,20.0
7678,G80_25T,D,292.0,675.0,c1,d1,10.0,3.0,7.0,0.0,17.0,22.0,0.0,0.0,30.0,3.0,10.0,20.0,20.0,15.0,10.0,15.0,15.0,0.0,73.0,52.0,0.0,20.0,30.0,10.0
7679,G80_25T,D,171.0,675.0,c1,d1,10.0,0.0,0.0,0.0,12.0,9.0,0.0,0.0,0.0,0.0,0.0,0.0,0.0,0.0,10.0,15.0,15.0,10.0,53.0,62.0,15.0,0.0,0.0,10.0
7680,G80_25T,D,212.0,675.0,c1,d1,10.0,0.0,0.0,0.0,8.0,11.0,0.0,0.0,0.0,0.0,0.0,0.0,0.0,0.0,10.0,15.0,15.0,0.0,75.0,71.0,13.0,7.0,7.0,20.0
7682,G80_25T,D,205.0,675.0,c1,d1,10.0,3.0,11.0,0.0,11.0,9.0,10.0,0.0,30.0,0.0,10.0,20.0,20.0,15.0,10.0,15.0,15.0,10.0,33.0,32.0,41.0,0.0,0.0,10.0
7683,G80_25T,D,259.0,675.0,c1,d1,10.0,3.0,11.0,0.0,13.0,9.0,0.0,0.0,30.0,3.0,10.0,20.0,4.0,15.0,7.0,15.0,15.0,10.0,62.0,74.0,18.0,0.0,0.0,20.0
7684,G80_25T,D,301.0,675.0,c1,d1,10.0,3.0,15.0,0.0,12.0,12.0,40.0,0.0,30.0,0.0,10.0,20.0,20.0,15.0,3.0,15.0,15.0,0.0,55.0,53.0,34.0,19.0,20.0,10.0
7685,G80_25T,D,414.0,675.0,c1,d1,10.0,25.0,11.0,30.0,20.0,20.0,0.0,0.0,30.0,0.0,10.0,20.0,4.0,15.0,10.0,15.0,15.0,0.0,80.0,54.0,5.0,20.0,30.0,10.0
7688,G80_25T,D,154.0,675.0,c1,d1,10.0,0.0,0.0,0.0,20.0,11.0,0.0,0.0,0.0,0.0,0.0,0.0,0.0,0.0,10.0,15.0,15.0,10.0,32.0,1.0,46.0,7.0,7.0,20.0
7689,G80_25T,D,255.0,675.0,c1,d1,10.0,3.0,15.0,0.0,18.0,9.0,22.0,0.0,30.0,3.0,10.0,20.0,20.0,15.0,10.0,15.0,15.0,0.0,39.0,26.0,55.0,0.0,0.0,10.0
7690,G80_25T,E,203.0,675.0,c1,d1,10.0,3.0,11.0,0.0,14.0,12.0,22.0,0.0,0.0,3.0,10.0,0.0,0.0,15.0,10.0,15.0,15.0,0.0,77.0,80.0,28.0,18.0,20.0,10.0
7691,G80_25T,E,227.0,675.0,c1,d1,10.0,7.0,15.0,30.0,5.0,3.0,0.0,0.0,18.0,3.0,10.0,0.0,0.0,15.0,10.0,15.0,15.0,0.0,45.0,52.0,44.0,0.0,0.0,10.0
7693,G80_25T,D,236.0,675.0,c1,d1,10.0,3.0,11.0,0.0,3.0,11.0,0.0,0.0,30.0,3.0,10.0,0.0,0.0,15.0,10.0,15.0,15.0,0.0,80.0,100.0,0.0,0.0,0.0,10.0
7694,G80_25T,D,236.0,675.0,c1,d1,10.0,3.0,15.0,0.0,20.0,11.0,40.0,0.0,30.0,0.0,10.0,20.0,20.0,15.0,10.0,15.0,15.0,0.0,50.0,7.0,37.0,4.0,4.0,10.0
7695,G80_25T,E,434.0,675.0,c1,d1,0.0,25.0,11.0,30.0,11.0,16.0,22.0,0.0,30.0,3.0,10.0,20.0,12.0,15.0,10.0,15.0,15.0,0.0,52.0,59.0,41.0,20.0,27.0,20.0
7696,G80_25T,D,214.0,675.0,c1,d1,10.0,0.0,0.0,0.0,14.0,11.0,0.0,0.0,0.0,0.0,0.0,0.0,0.0,0.0,10.0,15.0,15.0,0.0,80.0,89.0,0.0,0.0,0.0,20.0
7697,G80_25T,D,246.0,675.0,c1,d1,10.0,3.0,11.0,0.0,10.0,11.0,10.0,0.0,30.0,3.0,10.0,20.0,4.0,15.0,10.0,15.0,15.0,10.0,24.0,17.0,70.0,9.0,9.0,20.0
7699,G80_25T,D,147.0,675.0,c1,d1,10.0,0.0,0.0,0.0,12.0,3.0,0.0,0.0,0.0,0.0,0.0,0.0,0.0,0.0,3.0,15.0,15.0,0.0,48.0,40.0,31.0,0.0,0.0,20.0
7700,G80_25T,D,363.0,675.0,c1,d1,10.0,25.0,15.0,30.0,12.0,3.0,10.0,0.0,30.0,3.0,10.0,20.0,8.0,15.0,3.0,15.0,15.0,0.0,48.0,40.0,31.0,0.0,0.0,20.0
7702,G80_EV,D,319.0,675.0,c1,d1,10.0,15.0,11.0,0.0,17.0,17.0,40.0,0.0,30.0,3.0,10.0,20.0,20.0,15.0,10.0,15.0,15.0,0.0,43.0,11.0,24.0,3.0,30.0,10.0
7703,G80_25T,C,453.0,675.0,c1,d1,10.0,25.0,11.0,30.0,10.0,12.0,22.0,0.0,30.0,3.0,10.0,20.0,8.0,15.0,10.0,15.0,15.0,0.0,64.0,68.0,22.0,16.0,17.0,20.0
7704,G80_25T,D,369.0,675.0,c1,d1,10.0,23.0,15.0,30.0,5.0,9.0,0.0,0.0,30.0,3.0,10.0,0.0,4.0,15.0,10.0,15.0,15.0,0.0,66.0,92.0,7.0,0.0,0.0,10.0
7705,G80_25T,D,237.0,675.0,c1,d1,10.0,3.0,11.0,0.0,20.0,3.0,40.0,0.0,30.0,3.0,10.0,20.0,20.0,15.0,10.0,15.0,15.0,10.0,24.0,0.0,26.0,11.0,11.0,20.0
7706,G80_25T,D,240.0,675.0,c1,d1,10.0,3.0,15.0,0.0,10.0,11.0,22.0,0.0,30.0,3.0,10.0,20.0,8.0,15.0,10.0,0.0,15.0,10.0,28.0,22.0,52.0,8.0,8.0,20.0
7707,G80_25T,D,402.0,675.0,c1,d1,10.0,25.0,11.0,30.0,14.0,11.0,0.0,0.0,30.0,3.0,10.0,6.0,4.0,15.0,10.0,15.0,15.0,0.0,61.0,64.0,32.0,8.0,8.0,20.0
7708,G80_25T,D,340.0,675.0,c1,d1,10.0,25.0,11.0,30.0,8.0,3.0,22.0,0.0,30.0,3.0,10.0,20.0,16.0,15.0,10.0,15.0,15.0,0.0,12.0,0.0,61.0,2.0,2.0,20.0
7709,G80_25T,D,176.0,675.0,c1,d1,10.0,0.0,0.0,0.0,5.0,11.0,0.0,0.0,0.0,0.0,0.0,0.0,0.0,0.0,7.0,15.0,15.0,0.0,54.0,50.0,31.0,4.0,4.0,20.0
7710,G80_25T,C,474.0,675.0,c1,d1,10.0,25.0,11.0,30.0,17.0,16.0,22.0,0.0,30.0,3.0,10.0,20.0,16.0,15.0,10.0,15.0,15.0,0.0,40.0,30.0,70.0,20.0,29.0,20.0
7711,G80_25T,D,184.0,675.0,c1,d1,10.0,0.0,0.0,0.0,14.0,11.0,0.0,0.0,0.0,0.0,0.0,0.0,0.0,0.0,10.0,15.0,15.0,10.0,55.0,26.0,42.0,3.0,3.0,20.0
7713,G80_25T,D,262.0,675.0,c1,d1,10.0,3.0,11.0,0.0,5.0,3.0,10.0,0.0,30.0,3.0,10.0,0.0,12.0,15.0,10.0,15.0,15.0,10.0,70.0,83.0,15.0,1.0,1.0,20.0
7717,G80_25T,D,256.0,675.0,c1,d1,10.0,3.0,15.0,0.0,4.0,11.0,10.0,0.0,30.0,3.0,10.0,12.0,8.0,15.0,10.0,0.0,15.0,0.0,80.0,100.0,0.0,0.0,0.0,10.0
7718,G80_25T,D,257.0,675.0,c1,d1,10.0,3.0,11.0,0.0,5.0,5.0,0.0,0.0,30.0,3.0,10.0,0.0,0.0,15.0,7.0,15.0,15.0,0.0,58.0,70.0,32.0,18.0,20.0,20.0
7719,G80_25T,D,257.0,675.0,c1,d1,10.0,3.0,11.0,0.0,10.0,11.0,22.0,0.0,30.0,3.0,10.0,20.0,8.0,15.0,10.0,15.0,15.0,0.0,64.0,75.0,5.0,0.0,0.0,10.0
7720,G80_25T,E,345.0,675.0,c1,d1,0.0,20.0,15.0,0.0,8.0,17.0,40.0,0.0,0.0,0.0,0.0,0.0,20.0,15.0,10.0,15.0,15.0,10.0,80.0,0.0,70.0,20.0,30.0,10.0
7721,G80_25T,D,241.0,675.0,c1,d1,10.0,0.0,0.0,0.0,13.0,11.0,0.0,0.0,0.0,0.0,0.0,0.0,0.0,0.0,7.0,15.0,15.0,0.0,66.0,48.0,59.0,13.0,14.0,20.0
7725,G80_25T,D,262.0,675.0,c1,d1,10.0,3.0,3.0,0.0,11.0,5.0,40.0,0.0,30.0,3.0,10.0,20.0,20.0,15.0,10.0,15.0,15.0,10.0,24.0,15.0,47.0,17.0,19.0,10.0
7737,GV60,D,180.0,675.0,c1,d1,10.0,0.0,0.0,0.0,4.0,2.0,0.0,0.0,0.0,0.0,0.0,0.0,0.0,0.0,10.0,15.0,15.0,0.0,51.0,36.0,33.0,14.0,30.0,10.0
7749,MODEL_Y,C,470.0,675.0,c1,d1,10.0,25.0,15.0,30.0,0.0,5.0,40.0,0.0,30.0,3.0,10.0,20.0,20.0,15.0,10.0,0.0,15.0,10.0,54.0,47.0,54.0,17.0,30.0,10.0
7750,MODEL_Y,C,458.0,675.0,c1,d1,10.0,25.0,11.0,30.0,0.0,23.0,40.0,0.0,30.0,3.0,10.0,20.0,20.0,15.0,10.0,0.0,15.0,10.0,70.0,15.0,60.0,1.0,30.0,10.0
7751,MODEL_Y,D,180.0,675.0,c1,d1,10.0,0.0,0.0,0.0,0.0,22.0,0.0,0.0,0.0,0.0,0.0,0.0,0.0,0.0,10.0,0.0,15.0,10.0,57.0,45.0,21.0,0.0,30.0,10.0
7752,MODEL_Y,D,171.0,675.0,c1,d1,10.0,0.0,0.0,0.0,0.0,3.0,0.0,0.0,0.0,0.0,0.0,0.0,0.0,0.0,10.0,0.0,15.0,10.0,12.0,37.0,64.0,20.0,30.0,10.0
7753,MODEL_Y,D,162.0,675.0,c1,d1,0.0,3.0,11.0,0.0,0.0,20.0,40.0,0.0,0.0,0.0,0.0,0.0,20.0,15.0,10.0,0.0,15.0,10.0,19.0,0.0,49.0,0.0,30.0,10.0
7754,MODEL_Y,C,430.0,675.0,c1,d1,10.0,25.0,11.0,30.0,0.0,3.0,40.0,0.0,30.0,3.0,10.0,20.0,20.0,15.0,10.0,0.0,15.0,10.0,68.0,70.0,0.0,0.0,30.0,10.0
7755,SPORTAGE_LPI,D,166.0,675.0,c1,d1,10.0,0.0,0.0,0.0,8.0,6.0,0.0,0.0,0.0,0.0,0.0,0.0,0.0,0.0,10.0,0.0,15.0,0.0,38.0,100.0,0.0,0.0,9.0,20.0
7757,SPORTAGE_LPI,D,401.0,675.0,c1,d1,10.0,25.0,15.0,30.0,18.0,14.0,40.0,0.0,30.0,3.0,10.0,20.0,20.0,15.0,10.0,0.0,15.0,10.0,0.0,50.0,32.0,0.0,14.0,20.0
7764,SPORTAGE_LPI,D,163.0,675.0,c1,d1,10.0,0.0,0.0,0.0,19.0,9.0,0.0,0.0,0.0,0.0,0.0,0.0,0.0,0.0,10.0,0.0,15.0,10.0,0.0,69.0,37.0,0.0,14.0,20.0
7765,SPORTAGE_LPI,D,360.0,675.0,c1,d1,10.0,24.0,15.0,30.0,16.0,15.0,22.0,0.0,30.0,3.0,10.0,20.0,12.0,15.0,7.0,0.0,15.0,0.0,0.0,33.0,52.0,0.0,21.0,10.0
